{
  "type": "workflow_collections",
  "data": [
    {
      "@context": "/api/3/contexts/WorkflowCollection",
      "@type": "WorkflowCollection",
      "name": "00-Demo",
      "description": "Demo Playbooks",
      "visible": true,
      "image": null,
      "id": 42,
      "createDate": 1585560973,
      "modifyDate": 1585560973,
      "recordTags": [
        "/api/3/tags/demo"
      ],
      "workflows": [
        {
          "@type": "Workflow",
          "triggerLimit": null,
          "name": "Auto - Investigate C2 Malware Indicator-Draft",
          "aliasName": null,
          "description": "Investigate observed connection to C2",
          "collection": "/api/3/workflow_collections/7929cea2-fda1-4cbc-a669-3dfbbc7555cb",
          "tag": "VirusTotal",
          "isActive": true,
          "singleRecordExecution": false,
          "remoteExecutableFlag": false,
          "parameters": [],
          "synchronous": false,
          "triggerStep": "/api/3/workflow_steps/62e4d7b8-5b4d-45e1-88eb-d1dd456e7f1e",
          "steps": [
            {
              "@type": "WorkflowStep",
              "name": "Is Malicious",
              "description": "Is Malicious",
              "arguments": {
                "conditions": [
                  {
                    "option": "yes",
                    "step_iri": "/api/3/workflow_steps/46188e7c-8966-4b11-b928-ec5121cd2fd1",
                    "condition": "{{ vars.reputation == 'Malicious' }}"
                  },
                  {
                    "option": "no",
                    "default": true,
                    "step_iri": "/api/3/workflow_steps/57542fe5-77ad-46f7-91c0-bb1a8d6e3dab"
                  }
                ]
              },
              "status": null,
              "left": "680",
              "top": "80",
              "stepType": "/api/3/workflow_step_types/12254cf5-5db7-4b1a-8cb1-3af081924b28",
              "uuid": "4ccda02c-f851-4010-a55d-c7af0641213c"
            },
            {
              "@type": "WorkflowStep",
              "name": "Escalate Alert",
              "description": null,
              "arguments": {
                "resource": {
                  "assets": "{{vars.steps.Create_Asset['@id']}}",
                  "severity": {
                    "id": 61,
                    "@id": "/api/3/picklists/7efa2220-39bb-44e4-961f-ac368776e3b0",
                    "icon": null,
                    "@type": "Picklist",
                    "color": "#e31b1d",
                    "display": "Critical",
                    "listName": "/api/3/picklist_names/4e80cba3-032f-48b4-ac03-17e3ec247aac",
                    "itemValue": "Critical",
                    "orderIndex": 4
                  },
                  "indicators": "{{vars.steps.Create_Indicator['@id']}}",
                  "description": "<p>{{vars.detination_ip}}&nbsp;is found to be malicious by VirusToal.com</p>",
                  "killchainphase": {
                    "id": 8540,
                    "@id": "/api/3/picklists/8153c438-9fe4-4eef-b3af-752e26f665ab",
                    "icon": null,
                    "@type": "Picklist",
                    "color": null,
                    "display": "Command & Control",
                    "listName": "/api/3/picklist_names/c7e9666b-e5e0-4e4f-8f5a-7163323c8222",
                    "itemValue": "Command & Control",
                    "orderIndex": 6
                  },
                  "escalatedtoincident": {
                    "id": 6807,
                    "@id": "/api/3/picklists/fa12313b-66af-4a2e-864e-a5f19241b734",
                    "icon": null,
                    "@type": "Picklist",
                    "color": "#bf0a0a",
                    "display": "Yes",
                    "listName": "/api/3/picklist_names/e131cc54-9ae4-43c9-b830-af6e331fe024",
                    "itemValue": "Yes",
                    "orderIndex": 0
                  }
                },
                "_showJson": false,
                "operation": "Overwrite",
                "collection": "{{vars.alertiri}}",
                "collectionType": "/api/3/alerts",
                "fieldOperation": [],
                "step_variables": []
              },
              "status": null,
              "left": "1040",
              "top": "180",
              "stepType": "/api/3/workflow_step_types/b593663d-7d13-40ce-a3a3-96dece928722",
              "uuid": "6207df22-daad-42f3-8dbf-eb765725d829"
            },
            {
              "@type": "WorkflowStep",
              "name": "Create Indicator",
              "description": null,
              "arguments": {
                "resource": {
                  "value": "{{vars.detination_ip}}",
                  "alerts": "{{vars.alertiri}}",
                  "assets": "{{vars.steps.Create_Asset['@id']}}",
                  "__replace": "",
                  "reputation": {
                    "id": 6433,
                    "@id": "/api/3/picklists/7074e547-7785-4979-be32-c6d0c863e4bd",
                    "icon": null,
                    "@type": "Picklist",
                    "color": "#c42323",
                    "display": "Malicious",
                    "listName": "/api/3/picklist_names/e75ed3c3-9f23-4a43-832b-0daf236209ba",
                    "itemValue": "Malicious",
                    "orderIndex": 1
                  },
                  "description": "<p>{{vars.enrichment_summary}}</p>",
                  "typeofindicator": {
                    "id": 433,
                    "@id": "/api/3/picklists/c0beeda4-2c7a-4214-b7e5-53ba1649539c",
                    "icon": null,
                    "@type": "Picklist",
                    "color": null,
                    "display": "IP Address",
                    "listName": "/api/3/picklist_names/50ee5bfa-e18f-49ba-8af9-dcca25b0f9c0",
                    "itemValue": "IP Address",
                    "orderIndex": 7
                  }
                },
                "_showJson": false,
                "operation": "Overwrite",
                "collection": "/api/3/indicators",
                "ignore_errors": true,
                "fieldOperation": {
                  "recordTags": "Overwrite"
                },
                "step_variables": []
              },
              "status": null,
              "left": "680",
              "top": "180",
              "stepType": "/api/3/workflow_step_types/2597053c-e718-44b4-8394-4d40fe26d357",
              "uuid": "46188e7c-8966-4b11-b928-ec5121cd2fd1"
            },
            {
              "@type": "WorkflowStep",
              "name": "Set Variables",
              "description": null,
              "arguments": {
                "alertiri": "{{vars.input.records[0]['@id']}}",
                "source_ip": "{{vars.input.records[0].sourceIP}}",
                "alert_name": "{{vars.input.records[0].name}}",
                "detination_ip": "{{vars.input.records[0].destinationIP}}"
              },
              "status": null,
              "left": "20",
              "top": "120",
              "stepType": "/api/3/workflow_step_types/04d0cf46-b6a8-42c4-8683-60a7eaa69e8f",
              "uuid": "d8dcb9ec-212c-4a2d-80c3-ca013f67ca8c"
            },
            {
              "@type": "WorkflowStep",
              "name": "Find Existing Indicators",
              "description": null,
              "arguments": {
                "query": {
                  "sort": [],
                  "limit": 30,
                  "logic": "AND",
                  "filters": [
                    {
                      "type": "primitive",
                      "field": "value",
                      "value": "{{vars.detination_ip}}",
                      "operator": "eq",
                      "_operator": "eq"
                    }
                  ]
                },
                "module": "indicators?$limit=30",
                "step_variables": {
                  "resultRecordscount": "{{vars.result | length}}"
                }
              },
              "status": null,
              "left": "340",
              "top": "407",
              "stepType": "/api/3/workflow_step_types/b593663d-7d13-40ce-a3a3-96dece928770",
              "uuid": "487b5729-1d55-482b-9833-b68e2f03f93d"
            },
            {
              "@type": "WorkflowStep",
              "name": "Existing Indicator",
              "description": null,
              "arguments": {
                "conditions": [
                  {
                    "option": "Yes",
                    "step_iri": "/api/3/workflow_steps/7dded9c9-dcf1-4950-995d-b874665b6697",
                    "condition": "{{ vars.resultRecordscount >= 1 }}"
                  },
                  {
                    "option": "No",
                    "default": true,
                    "step_iri": "/api/3/workflow_steps/de4f11e3-924f-4a05-b3b9-115f408a517a"
                  }
                ]
              },
              "status": null,
              "left": "340",
              "top": "293",
              "stepType": "/api/3/workflow_step_types/12254cf5-5db7-4b1a-8cb1-3af081924b28",
              "uuid": "2282f7a2-9acd-4852-b420-dfcaf16e23e1"
            },
            {
              "@type": "WorkflowStep",
              "name": "Create Incident",
              "description": null,
              "arguments": {
                "resource": {
                  "name": "{{vars.steps.Escalate_Alert.name}}-{{vars.detination_ip}}",
                  "phase": {
                    "id": 147,
                    "@id": "/api/3/picklists/bb7407e0-f699-11e7-8c3f-9a214cf093ae",
                    "icon": null,
                    "@type": "Picklist",
                    "color": null,
                    "display": "Containment",
                    "listName": "/api/3/picklist_names/b862eb1f-b385-40ca-baa7-5a1b1f91a651",
                    "itemValue": "Containment",
                    "orderIndex": 3
                  },
                  "alerts": "{{vars.alertiri}}",
                  "assets": "{{vars.steps.Create_Asset['@id']}}",
                  "source": "{{vars.steps.Escalate_Alert.source}}",
                  "status": {
                    "id": 7210,
                    "@id": "/api/3/picklists/bb7402d6-f699-11e7-8c3f-9a214cf093ae",
                    "icon": null,
                    "@type": "Picklist",
                    "color": null,
                    "display": "In Progress",
                    "listName": "/api/3/picklist_names/a549e41c-31ca-406d-89ae-eab3de5c06c4",
                    "itemValue": "In Progress",
                    "orderIndex": 1
                  },
                  "category": {
                    "id": 6795,
                    "@id": "/api/3/picklists/703218fc-f69a-11e7-8c3f-9a214cf093ae",
                    "icon": null,
                    "@type": "Picklist",
                    "color": null,
                    "display": "Malware",
                    "listName": "/api/3/picklist_names/f3938848-6220-4b27-af2d-a5329cf63656",
                    "itemValue": "Malware",
                    "orderIndex": 8
                  },
                  "severity": {
                    "id": 61,
                    "@id": "/api/3/picklists/7efa2220-39bb-44e4-961f-ac368776e3b0",
                    "icon": null,
                    "@type": "Picklist",
                    "color": "#e31b1d",
                    "display": "Critical",
                    "listName": "/api/3/picklist_names/4e80cba3-032f-48b4-ac03-17e3ec247aac",
                    "itemValue": "Critical",
                    "orderIndex": 4
                  },
                  "sourceIP": "{{vars.source_ip}}",
                  "__replace": "",
                  "indicators": "{{vars.steps.Create_Indicator['@id']}}",
                  "sourcedata": "{{vars.steps.Escalate_Alert.sourcedata}}",
                  "description": "<p><strong>Connection to a malicious IP:</strong></p>\n<p>{{vars.enrichment_summary}}</p>",
                  "incidentLead": "/api/3/people/3451141c-bac6-467c-8d72-85e0fab569ce",
                  "destinationIP": "{{vars.detination_ip}}",
                  "incidentsummary": "<p>Asset {{vars.source_ip}} opened a connection to a malicious C&amp;C IP: {{vars.detination_ip}}</p>"
                },
                "_showJson": false,
                "operation": "Overwrite",
                "collection": "/api/3/incidents",
                "fieldOperation": {
                  "recordTags": "Overwrite"
                },
                "step_variables": {
                  "relatedIncidents": "{{vars.result['@id']}}"
                }
              },
              "status": null,
              "left": "1246",
              "top": "388",
              "stepType": "/api/3/workflow_step_types/2597053c-e718-44b4-8394-4d40fe26d357",
              "uuid": "0fbe5e2c-da99-4720-9ea4-6923582cfe2f"
            },
            {
              "@type": "WorkflowStep",
              "name": "Check CTIs",
              "description": null,
              "arguments": {
                "arguments": {
                  "indicator_value": "{{vars.detination_ip}}"
                },
                "apply_async": false,
                "step_variables": [],
                "workflowReference": "/api/3/workflows/c4ff26d3-3b9e-4531-b77d-e6793e2528d7"
              },
              "status": null,
              "left": "340",
              "top": "180",
              "stepType": "/api/3/workflow_step_types/74932bdc-b8b6-4d24-88c4-1a4dfbc524f3",
              "uuid": "de4f11e3-924f-4a05-b3b9-115f408a517a"
            },
            {
              "@type": "WorkflowStep",
              "name": "get reputation",
              "description": null,
              "arguments": {
                "reputation": "{{vars.steps.Check_CTIs.reputation}}",
                "reputation_iri": "{{vars.steps.Check_CTIs.reputation_iri}}",
                "enrichment_summary": "{{vars.steps.Check_CTIs.enrichment_summary}}"
              },
              "status": null,
              "left": "340",
              "top": "80",
              "stepType": "/api/3/workflow_step_types/04d0cf46-b6a8-42c4-8683-60a7eaa69e8f",
              "uuid": "4d289c03-5879-42d5-ae0c-4481477ed577"
            },
            {
              "@type": "WorkflowStep",
              "name": "Get Related Alerts",
              "description": null,
              "arguments": {
                "alertdata": "{{ (vars.steps.Find_Existing_Indicators[0]['@id'] + \"?$relationships=true\") | fromIRI }}"
              },
              "status": null,
              "left": "680",
              "top": "293",
              "stepType": "/api/3/workflow_step_types/04d0cf46-b6a8-42c4-8683-60a7eaa69e8f",
              "uuid": "7dded9c9-dcf1-4950-995d-b874665b6697"
            },
            {
              "@type": "WorkflowStep",
              "name": "Get Escalated Incident",
              "description": null,
              "arguments": {
                "indicator_iri": "{{vars.alertdata['@id']}}",
                "relatedAlerts": "{{vars.alertdata.alerts | json_query('[].[\\\"@id\\\"]')}}",
                "relatedIncidents": "{{vars.alertdata.incidents[0]['@id']}}"
              },
              "status": null,
              "left": "860",
              "top": "389",
              "stepType": "/api/3/workflow_step_types/04d0cf46-b6a8-42c4-8683-60a7eaa69e8f",
              "uuid": "5b7ad7cd-065f-46d9-b1b9-90ed66cdcd87"
            },
            {
              "@type": "WorkflowStep",
              "name": "Update Alert Correlation",
              "description": null,
              "arguments": {
                "resource": {
                  "alerts": "{{vars.relatedAlerts[0][0]}}",
                  "assets": "{{vars.steps.Create_Asset['@id']}}",
                  "severity": {
                    "id": 61,
                    "@id": "/api/3/picklists/7efa2220-39bb-44e4-961f-ac368776e3b0",
                    "icon": null,
                    "@type": "Picklist",
                    "color": "#e31b1d",
                    "display": "Critical",
                    "listName": "/api/3/picklist_names/4e80cba3-032f-48b4-ac03-17e3ec247aac",
                    "itemValue": "Critical",
                    "orderIndex": 4
                  },
                  "incidents": "{{vars.relatedIncidents}}",
                  "indicators": "{{vars.indicator_iri}}",
                  "escalationreason": "<p>Found previous infections at&nbsp;{{vars.alertdata.alerts | json_query('[].[\\\"@id\\\"]')}}</p>",
                  "escalatedtoincident": {
                    "id": 6807,
                    "@id": "/api/3/picklists/fa12313b-66af-4a2e-864e-a5f19241b734",
                    "icon": null,
                    "@type": "Picklist",
                    "color": "#bf0a0a",
                    "display": "Yes",
                    "listName": "/api/3/picklist_names/e131cc54-9ae4-43c9-b830-af6e331fe024",
                    "itemValue": "Yes",
                    "orderIndex": 0
                  }
                },
                "_showJson": false,
                "operation": "Overwrite",
                "collection": "{{vars.alertiri}}",
                "collectionType": "/api/3/alerts",
                "fieldOperation": {
                  "recordTags": "Overwrite"
                },
                "step_variables": []
              },
              "status": null,
              "left": "860",
              "top": "528",
              "stepType": "/api/3/workflow_step_types/b593663d-7d13-40ce-a3a3-96dece928722",
              "uuid": "f9797f97-4122-4930-8e85-bb60fcc36fae"
            },
            {
              "@type": "WorkflowStep",
              "name": "Close Alert",
              "description": null,
              "arguments": {
                "resource": {
                  "status": {
                    "id": 6802,
                    "@id": "/api/3/picklists/fac53e73-8d16-4189-98d5-95fbd1555232",
                    "icon": null,
                    "@type": "Picklist",
                    "color": null,
                    "display": "Closed",
                    "listName": "/api/3/picklist_names/33e964a9-d607-49f2-813c-7ce46141815a",
                    "itemValue": "Closed",
                    "orderIndex": 4
                  },
                  "severity": {
                    "id": 57,
                    "@id": "/api/3/picklists/0d609b08-45e0-469f-8910-41145c0b7c03",
                    "icon": null,
                    "@type": "Picklist",
                    "color": "#157DD9",
                    "display": "Minimal",
                    "listName": "/api/3/picklist_names/4e80cba3-032f-48b4-ac03-17e3ec247aac",
                    "itemValue": "Minimal",
                    "orderIndex": 0
                  },
                  "closurereason": "<p>Alert is deemed False Positive, CTI score is low</p>\n<p>{{vars.enrichment_summary}}</p>"
                },
                "_showJson": false,
                "operation": "Overwrite",
                "collection": "{{vars.alertiri}}",
                "collectionType": "/api/3/alerts",
                "fieldOperation": {
                  "recordTags": "Overwrite"
                },
                "step_variables": []
              },
              "status": null,
              "left": "1040",
              "top": "80",
              "stepType": "/api/3/workflow_step_types/b593663d-7d13-40ce-a3a3-96dece928722",
              "uuid": "57542fe5-77ad-46f7-91c0-bb1a8d6e3dab"
            },
            {
              "@type": "WorkflowStep",
              "name": "Match Local IP",
              "description": null,
              "arguments": {
                "params": {
                  "cidr": "['10.0.0.0/8','172.16.0.0/12','192.168.0.0/16']",
                  "ip_address": "{{vars.source_ip}}"
                },
                "version": "3.0.0",
                "connector": "cyops_utilities",
                "operation": "ip_cidr_check",
                "operationTitle": "Utils: Is IP in CIDR",
                "step_variables": []
              },
              "status": null,
              "left": "20",
              "top": "232",
              "stepType": "/api/3/workflow_step_types/0109f35d-090b-4a2b-bd8a-94cbc3508562",
              "uuid": "ea830544-120c-447d-9671-328460075d49"
            },
            {
              "@type": "WorkflowStep",
              "name": "Is it a Local IP",
              "description": null,
              "arguments": {
                "conditions": [
                  {
                    "option": "yes",
                    "step_iri": "/api/3/workflow_steps/78472a28-aa1e-4a00-ac9c-c87e1287c8f7",
                    "condition": "{{ vars.steps.Match_Local_IP.data['matched_cidr_ip'] | length > 0 }}"
                  },
                  {
                    "option": "no",
                    "default": true,
                    "step_iri": "/api/3/workflow_steps/487b5729-1d55-482b-9833-b68e2f03f93d"
                  }
                ]
              },
              "status": null,
              "left": "20",
              "top": "348",
              "stepType": "/api/3/workflow_step_types/12254cf5-5db7-4b1a-8cb1-3af081924b28",
              "uuid": "f4bacdb7-56e5-4855-96ca-bbe98183bb7d"
            },
            {
              "@type": "WorkflowStep",
              "name": "Create Asset",
              "description": null,
              "arguments": {
                "resource": {
                  "ip": "{{vars.source_ip}}",
                  "alerts": "{{vars.alertiri}}",
                  "status": {
                    "id": 86,
                    "@id": "/api/3/picklists/421c20cd-e63d-4e32-9a25-774b2155cd24",
                    "icon": null,
                    "@type": "Picklist",
                    "color": null,
                    "display": "Active",
                    "listName": "/api/3/picklist_names/3c57ea34-4866-4c8f-ba74-dc51806727a9",
                    "itemValue": "Active",
                    "orderIndex": 0
                  },
                  "__replace": "false",
                  "criticality": {
                    "id": 188,
                    "@id": "/api/3/picklists/f734dfbb-fd61-425e-8a14-ebd560289fac",
                    "icon": null,
                    "@type": "Picklist",
                    "color": "#DE7A13",
                    "display": "High",
                    "listName": "/api/3/picklist_names/f8d09b4a-9e91-4096-bbdd-06a9f96ef57e",
                    "itemValue": "High",
                    "orderIndex": 3
                  }
                },
                "_showJson": false,
                "operation": "Overwrite",
                "collection": "/api/3/upsert/assets",
                "ignore_errors": true,
                "fieldOperation": {
                  "recordTags": "Overwrite"
                },
                "step_variables": []
              },
              "status": null,
              "left": "20",
              "top": "468",
              "stepType": "/api/3/workflow_step_types/2597053c-e718-44b4-8394-4d40fe26d357",
              "uuid": "78472a28-aa1e-4a00-ac9c-c87e1287c8f7"
            },
            {
              "@type": "WorkflowStep",
              "name": "Start",
              "description": null,
              "arguments": {
                "route": "8fd6a08b-9c8a-4bdb-831e-1451f32bbb73",
                "resources": [
                  "alerts"
                ],
                "inputVariables": [],
                "step_variables": {
                  "input": {
                    "records": "{{vars.input.records}}"
                  }
                },
                "displayConditions": {
                  "alerts": {
                    "sort": [],
                    "limit": 30,
                    "logic": "AND",
                    "filters": []
                  }
                },
                "executeButtonText": "Execute",
                "noRecordExecution": false,
                "singleRecordExecution": true
              },
              "status": null,
              "left": "20",
              "top": "10",
              "stepType": "/api/3/workflow_step_types/f414d039-bb0d-4e59-9c39-a8f1e880b18a",
              "uuid": "62e4d7b8-5b4d-45e1-88eb-d1dd456e7f1e"
            },
            {
              "@type": "WorkflowStep",
              "name": "Add Manual Remediation Task",
              "description": null,
              "arguments": {
                "resource": {
                  "name": "Remediate Infected Host {{vars.steps.Create_Asset.ip}}",
                  "type": {
                    "id": 132,
                    "@id": "/api/3/picklists/826ad76d-e418-4928-9bc9-ea552ebcc5f9",
                    "icon": null,
                    "@type": "Picklist",
                    "color": null,
                    "display": "Incident Response",
                    "listName": "/api/3/picklist_names/b837e375-76af-4ba5-b6a1-bd1c3cd27292",
                    "itemValue": "Incident Response",
                    "orderIndex": 6
                  },
                  "alerts": "{{vars.alertiri}}",
                  "assets": "{{vars.steps.Create_Asset['@id']}}",
                  "status": {
                    "id": 16,
                    "@id": "/api/3/picklists/ab65eb0f-e7a7-4993-8474-da5c8b52f380",
                    "icon": null,
                    "@type": "Picklist",
                    "color": null,
                    "display": "Assigned",
                    "listName": "/api/3/picklist_names/21ddbcfd-b4a3-4273-adea-c674fe47d643",
                    "itemValue": "Assigned",
                    "orderIndex": 0
                  },
                  "priority": {
                    "id": 144,
                    "@id": "/api/3/picklists/90088ebe-0a7d-4aa6-9c9c-93b937a4e4f8",
                    "icon": null,
                    "@type": "Picklist",
                    "color": "#e36c29",
                    "display": "High",
                    "listName": "/api/3/picklist_names/bea9a490-50d1-4597-8ad9-24422e10676e",
                    "itemValue": "High",
                    "orderIndex": 2
                  },
                  "tasktype": "Remediate Infected Machine",
                  "__replace": "",
                  "incidents": "{{vars.relatedIncidents}}",
                  "startDate": "{{globalVars.Current_Date}}",
                  "description": "<p>Asset&nbsp;<strong>{{vars.steps.Create_Asset.ip}}&nbsp;</strong>is infected. Manually remediate it.</p>",
                  "assignedOnDate": "{{globalVars.Current_Date}}",
                  "assignedToPerson": "{{globalVars.Current_User}}"
                },
                "_showJson": false,
                "operation": "Overwrite",
                "collection": "/api/3/tasks",
                "fieldOperation": {
                  "recordTags": "Overwrite"
                },
                "step_variables": []
              },
              "status": null,
              "left": "1247",
              "top": "528",
              "stepType": "/api/3/workflow_step_types/2597053c-e718-44b4-8394-4d40fe26d357",
              "uuid": "0cffd8a4-9458-489d-8a1f-09dc4abba1e4"
            }
          ],
          "routes": [
            {
              "@type": "WorkflowRoute",
              "uuid": "d9ccb255-619d-4801-8383-1cb682cb3876",
              "name": "Find Existing Indicators -> Existing Indicator",
              "label": null,
              "isExecuted": false,
              "targetStep": "/api/3/workflow_steps/2282f7a2-9acd-4852-b420-dfcaf16e23e1",
              "sourceStep": "/api/3/workflow_steps/487b5729-1d55-482b-9833-b68e2f03f93d"
            },
            {
              "@type": "WorkflowRoute",
              "uuid": "b855621c-f156-4312-af29-bbd6193a78c9",
              "name": "Is it Malicious -> Create Indicator",
              "label": "yes",
              "isExecuted": false,
              "targetStep": "/api/3/workflow_steps/46188e7c-8966-4b11-b928-ec5121cd2fd1",
              "sourceStep": "/api/3/workflow_steps/4ccda02c-f851-4010-a55d-c7af0641213c"
            },
            {
              "@type": "WorkflowRoute",
              "uuid": "bbcf9ac1-6b25-42be-bc4c-a341cdd02c98",
              "name": "Create Indicator -> Escalate Alert",
              "label": null,
              "isExecuted": false,
              "targetStep": "/api/3/workflow_steps/6207df22-daad-42f3-8dbf-eb765725d829",
              "sourceStep": "/api/3/workflow_steps/46188e7c-8966-4b11-b928-ec5121cd2fd1"
            },
            {
              "@type": "WorkflowRoute",
              "uuid": "bd212507-e630-41ec-8777-6b282a174c51",
              "name": "Escalate Alert -> Create Incident",
              "label": null,
              "isExecuted": false,
              "targetStep": "/api/3/workflow_steps/0fbe5e2c-da99-4720-9ea4-6923582cfe2f",
              "sourceStep": "/api/3/workflow_steps/6207df22-daad-42f3-8dbf-eb765725d829"
            },
            {
              "@type": "WorkflowRoute",
              "uuid": "04b5dffb-8e0c-40ed-a612-d6057307d352",
              "name": "Existing Indicator -> Check CTIs",
              "label": "No",
              "isExecuted": false,
              "targetStep": "/api/3/workflow_steps/de4f11e3-924f-4a05-b3b9-115f408a517a",
              "sourceStep": "/api/3/workflow_steps/2282f7a2-9acd-4852-b420-dfcaf16e23e1"
            },
            {
              "@type": "WorkflowRoute",
              "uuid": "68e2aa63-bdfe-456e-89b0-c5484d1f6780",
              "name": "Check CTIs -> get reputation",
              "label": null,
              "isExecuted": false,
              "targetStep": "/api/3/workflow_steps/4d289c03-5879-42d5-ae0c-4481477ed577",
              "sourceStep": "/api/3/workflow_steps/de4f11e3-924f-4a05-b3b9-115f408a517a"
            },
            {
              "@type": "WorkflowRoute",
              "uuid": "7c2d9d76-529c-43df-9e18-bd869fd7ee89",
              "name": "get reputation -> Is Malicious",
              "label": null,
              "isExecuted": false,
              "targetStep": "/api/3/workflow_steps/4ccda02c-f851-4010-a55d-c7af0641213c",
              "sourceStep": "/api/3/workflow_steps/4d289c03-5879-42d5-ae0c-4481477ed577"
            },
            {
              "@type": "WorkflowRoute",
              "uuid": "04cdff8d-8fb8-4e43-84c0-baec61978c1f",
              "name": "Existing Indicator -> Get Related Alerts",
              "label": "Yes",
              "isExecuted": false,
              "targetStep": "/api/3/workflow_steps/7dded9c9-dcf1-4950-995d-b874665b6697",
              "sourceStep": "/api/3/workflow_steps/2282f7a2-9acd-4852-b420-dfcaf16e23e1"
            },
            {
              "@type": "WorkflowRoute",
              "uuid": "bcb880ad-b8f3-476e-b7fa-e29fc8440095",
              "name": "Get Related Alerts -> Get Escalated Incident",
              "label": null,
              "isExecuted": false,
              "targetStep": "/api/3/workflow_steps/5b7ad7cd-065f-46d9-b1b9-90ed66cdcd87",
              "sourceStep": "/api/3/workflow_steps/7dded9c9-dcf1-4950-995d-b874665b6697"
            },
            {
              "@type": "WorkflowRoute",
              "uuid": "81dfd0cb-193a-4253-9023-3e1017422c48",
              "name": "Get Escalated Incident -> Update Alert Correlation",
              "label": null,
              "isExecuted": false,
              "targetStep": "/api/3/workflow_steps/f9797f97-4122-4930-8e85-bb60fcc36fae",
              "sourceStep": "/api/3/workflow_steps/5b7ad7cd-065f-46d9-b1b9-90ed66cdcd87"
            },
            {
              "@type": "WorkflowRoute",
              "uuid": "18728454-ed39-414c-ad63-8533ea3dea8a",
              "name": "Is Malicious -> Close Alert",
              "label": "no",
              "isExecuted": false,
              "targetStep": "/api/3/workflow_steps/57542fe5-77ad-46f7-91c0-bb1a8d6e3dab",
              "sourceStep": "/api/3/workflow_steps/4ccda02c-f851-4010-a55d-c7af0641213c"
            },
            {
              "@type": "WorkflowRoute",
              "uuid": "e56682cb-70a9-4af9-8ade-2a3729d8b1db",
              "name": "Set Variables -> Is Local IP",
              "label": null,
              "isExecuted": false,
              "targetStep": "/api/3/workflow_steps/ea830544-120c-447d-9671-328460075d49",
              "sourceStep": "/api/3/workflow_steps/d8dcb9ec-212c-4a2d-80c3-ca013f67ca8c"
            },
            {
              "@type": "WorkflowRoute",
              "uuid": "3addc271-ada3-407c-b7f8-bf760744c609",
              "name": "Is Local IP -> Is it a Local IP",
              "label": null,
              "isExecuted": false,
              "targetStep": "/api/3/workflow_steps/f4bacdb7-56e5-4855-96ca-bbe98183bb7d",
              "sourceStep": "/api/3/workflow_steps/ea830544-120c-447d-9671-328460075d49"
            },
            {
              "@type": "WorkflowRoute",
              "uuid": "e182d40f-4f35-42a1-94f0-6b8434f6a43f",
              "name": "Is it a Local IP -> Create Asset",
              "label": "yes",
              "isExecuted": false,
              "targetStep": "/api/3/workflow_steps/78472a28-aa1e-4a00-ac9c-c87e1287c8f7",
              "sourceStep": "/api/3/workflow_steps/f4bacdb7-56e5-4855-96ca-bbe98183bb7d"
            },
            {
              "@type": "WorkflowRoute",
              "uuid": "6416b789-57ab-471d-b31e-9acdc11bb130",
              "name": "Is it a Local IP -> Find Existing Indicators",
              "label": "no",
              "isExecuted": false,
              "targetStep": "/api/3/workflow_steps/487b5729-1d55-482b-9833-b68e2f03f93d",
              "sourceStep": "/api/3/workflow_steps/f4bacdb7-56e5-4855-96ca-bbe98183bb7d"
            },
            {
              "@type": "WorkflowRoute",
              "uuid": "f30d8004-7fb7-4d8b-8384-b0ce76dfe6fe",
              "name": "Create Asset -> Find Existing Indicators",
              "label": null,
              "isExecuted": false,
              "targetStep": "/api/3/workflow_steps/487b5729-1d55-482b-9833-b68e2f03f93d",
              "sourceStep": "/api/3/workflow_steps/78472a28-aa1e-4a00-ac9c-c87e1287c8f7"
            },
            {
              "@type": "WorkflowRoute",
              "uuid": "95970efb-7188-493d-af6b-ea51210996fd",
              "name": "Start -> Set Variables",
              "label": null,
              "isExecuted": false,
              "targetStep": "/api/3/workflow_steps/d8dcb9ec-212c-4a2d-80c3-ca013f67ca8c",
              "sourceStep": "/api/3/workflow_steps/62e4d7b8-5b4d-45e1-88eb-d1dd456e7f1e"
            },
            {
              "@type": "WorkflowRoute",
              "uuid": "e5fd7c5f-6f46-479a-9ec2-22aa024332b1",
              "name": "Update Alert Correlation -> Add Manual Remediation Task",
              "label": null,
              "isExecuted": false,
              "targetStep": "/api/3/workflow_steps/0cffd8a4-9458-489d-8a1f-09dc4abba1e4",
              "sourceStep": "/api/3/workflow_steps/f9797f97-4122-4930-8e85-bb60fcc36fae"
            },
            {
              "@type": "WorkflowRoute",
              "uuid": "7b9ecf26-6d4b-4121-aece-fd10314ff4a8",
              "name": "Create Incident -> Add Manual Remediation Task",
              "label": null,
              "isExecuted": false,
              "targetStep": "/api/3/workflow_steps/0cffd8a4-9458-489d-8a1f-09dc4abba1e4",
              "sourceStep": "/api/3/workflow_steps/0fbe5e2c-da99-4720-9ea4-6923582cfe2f"
            }
          ],
          "versions": null,
          "lastModifyDate": 1585686046,
          "uuid": "c6010dca-d4c5-423e-bc43-2b4a68c5f0c0",
          "recordTags": [],
          "isPrivate": false,
          "owners": []
        },
        {
          "@type": "Workflow",
          "triggerLimit": null,
          "name": "Auto - Indicator (Type IP) > Get Reputation",
          "aliasName": null,
          "description": "Get Reputation of IP address",
          "collection": "/api/3/workflow_collections/7929cea2-fda1-4cbc-a669-3dfbbc7555cb",
          "tag": "#Subroutine",
          "isActive": true,
          "singleRecordExecution": false,
          "remoteExecutableFlag": false,
          "parameters": [
            "indicator_value"
          ],
          "synchronous": false,
          "triggerStep": "/api/3/workflow_steps/65fdaa76-40b1-4832-a649-5d9756fb760e",
          "steps": [
            {
              "@type": "WorkflowStep",
              "name": "Is Malicious",
              "description": null,
              "arguments": {
                "conditions": [
                  {
                    "option": "Malicious",
                    "step_iri": "/api/3/workflow_steps/885bc42c-d11f-4099-b924-2189687198a4",
                    "condition": "{{ vars.steps.Get_Reputation_from_VT.data.aggregate >= vars.VT_reputation_threshold or vars.steps.Get_Reputation_from_AlienVault_OTX.data.count >= vars.VT_reputation_threshold }}"
                  },
                  {
                    "option": "No Reputation",
                    "step_iri": "/api/3/workflow_steps/05d55e41-7b43-4527-9eb3-1be9532afee4",
                    "condition": "{{ vars.steps.Get_Reputation_from_VT.data.aggregate == 0 }}"
                  },
                  {
                    "option": "Safe",
                    "default": true,
                    "step_iri": "/api/3/workflow_steps/900c3265-275c-49d5-901b-94182bce21db"
                  }
                ]
              },
              "status": null,
              "left": "1648",
              "top": "547",
              "stepType": "/api/3/workflow_step_types/12254cf5-5db7-4b1a-8cb1-3af081924b28",
              "uuid": "c0d266ce-7d44-4627-9793-44627707a6f9"
            },
            {
              "@type": "WorkflowStep",
              "name": "Compute Anomali Summary",
              "description": null,
              "arguments": {
                "params": {
                  "value": "<p>{% if vars.foundAnomaliReputation %}</p>\n<div class=\"card-container-body\" style=\"width: 250px;\">\n<div class=\"card-number\"><a href=\"https://ui.threatstream.com/detail/hash/{{vars.indicator_value}}\" target=\"_blank\" rel=\"noopener noreferrer\"> <span class=\"card-count\">&nbsp;{{vars.steps.Get_Reputation_from_Anomali.data.objects[0].threatscore}}</span> </a>\n<div class=\"font-size-12\">Severity: {{vars.steps.Get_Reputation_from_Anomali.data.objects[0].meta.severity}}</div>\n<div class=\"font-size-14\"><strong>Anomali ThreatStream</strong></div>\n</div>\n</div>\n<p>{% endif %}</p>\n<p>&nbsp;</p>"
                },
                "version": "2.6.0",
                "connector": "cyops_utilities",
                "operation": "format_richtext",
                "operationTitle": "Utils: Format as RichText",
                "step_variables": []
              },
              "status": null,
              "left": "1268",
              "top": "540",
              "stepType": "/api/3/workflow_step_types/0109f35d-090b-4a2b-bd8a-94cbc3508562",
              "uuid": "d63207f0-62de-4138-925d-aa61f3a598a3"
            },
            {
              "@type": "WorkflowStep",
              "name": "Compute AV OTX Summary",
              "description": null,
              "arguments": {
                "params": {
                  "value": "<p>{% if vars.foundAVReutation %}<br /><span style=\"font-size: 11pt;\"><strong>AlienVault OTX&nbsp;Aggregate</strong></span></p>\n<table style=\"width: 700px; border-color: #ffffff;\" border=\"1\">\n<tbody>\n<tr>\n<td style=\"width: 40px;\">{{vars.steps.Get_Reputation_from_AlienVault_OTX.data.count}}</td>\n<td style=\"width: 660px;\">&nbsp;</td>\n</tr>\n</tbody>\n</table>\n<p>{% endif %}</p>"
                },
                "version": "3.0.0",
                "connector": "cyops_utilities",
                "operation": "format_richtext",
                "ignore_errors": true,
                "operationTitle": "Utils: Format as RichText",
                "step_variables": []
              },
              "status": null,
              "left": "1267",
              "top": "432",
              "stepType": "/api/3/workflow_step_types/0109f35d-090b-4a2b-bd8a-94cbc3508562",
              "uuid": "6db71f75-e99a-4fa2-92fd-d67e503071f4"
            },
            {
              "@type": "WorkflowStep",
              "name": "Compute Whois Summary",
              "description": null,
              "arguments": {
                "params": {
                  "value": "<p class=\"p1\">{% if vars.foundWhoIsReputation %}<br /><span style=\"font-size: 11pt;\"><strong>Whois Summary</strong></span></p>\n<table style=\"width: 700px;\" border=\"\\&quot;1\\&quot;\">\n<tbody>\n<tr>\n<td style=\"width: 100px;\"><strong>asn_country_code</strong></td>\n<td style=\"width: 600px;\">{{vars.steps.Whois_IP.data['asn_country_code']}}</td>\n</tr>\n<tr>\n<th style=\"width: 100px;\">entities</th>\n<td style=\"width: 600px;\">{% for value in vars.steps.Whois_IP.data.entities %} {{value}}<br />{%endfor%}</td>\n</tr>\n<tr>\n<th style=\"width: 100px;\">asn</th>\n<td style=\"width: 600px;\">{{vars.steps.Whois_IP.data.asn}}</td>\n</tr>\n<tr>\n<th style=\"width: 100px;\">asn_date</th>\n<td style=\"width: 600px;\">{{vars.steps.Whois_IP.data['asn_date']}}</td>\n</tr>\n<tr>\n<th style=\"width: 100px;\">asn_description</th>\n<td style=\"width: 600px;\">{{vars.steps.Whois_IP.data['asn_description']}}</td>\n</tr>\n<tr>\n<th style=\"width: 100px;\">asn_cidr</th>\n<td style=\"width: 600px;\">{{vars.steps.Whois_IP.data['asn_cidr']}}</td>\n</tr>\n<tr>\n<th style=\"width: 100px;\">objects</th>\n<td style=\"width: 600px;\">roles: {% for value in vars.steps.Whois_IP.data.objects[0].roles %} {{value}}&nbsp;<br />{%endfor%}</td>\n</tr>\n<tr>\n<th style=\"width: 150px;\">entities</th>\n<td style=\"width: 600px;\">{% for value in vars.steps.Whois_IP.data.entities %} {{value}} {%endfor%}</td>\n</tr>\n</tbody>\n</table>\n<p><br />{% endif %}</p>"
                },
                "version": "2.6.0",
                "connector": "cyops_utilities",
                "operation": "format_richtext",
                "operationTitle": "Utils: Format as RichText",
                "step_variables": []
              },
              "status": null,
              "left": "1267",
              "top": "780",
              "stepType": "/api/3/workflow_step_types/0109f35d-090b-4a2b-bd8a-94cbc3508562",
              "uuid": "8a37324f-dfc0-43cb-9a30-1aa9177757ee"
            },
            {
              "@type": "WorkflowStep",
              "name": "Compute VT Summary",
              "description": null,
              "arguments": {
                "params": {
                  "value": "<div class=\"card-container-body\" style=\"width: 200px;\">\n<div class=\"card-number\"><a href=\"https://www.virustotal.com/#/ip-address/{{vars.record.value}}\" target=\"_blank\" rel=\"noopener noreferrer\"> <span class=\"card-count\">{{vars.steps.Get_Reputation_from_VT.data.aggregate}}</span> </a>\n<div class=\"font-size-12 ng-binding\">Detected URLs: {{vars.steps.Get_Reputation_from_VT.data['detected_urls'] | length}}</div>\n<div class=\"font-size-14 ng-binding\"><strong>VirusTotal</strong></div>\n</div>\n</div>\n<p>&nbsp;</p>"
                },
                "version": "2.6.0",
                "connector": "cyops_utilities",
                "operation": "format_richtext",
                "operationTitle": "Utils: Format as RichText",
                "step_variables": []
              },
              "status": null,
              "left": "1268",
              "top": "340",
              "stepType": "/api/3/workflow_step_types/0109f35d-090b-4a2b-bd8a-94cbc3508562",
              "uuid": "de21dd3f-484d-47b3-a7a8-d4b89eac8c44"
            },
            {
              "@type": "WorkflowStep",
              "name": "Configuration",
              "description": null,
              "arguments": {
                "record": "{{vars.input.params['indicator_value']}}",
                "googleMapAPIkey": "AIzaSyDy4tlleelMlMRB-HuBbgxeBMrfUJQF2ZE",
                "foundIPMxReputation": "false",
                "foundAnomaliReputation": "false",
                "foundIpStackReputation": "false",
                "VT_reputation_threshold": "3"
              },
              "status": null,
              "left": "488",
              "top": "588",
              "stepType": "/api/3/workflow_step_types/04d0cf46-b6a8-42c4-8683-60a7eaa69e8f",
              "uuid": "7053c844-44e7-4ca2-a0f7-e65638cf5068"
            },
            {
              "@type": "WorkflowStep",
              "name": "Geo Locate IP",
              "description": null,
              "arguments": {
                "name": "IPStack",
                "config": "0022176c-57c0-4120-a8d2-ac03990bc318",
                "params": {
                  "query": "{{vars.record}}",
                  "fields": "",
                  "enable_hostname": false,
                  "enable_security": false
                },
                "version": "1.0.0",
                "connector": "ipstack",
                "operation": "ip_locate",
                "ignore_errors": true,
                "operationTitle": "Geolocate IP",
                "step_variables": {
                  "foundIpStackReputation": "{{ ( vars.result.data and (vars.result.data | length > 0) ) | ternary(true,false) }}"
                }
              },
              "status": null,
              "left": "967",
              "top": "660",
              "stepType": "/api/3/workflow_step_types/0bfed618-0316-11e7-93ae-92361f002671",
              "uuid": "8f2de4f6-0574-489d-a7f4-a3784a239540"
            },
            {
              "@type": "WorkflowStep",
              "name": "Get Reputation from VT",
              "description": null,
              "arguments": {
                "name": "VirusTotal",
                "config": "dd86c9ef-fae2-4f7a-8f85-b532db7dcfa5",
                "params": {
                  "ip": "{{vars.record}}"
                },
                "version": "1.0.1",
                "connector": "virustotal",
                "operation": "query_ip",
                "operationTitle": "Get IP Reputation",
                "step_variables": [],
                "operationOutput": {
                  "scans": [],
                  "total": "",
                  "scan_id": "",
                  "resource": "",
                  "aggregate": "",
                  "permalink": "",
                  "positives": "",
                  "scan_date": "",
                  "verbose_msg": ""
                }
              },
              "status": null,
              "left": "928",
              "top": "340",
              "stepType": "/api/3/workflow_step_types/0bfed618-0316-11e7-93ae-92361f002671",
              "uuid": "263f93ab-f89a-4c97-8d50-195bb5869497"
            },
            {
              "@type": "WorkflowStep",
              "name": "Get Reputation from AlienVault OTX",
              "description": null,
              "arguments": {
                "name": "AlienVault-OTX",
                "config": "3d96900a-f870-4ac6-94d0-00865dbaf86f",
                "params": {
                  "page": 1,
                  "limit": 5,
                  "user_text": "{{vars.record}}"
                },
                "version": "1.0.0",
                "connector": "alienvault-otx",
                "operation": "search_pulses",
                "ignore_errors": true,
                "operationTitle": "Search Pulses",
                "step_variables": {
                  "foundAVReutation": "{{ ( vars.result.data.results and vars.result.data.results | length > 0 ) | ternary(true,false) }}"
                }
              },
              "status": null,
              "left": "951",
              "top": "432",
              "stepType": "/api/3/workflow_step_types/0bfed618-0316-11e7-93ae-92361f002671",
              "uuid": "e5a7823f-b9c9-4874-adc0-a25d95ff65e2"
            },
            {
              "@type": "WorkflowStep",
              "name": "Compute IP Stack Summary",
              "description": null,
              "arguments": {
                "params": {
                  "value": "<p><span style=\"font-size: 11pt;\"><strong>{% if vars.foundIpStackReputation%}</strong></span></p>\n<p><span style=\"font-size: 11pt;\"><strong>Location&nbsp;Summary:</strong></span></p>\n<table style=\"width: 700px;\" border=\"1px\">\n<tbody>\n<tr style=\"height: 16px;\">\n<td style=\"border: 1px solid white; text-align: left; width: 100px; height: 16px;\"><span style=\"font-size: 10pt;\">Country</span></td>\n<td style=\"border: 1px solid white; text-align: left; width: 600px; height: 16px;\"><span style=\"font-size: 10pt;\">{{vars.steps.Geo_Locate_IP.data[0]['country_name']}}</span></td>\n</tr>\n<tr style=\"height: 16px;\">\n<td style=\"border: 1px solid white; text-align: left; width: 100px; height: 16px;\"><span style=\"font-size: 10pt;\">City</span></td>\n<td style=\"border: 1px solid white; text-align: left; width: 600px; height: 16px;\"><span style=\"font-size: 10pt;\">{{vars.steps.Geo_Locate_IP.data[0].city}}</span></td>\n</tr>\n<tr style=\"height: 16px;\">\n<td style=\"border: 1px solid white; text-align: left; width: 100px; height: 16.9034px;\"><span style=\"font-size: 10pt;\">Latitude</span></td>\n<td style=\"border: 1px solid white; text-align: left; width: 600px; height: 16.9034px;\"><span style=\"font-size: 10pt;\">{{vars.steps.Geo_Locate_IP.data[0].latitude}}</span></td>\n</tr>\n<tr style=\"height: 16px;\">\n<td style=\"border: 1px solid white; text-align: left; width: 100px; height: 16px;\"><span style=\"font-size: 10pt;\">Longitude</span></td>\n<td style=\"border: 1px solid white; text-align: left; width: 600px; height: 16.9034px;\"><span style=\"font-size: 11pt;\">{{vars.steps.Geo_Locate_IP.data[0].longitude}}</span></td>\n</tr>\n</tbody>\n</table>\n<p>&nbsp;</p>\n<p><span style=\"font-size: 11pt;\"><strong>Location Map:</strong></span></p>\n<p><span style=\"font-size: 11pt;\"><strong><img src=\"https://maps.googleapis.com/maps/api/staticmap?key={{vars.googleMapAPIkey}}&amp;center={{vars.steps.Geo_Locate_IP.data[0]['country_name']}}&amp;zoom=12&amp;format=png&amp;maptype=roadmap&amp;style=element:geometry%7Ccolor:0x242f3e&amp;style=element:labels.text.fill%7Ccolor:0x746855&amp;style=element:labels.text.stroke%7Ccolor:0x242f3e&amp;style=feature:administrative.locality%7Celement:labels.text.fill%7Ccolor:0xd59563&amp;style=feature:poi%7Celement:labels.text.fill%7Ccolor:0xd59563&amp;style=feature:poi.park%7Celement:geometry%7Ccolor:0x263c3f&amp;style=feature:poi.park%7Celement:labels.text.fill%7Ccolor:0x6b9a76&amp;style=feature:road%7Celement:geometry%7Ccolor:0x38414e&amp;style=feature:road%7Celement:geometry.stroke%7Ccolor:0x212a37&amp;style=feature:road%7Celement:labels.text.fill%7Ccolor:0x9ca5b3&amp;style=feature:road.highway%7Celement:geometry%7Ccolor:0x746855&amp;style=feature:road.highway%7Celement:geometry.stroke%7Ccolor:0x1f2835&amp;style=feature:road.highway%7Celement:labels.text.fill%7Ccolor:0xf3d19c&amp;style=feature:transit%7Celement:geometry%7Ccolor:0x2f3948&amp;style=feature:transit.station%7Celement:labels.text.fill%7Ccolor:0xd59563&amp;style=feature:water%7Celement:geometry%7Ccolor:0x17263c&amp;style=feature:water%7Celement:labels.text.fill%7Ccolor:0x515c6d&amp;style=feature:water%7Celement:labels.text.stroke%7Ccolor:0x17263c&amp;size=600x300&amp;markers=size:mid%7Ccolor:0xff0000%7Clabel:%7C{{vars.steps.Geo_Locate_IP.data[0]['country_name']}}\" alt=\"\" width=\"700\" height=\"350\" /></strong></span></p>\n<p><span style=\"font-size: 10pt;\"><strong>{% endif %}</strong></span></p>"
                },
                "version": "2.6.0",
                "connector": "cyops_utilities",
                "operation": "format_richtext",
                "operationTitle": "Utils: Format as RichText",
                "step_variables": []
              },
              "status": null,
              "left": "1269",
              "top": "660",
              "stepType": "/api/3/workflow_step_types/0109f35d-090b-4a2b-bd8a-94cbc3508562",
              "uuid": "c0ee1edf-7f49-4782-b778-2d26c6ca1ac7"
            },
            {
              "@type": "WorkflowStep",
              "name": "Get Reputation from Anomali",
              "description": null,
              "arguments": {
                "name": "Anomali ThreatStream",
                "config": "8827ae00-b86a-4ed4-aa2c-deae42b1d993",
                "params": {
                  "value": "{{vars.record}}",
                  "validation": false,
                  "filter_option": "Exact",
                  "record_number": "Fetch All Records"
                },
                "version": "2.0.0",
                "connector": "threatstream",
                "operation": "ip_reputation",
                "ignore_errors": true,
                "operationTitle": "Get IP Reputation",
                "step_variables": {
                  "foundAnomaliReputation": "{{ ( vars.result.data.objects and vars.result.data.objects | length > 0 ) | ternary(true,false) }}"
                }
              },
              "status": null,
              "left": "968",
              "top": "540",
              "stepType": "/api/3/workflow_step_types/0bfed618-0316-11e7-93ae-92361f002671",
              "uuid": "ff65991e-a8de-408d-a4b9-bd01d0f04ee4"
            },
            {
              "@type": "WorkflowStep",
              "name": "Whois IP",
              "description": null,
              "arguments": {
                "name": "Whois RDAP",
                "config": "5f97d024-1ef2-4b73-b639-a2ec235f490d",
                "params": {
                  "ip": "{{vars.record}}"
                },
                "version": "1.0.0",
                "connector": "whois-rdap",
                "operation": "whois_ip",
                "ignore_errors": true,
                "operationTitle": "Whois IP",
                "step_variables": {
                  "foundWhoIsReputation": "{{ ( vars.result.data.asn_country_code and vars.result.data.asn_country_code | length > 0 ) | ternary(true,false) }}"
                }
              },
              "status": null,
              "left": "949",
              "top": "780",
              "stepType": "/api/3/workflow_step_types/0bfed618-0316-11e7-93ae-92361f002671",
              "uuid": "f8b28199-4f28-435a-a495-b0517237a0b2"
            },
            {
              "@type": "WorkflowStep",
              "name": "Get Reputation from MxToolbox",
              "description": null,
              "arguments": {
                "name": "MxToolbox",
                "config": "aa41f424-4472-4f04-aeec-0a17d6df45f8",
                "params": {
                  "value": "{{vars.record}}",
                  "object": "blacklist",
                  "api_method": "Lookup"
                },
                "version": "1.0.0",
                "connector": "mxtoolbox",
                "operation": "api_call",
                "ignore_errors": true,
                "operationTitle": "Get MxToolbox Records",
                "step_variables": {
                  "foundIPMxReputation": "{{ ( vars.result.data and (vars.result.data | length > 0) ) | ternary(true,false) }}"
                }
              },
              "status": null,
              "left": "920",
              "top": "911",
              "stepType": "/api/3/workflow_step_types/0bfed618-0316-11e7-93ae-92361f002671",
              "uuid": "2bc802f5-35bd-48dc-8d72-a52e58e7325e"
            },
            {
              "@type": "WorkflowStep",
              "name": "Compute MxToolbox Summary",
              "description": null,
              "arguments": {
                "params": {
                  "value": "<p>{% if vars.foundIPMxReputation %}</p>\n<div class=\"card-container-body\" style=\"width: 200px;\">\n<div class=\"card-number \" style=\"font-size: 50px; font-weight: normal;\"><span class=\"card-count\">{{vars.steps.Get_Reputation_from_MxToolbox.data.result.MxRep}}</span>\n<div class=\"font-size-12 ng-binding\">{% if vars.steps.Get_Reputation_from_MxToolbox.data.result.MxRep == 100 %}Not blacklisted{%else%}Blacklisted{%endif%}</div>\n<div class=\"font-size-14 ng-binding\"><strong>MxToolbox</strong></div>\n</div>\n</div>\n<p>{% endif %}&nbsp;</p>"
                },
                "version": "2.4.1",
                "connector": "cyops_utilities",
                "operation": "format_richtext",
                "ignore_errors": true,
                "operationTitle": "Utils: Format as RichText",
                "step_variables": []
              },
              "status": null,
              "left": "1266",
              "top": "911",
              "stepType": "/api/3/workflow_step_types/0109f35d-090b-4a2b-bd8a-94cbc3508562",
              "uuid": "f431c38a-f5ea-48ae-a24d-47b58c46155d"
            },
            {
              "@type": "WorkflowStep",
              "name": "Set Malicious",
              "description": null,
              "arguments": {
                "Reputation_Type_IRI": "{{(\"IndicatorReputation\" | picklist(\"Malicious\"))[\"@id\"]}}",
                "Reputation_Type_Text": "Malicious"
              },
              "status": null,
              "left": "1960",
              "top": "412",
              "stepType": "/api/3/workflow_step_types/04d0cf46-b6a8-42c4-8683-60a7eaa69e8f",
              "uuid": "885bc42c-d11f-4099-b924-2189687198a4"
            },
            {
              "@type": "WorkflowStep",
              "name": "Set Good",
              "description": null,
              "arguments": {
                "Reputation_Type_IRI": "{{(\"IndicatorReputation\" | picklist(\"Good\"))[\"@id\"]}}",
                "Reputation_Type_Text": "Good"
              },
              "status": null,
              "left": "1988",
              "top": "547",
              "stepType": "/api/3/workflow_step_types/04d0cf46-b6a8-42c4-8683-60a7eaa69e8f",
              "uuid": "900c3265-275c-49d5-901b-94182bce21db"
            },
            {
              "@type": "WorkflowStep",
              "name": "Set No Reputation",
              "description": null,
              "arguments": {
                "Reputation_Type_IRI": "{{(\"IndicatorReputation\" | picklist(\"No Reputation Available\"))[\"@id\"]}}",
                "Reputation_Type_Text": "No Reputation Available"
              },
              "status": null,
              "left": "1968",
              "top": "700",
              "stepType": "/api/3/workflow_step_types/04d0cf46-b6a8-42c4-8683-60a7eaa69e8f",
              "uuid": "05d55e41-7b43-4527-9eb3-1be9532afee4"
            },
            {
              "@type": "WorkflowStep",
              "name": "Enrichment Summary",
              "description": null,
              "arguments": {
                "params": {
                  "value": "<p>{{vars.steps.Compute_VT_Summary.data['formatted_string']}}</p>\n<p>{{vars.steps.Compute_AV_OTX_Summary.data['formatted_string']}}</p>\n<p>{{vars.steps.Compute_Anomali_Summary.data['formatted_string']}}</p>\n<p>{{vars.steps.Compute_IP_Stack_Summary.data['formatted_string']}}</p>\n<p>{{vars.steps.Compute_Whois_Summary.data['formatted_string']}}</p>\n<p>{{vars.steps.Compute_MxToolbox_Summary.data['formatted_string']}}</p>"
                },
                "version": "2.6.0",
                "connector": "cyops_utilities",
                "operation": "format_richtext",
                "operationTitle": "Utils: Format as RichText",
                "step_variables": []
              },
              "status": null,
              "left": "2328",
              "top": "547",
              "stepType": "/api/3/workflow_step_types/0109f35d-090b-4a2b-bd8a-94cbc3508562",
              "uuid": "a511a6de-c0ed-4bda-af55-e593f70b59b5"
            },
            {
              "@type": "WorkflowStep",
              "name": "Summary",
              "description": null,
              "arguments": {
                "reputation": "{{vars.Reputation_Type_Text}}",
                "reputation_iri": "{{vars.Reputation_Type_IRI}}",
                "enrichment_summary": "{{vars.steps.Enrichment_Summary.data['formatted_string']}}"
              },
              "status": null,
              "left": "2640",
              "top": "548",
              "stepType": "/api/3/workflow_step_types/04d0cf46-b6a8-42c4-8683-60a7eaa69e8f",
              "uuid": "14b931ac-ec36-456f-98f6-508f96fd842b"
            },
            {
              "@type": "WorkflowStep",
              "name": "Is IP Private",
              "description": null,
              "arguments": {
                "conditions": [
                  {
                    "option": "Public IP",
                    "default": true,
                    "step_iri": "/api/3/workflow_steps/7053c844-44e7-4ca2-a0f7-e65638cf5068"
                  },
                  {
                    "option": "Private IP",
                    "step_iri": "/api/3/workflow_steps/c025def3-4b19-4e0f-8603-1d1ff4a0cb6a",
                    "condition": "{{ vars.steps.Match_IP_in_Internal_Subnets.data['matched_cidr_ip'] | length > 0 }}"
                  }
                ]
              },
              "status": null,
              "left": "31",
              "top": "360",
              "stepType": "/api/3/workflow_step_types/12254cf5-5db7-4b1a-8cb1-3af081924b28",
              "uuid": "3e0878bb-5a9e-4dbd-80c0-24068ed6e6fc"
            },
            {
              "@type": "WorkflowStep",
              "name": "Match IP in Internal Subnets",
              "description": null,
              "arguments": {
                "params": {
                  "cidr": "['10.0.0.0/8','172.16.0.0/12','192.168.0.0/16']",
                  "ip_address": "{{vars.input.params['indicator_value']}}"
                },
                "version": "3.0.0",
                "connector": "cyops_utilities",
                "operation": "ip_cidr_check",
                "operationTitle": "Utils: Is IP in CIDR",
                "step_variables": []
              },
              "status": null,
              "left": "31",
              "top": "172",
              "stepType": "/api/3/workflow_step_types/0109f35d-090b-4a2b-bd8a-94cbc3508562",
              "uuid": "bbcbc35a-1a3a-4eae-aa79-d421d68c51e4"
            },
            {
              "@type": "WorkflowStep",
              "name": "Start",
              "description": null,
              "arguments": {
                "step_variables": {
                  "input": {
                    "params": {
                      "indicator_value": "{{ vars.indicator_value }}"
                    }
                  }
                }
              },
              "status": null,
              "left": "31",
              "top": "20",
              "stepType": "/api/3/workflow_step_types/b348f017-9a94-471f-87f8-ce88b6a7ad62",
              "uuid": "65fdaa76-40b1-4832-a649-5d9756fb760e"
            },
            {
              "@type": "WorkflowStep",
              "name": "Set Summary for Private IP",
              "description": null,
              "arguments": {
                "reputation": "No Reputation Available",
                "reputation_iri": "{{(\"IndicatorReputation\" | picklist(\"No Reputation Available\"))[\"@id\"]}}",
                "enrichment_summary": "Internal IP"
              },
              "status": null,
              "left": "949",
              "top": "169",
              "stepType": "/api/3/workflow_step_types/04d0cf46-b6a8-42c4-8683-60a7eaa69e8f",
              "uuid": "190ed995-7c97-4f25-b3e9-e04a6c4c9159"
            },
            {
              "@type": "WorkflowStep",
              "name": "Temp",
              "description": null,
              "arguments": {
                "params": [],
                "version": "2.6.0",
                "connector": "cyops_utilities",
                "operation": "no_op",
                "operationTitle": "Utils: No Operation",
                "step_variables": []
              },
              "status": null,
              "left": "480",
              "top": "169",
              "stepType": "/api/3/workflow_step_types/0109f35d-090b-4a2b-bd8a-94cbc3508562",
              "uuid": "c025def3-4b19-4e0f-8603-1d1ff4a0cb6a"
            }
          ],
          "routes": [
            {
              "@type": "WorkflowRoute",
              "uuid": "77eecb49-e820-4357-9493-1df4c098a4c3",
              "name": "Start -> Check CIDR",
              "label": null,
              "isExecuted": false,
              "targetStep": "/api/3/workflow_steps/bbcbc35a-1a3a-4eae-aa79-d421d68c51e4",
              "sourceStep": "/api/3/workflow_steps/65fdaa76-40b1-4832-a649-5d9756fb760e"
            },
            {
              "@type": "WorkflowRoute",
              "uuid": "b4956ced-7cfd-4290-a0eb-16eda9026729",
              "name": "Get Reputation from AlienVault OTX -> Copy  of Compute VT Summary",
              "label": null,
              "isExecuted": false,
              "targetStep": "/api/3/workflow_steps/6db71f75-e99a-4fa2-92fd-d67e503071f4",
              "sourceStep": "/api/3/workflow_steps/e5a7823f-b9c9-4874-adc0-a25d95ff65e2"
            },
            {
              "@type": "WorkflowRoute",
              "uuid": "7292f7fd-54d0-45fe-b836-8d7fcf46c1e9",
              "name": "Whois IP -> Compute Whois Summary",
              "label": null,
              "isExecuted": false,
              "targetStep": "/api/3/workflow_steps/8a37324f-dfc0-43cb-9a30-1aa9177757ee",
              "sourceStep": "/api/3/workflow_steps/f8b28199-4f28-435a-a495-b0517237a0b2"
            },
            {
              "@type": "WorkflowRoute",
              "uuid": "50cb3e3e-dab3-483a-8d3a-5242396909e4",
              "name": "ip -> Compute IP Stack Summary",
              "label": null,
              "isExecuted": false,
              "targetStep": "/api/3/workflow_steps/c0ee1edf-7f49-4782-b778-2d26c6ca1ac7",
              "sourceStep": "/api/3/workflow_steps/8f2de4f6-0574-489d-a7f4-a3784a239540"
            },
            {
              "@type": "WorkflowRoute",
              "uuid": "fd19b858-4c4a-4a9a-94b1-d228ec283dc4",
              "name": "Get Reputation from Anomali -> Compute Anomali Summary",
              "label": null,
              "isExecuted": false,
              "targetStep": "/api/3/workflow_steps/d63207f0-62de-4138-925d-aa61f3a598a3",
              "sourceStep": "/api/3/workflow_steps/ff65991e-a8de-408d-a4b9-bd01d0f04ee4"
            },
            {
              "@type": "WorkflowRoute",
              "uuid": "965c4fa7-1cad-44ed-a8bf-cefe9e24b45c",
              "name": "Get File Reputation -> Compute VT Summary",
              "label": null,
              "isExecuted": false,
              "targetStep": "/api/3/workflow_steps/de21dd3f-484d-47b3-a7a8-d4b89eac8c44",
              "sourceStep": "/api/3/workflow_steps/263f93ab-f89a-4c97-8d50-195bb5869497"
            },
            {
              "@type": "WorkflowRoute",
              "uuid": "ecad4754-37e7-4693-90ad-d36f71689dc5",
              "name": "Get Reputation from MxToolbox -> Compute MxToolbox Summary",
              "label": null,
              "isExecuted": false,
              "targetStep": "/api/3/workflow_steps/f431c38a-f5ea-48ae-a24d-47b58c46155d",
              "sourceStep": "/api/3/workflow_steps/2bc802f5-35bd-48dc-8d72-a52e58e7325e"
            },
            {
              "@type": "WorkflowRoute",
              "uuid": "35280cb1-7a93-41c9-88a6-5e7ce05f8f45",
              "name": "Compute VT Summary -> Is Malicious",
              "label": null,
              "isExecuted": false,
              "targetStep": "/api/3/workflow_steps/c0d266ce-7d44-4627-9793-44627707a6f9",
              "sourceStep": "/api/3/workflow_steps/de21dd3f-484d-47b3-a7a8-d4b89eac8c44"
            },
            {
              "@type": "WorkflowRoute",
              "uuid": "9a9b0cf4-e9e0-49c5-a8a3-ed859a91058d",
              "name": "Compute AV OTX Summary -> Is Malicious",
              "label": null,
              "isExecuted": false,
              "targetStep": "/api/3/workflow_steps/c0d266ce-7d44-4627-9793-44627707a6f9",
              "sourceStep": "/api/3/workflow_steps/6db71f75-e99a-4fa2-92fd-d67e503071f4"
            },
            {
              "@type": "WorkflowRoute",
              "uuid": "235fea9a-e48e-4265-8046-1f9ff8add006",
              "name": "Compute Anomali Summary -> Is Malicious",
              "label": null,
              "isExecuted": false,
              "targetStep": "/api/3/workflow_steps/c0d266ce-7d44-4627-9793-44627707a6f9",
              "sourceStep": "/api/3/workflow_steps/d63207f0-62de-4138-925d-aa61f3a598a3"
            },
            {
              "@type": "WorkflowRoute",
              "uuid": "fcb55167-cb23-4d87-9bc0-06ad99099be7",
              "name": "Compute IP Stack Summary -> Is Malicious",
              "label": null,
              "isExecuted": false,
              "targetStep": "/api/3/workflow_steps/c0d266ce-7d44-4627-9793-44627707a6f9",
              "sourceStep": "/api/3/workflow_steps/c0ee1edf-7f49-4782-b778-2d26c6ca1ac7"
            },
            {
              "@type": "WorkflowRoute",
              "uuid": "a289ef9b-7edc-4943-80f4-d7f826416228",
              "name": "Compute Whois Summary -> Is Malicious",
              "label": null,
              "isExecuted": false,
              "targetStep": "/api/3/workflow_steps/c0d266ce-7d44-4627-9793-44627707a6f9",
              "sourceStep": "/api/3/workflow_steps/8a37324f-dfc0-43cb-9a30-1aa9177757ee"
            },
            {
              "@type": "WorkflowRoute",
              "uuid": "ee651127-8252-43c9-b18b-f276d4681bd5",
              "name": "Compute MxToolbox Summary -> Is Malicious",
              "label": null,
              "isExecuted": false,
              "targetStep": "/api/3/workflow_steps/c0d266ce-7d44-4627-9793-44627707a6f9",
              "sourceStep": "/api/3/workflow_steps/f431c38a-f5ea-48ae-a24d-47b58c46155d"
            },
            {
              "@type": "WorkflowRoute",
              "uuid": "b8f3a57f-34d4-4fb0-86f0-25ec6205d3ed",
              "name": "Is Malicious -> Malicious IRI",
              "label": "Malicious",
              "isExecuted": false,
              "targetStep": "/api/3/workflow_steps/885bc42c-d11f-4099-b924-2189687198a4",
              "sourceStep": "/api/3/workflow_steps/c0d266ce-7d44-4627-9793-44627707a6f9"
            },
            {
              "@type": "WorkflowRoute",
              "uuid": "7c5393bf-e0b8-4922-8869-78392ed1a38c",
              "name": "Is Malicious -> Good IRI",
              "label": "Safe",
              "isExecuted": false,
              "targetStep": "/api/3/workflow_steps/900c3265-275c-49d5-901b-94182bce21db",
              "sourceStep": "/api/3/workflow_steps/c0d266ce-7d44-4627-9793-44627707a6f9"
            },
            {
              "@type": "WorkflowRoute",
              "uuid": "83331e74-7c3f-4646-aa9e-1707d23bb4a8",
              "name": "Is Malicious -> No Reputation IRI",
              "label": "No Reputation",
              "isExecuted": false,
              "targetStep": "/api/3/workflow_steps/05d55e41-7b43-4527-9eb3-1be9532afee4",
              "sourceStep": "/api/3/workflow_steps/c0d266ce-7d44-4627-9793-44627707a6f9"
            },
            {
              "@type": "WorkflowRoute",
              "uuid": "5c94d981-8393-4beb-80ac-fe2ad3c10428",
              "name": "Set Malicious -> Combined Summary",
              "label": null,
              "isExecuted": false,
              "targetStep": "/api/3/workflow_steps/a511a6de-c0ed-4bda-af55-e593f70b59b5",
              "sourceStep": "/api/3/workflow_steps/885bc42c-d11f-4099-b924-2189687198a4"
            },
            {
              "@type": "WorkflowRoute",
              "uuid": "10bd488a-f544-46d9-9d37-3dfc49817f80",
              "name": "Set Good -> Combined Summary",
              "label": null,
              "isExecuted": false,
              "targetStep": "/api/3/workflow_steps/a511a6de-c0ed-4bda-af55-e593f70b59b5",
              "sourceStep": "/api/3/workflow_steps/900c3265-275c-49d5-901b-94182bce21db"
            },
            {
              "@type": "WorkflowRoute",
              "uuid": "197aa170-25f6-47e3-a0d7-6123521dad69",
              "name": "Set No Reputation -> Combined Summary",
              "label": null,
              "isExecuted": false,
              "targetStep": "/api/3/workflow_steps/a511a6de-c0ed-4bda-af55-e593f70b59b5",
              "sourceStep": "/api/3/workflow_steps/05d55e41-7b43-4527-9eb3-1be9532afee4"
            },
            {
              "@type": "WorkflowRoute",
              "uuid": "fd518db5-270e-4ac8-b377-dfe76a85d59a",
              "name": "Enrichment Summary -> Summary",
              "label": null,
              "isExecuted": false,
              "targetStep": "/api/3/workflow_steps/14b931ac-ec36-456f-98f6-508f96fd842b",
              "sourceStep": "/api/3/workflow_steps/a511a6de-c0ed-4bda-af55-e593f70b59b5"
            },
            {
              "@type": "WorkflowRoute",
              "uuid": "be3e1f22-ff77-4547-b2ce-5e5ce50b41e8",
              "name": "Check CIDR -> Is IP Private",
              "label": null,
              "isExecuted": false,
              "targetStep": "/api/3/workflow_steps/3e0878bb-5a9e-4dbd-80c0-24068ed6e6fc",
              "sourceStep": "/api/3/workflow_steps/bbcbc35a-1a3a-4eae-aa79-d421d68c51e4"
            },
            {
              "@type": "WorkflowRoute",
              "uuid": "fa1cdac9-64c0-4413-a08c-eaea6ab55b4c",
              "name": "Is IP Private -> Configuration",
              "label": "Public IP",
              "isExecuted": false,
              "targetStep": "/api/3/workflow_steps/7053c844-44e7-4ca2-a0f7-e65638cf5068",
              "sourceStep": "/api/3/workflow_steps/3e0878bb-5a9e-4dbd-80c0-24068ed6e6fc"
            },
            {
              "@type": "WorkflowRoute",
              "uuid": "f2b4cddf-babc-45ce-b6f2-046a1219332d",
              "name": "Configuration -> Get Reputation from VT",
              "label": null,
              "isExecuted": false,
              "targetStep": "/api/3/workflow_steps/263f93ab-f89a-4c97-8d50-195bb5869497",
              "sourceStep": "/api/3/workflow_steps/7053c844-44e7-4ca2-a0f7-e65638cf5068"
            },
            {
              "@type": "WorkflowRoute",
              "uuid": "2e81d0d0-d804-4691-9716-e30a0f15871c",
              "name": "Configuration -> Get Reputation from AlienVault OTX",
              "label": null,
              "isExecuted": false,
              "targetStep": "/api/3/workflow_steps/e5a7823f-b9c9-4874-adc0-a25d95ff65e2",
              "sourceStep": "/api/3/workflow_steps/7053c844-44e7-4ca2-a0f7-e65638cf5068"
            },
            {
              "@type": "WorkflowRoute",
              "uuid": "7178b62e-129a-453b-af20-0322ea4197ec",
              "name": "Configuration -> Get Reputation from Anomali",
              "label": null,
              "isExecuted": false,
              "targetStep": "/api/3/workflow_steps/ff65991e-a8de-408d-a4b9-bd01d0f04ee4",
              "sourceStep": "/api/3/workflow_steps/7053c844-44e7-4ca2-a0f7-e65638cf5068"
            },
            {
              "@type": "WorkflowRoute",
              "uuid": "562c7ae5-822d-4fc8-99cb-62e08f766c60",
              "name": "Configuration -> Geo Locate IP",
              "label": null,
              "isExecuted": false,
              "targetStep": "/api/3/workflow_steps/8f2de4f6-0574-489d-a7f4-a3784a239540",
              "sourceStep": "/api/3/workflow_steps/7053c844-44e7-4ca2-a0f7-e65638cf5068"
            },
            {
              "@type": "WorkflowRoute",
              "uuid": "d3ee55ea-4c2f-422c-b1fe-0c9e2c18cda4",
              "name": "Configuration -> Whois IP",
              "label": null,
              "isExecuted": false,
              "targetStep": "/api/3/workflow_steps/f8b28199-4f28-435a-a495-b0517237a0b2",
              "sourceStep": "/api/3/workflow_steps/7053c844-44e7-4ca2-a0f7-e65638cf5068"
            },
            {
              "@type": "WorkflowRoute",
              "uuid": "1661a3b1-b4bd-45cf-bfa5-047e90001df9",
              "name": "Configuration -> Get Reputation from MxToolbox",
              "label": null,
              "isExecuted": false,
              "targetStep": "/api/3/workflow_steps/2bc802f5-35bd-48dc-8d72-a52e58e7325e",
              "sourceStep": "/api/3/workflow_steps/7053c844-44e7-4ca2-a0f7-e65638cf5068"
            },
            {
              "@type": "WorkflowRoute",
              "uuid": "6d69f46f-cfb6-4d9b-91e5-6d5c77cf5a7b",
              "name": "Temp -> Private IP",
              "label": null,
              "isExecuted": false,
              "targetStep": "/api/3/workflow_steps/190ed995-7c97-4f25-b3e9-e04a6c4c9159",
              "sourceStep": "/api/3/workflow_steps/c025def3-4b19-4e0f-8603-1d1ff4a0cb6a"
            },
            {
              "@type": "WorkflowRoute",
              "uuid": "ad74c371-1b43-4b84-bf9c-be8af35544f4",
              "name": "Is IP Private -> Temp",
              "label": "Private IP",
              "isExecuted": false,
              "targetStep": "/api/3/workflow_steps/c025def3-4b19-4e0f-8603-1d1ff4a0cb6a",
              "sourceStep": "/api/3/workflow_steps/3e0878bb-5a9e-4dbd-80c0-24068ed6e6fc"
            }
          ],
          "versions": null,
          "lastModifyDate": 1585560867,
          "uuid": "c4ff26d3-3b9e-4531-b77d-e6793e2528d7",
          "recordTags": [],
          "isPrivate": false,
          "owners": []
        }
      ]
    }
  ],
  "macros": [
    {
      "name": "Current_Date",
      "value": "{{arrow.utcnow().timestamp}}",
      "default_value": null
    },
    {
      "name": "Current_User",
      "value": "{{vars.currentUser}}",
      "default_value": null
    }
  ],
  "exported_tags": [
    "demo"
  ]
}