[
  {
	"data": [
	  {
		"sleep": 0,
		"name": "NGFW: Alert",
		"source": "FSMSIM-MAIL-ALARM-1",
		"demo_message": "Alarm parsed and new Alert Created",
		"sourcedata": {
		  "body": {
			"html": "contract_id Project0<br>country_dst Ouadia<br>customer_name HULU<br>device_class Firewall<br>device_group Progetto<br>device_ip 10.2.13.32<br>device_type NGFW-fw1<br>did hybridlog-mkt<br>direction 0<br>esa_time 1592155953<br>event_desc OpenVPN<br>event_source_id 31.3.13.9:50005:411167038699<br>event_time 1591190346<br>event_type Anonymizer<br>event_source_ip 10.32.2.22<br>",
			"json": null,
			"text": ""
		  },
		  "headers": {
			"to": "sysadmin <sysadmin@fortielab.com>",
			"date": "{{TR_FORMATTED_CURRENT_TIME}}+0000",
			"from": "NGFW <ngfw@fortielab.com>",
			"subject": "NGFW: Incident Notification: Anonymizer",
			"received": "from Exch19.fortielab.com ([::1]) by Exch19.fortielab.com ([::1]) with mapi id 15.02.0529.005; {{TR_FORMATTED_CURRENT_TIME}}",
			"message-id": "<3d608901d41a4b9cac6c28aa2f7{{TR_RANDOM_INTEGER}}@fortielab.com>",
			"references": "\\t<trinity-bd6386d6-bd3b-450a-b891-568a58bb9451-1589777406906@3c-app-mailcom-bs14>",
			"in-reply-to": "\\t<trinity-bd6386d6-bd3b-450a-b891-568a58bb9451-1589777406906@3c-app-mailcom-bs14>",
			"content-type": "multipart/mixed; boundary=\"_004_3d608901d41a4b9cac6c28aa2f7f6482fortielabcom_\"",
			"mime-version": "1.0",
			"thread-index": "AQHWLRs8LbaV7JClfk+OJUM6d1glXait3Lq+",
			"thread-topic": "Important Patch",
			"accept-language": "en-US",
			"x-ms-has-attach": "yes",
			"content-language": "en-US",
			"x-ms-tnef-correlator": "",
			"x-ms-exchange-organization-scl": "-1",
			"x-ms-exchange-organization-authas": "Internal",
			"x-ms-exchange-organization-authsource": "Exch19.fortielab.com",
			"x-ms-exchange-organization-authmechanism": "04",
			"x-ms-exchange-organization-network-message-id": "\\tef9b53ec-dab9-4ed9-9348-08d7fb32b227",
			"x-ms-exchange-organization-recordreviewcfmtype": "0"
		  },
		  "item_id": "AAMkADZlMDUzMTg3LTExNDItNGI5ZC05Y2Q3LWMxZmVkNmE1YmFhMwBGAAAAAABzZXpOu00yT74x97UacTW9BwBFcsYwZw3XQ4GsCA56I3BFAAAAAAEMAABFcsYwZw3XQ4GsCA56I3BFAAAAAAn6AAA=",
		  "epilogue": "",
		  "preamble": "",
		  "attachments": [
			{
			  "file": "{{TR_MALICIOUS_HASH}}",
			  "json": null,
			  "text": "<data expunged>",
			  "metadata": {
				"md5": "",
				"sha1": "{{TR_MALICIOUS_HASH}}",
				"sha256": "",
				"filename": "patch.msi",
				"content_type": "application/x-msi",
				"content_length": 29004
			  }
			}
		  ],
		  "folder_path": "/root/Top of Information Store/Inbox",
		  "attachment_files": [
			"e97a56113c1c4820a8b77da92a80ac91"
		  ],
		  "extract_attach_data": true,
		  "parsed_attachment_data": []
		}
	  }
	]
  }
]