{
    "appSettings": [],
    "picklistNames": [
        {
            "@type": "PicklistNames",
            "name": "AlertType",
            "system": false,
            "picklists": [
                {
                    "@type": "Picklist",
                    "itemValue": "Phishing",
                    "orderIndex": 9,
                    "color": null,
                    "icon": null,
                    "listName": "\/api\/3\/picklist_names\/a7087b9c-5660-495f-a8ac-c3b198ddb8c2",
                    "uuid": "0b3ef6f9-eb29-4ab9-ac98-98364bd1a3aa"
                },
                {
                    "@type": "Picklist",
                    "itemValue": "Malware",
                    "orderIndex": 7,
                    "color": null,
                    "icon": null,
                    "listName": "\/api\/3\/picklist_names\/a7087b9c-5660-495f-a8ac-c3b198ddb8c2",
                    "uuid": "0cbc2c31-c360-4770-b1e7-3653a8c24ead"
                },
                {
                    "@type": "Picklist",
                    "itemValue": "Denial of Service",
                    "orderIndex": 1,
                    "color": null,
                    "icon": null,
                    "listName": "\/api\/3\/picklist_names\/a7087b9c-5660-495f-a8ac-c3b198ddb8c2",
                    "uuid": "1b143a42-8dd4-4121-8f38-fb5c299692ae"
                },
                {
                    "@type": "Picklist",
                    "itemValue": "Lost \/ Stolen",
                    "orderIndex": 5,
                    "color": null,
                    "icon": null,
                    "listName": "\/api\/3\/picklist_names\/a7087b9c-5660-495f-a8ac-c3b198ddb8c2",
                    "uuid": "2b8024fd-096a-426f-bf7f-63fb149ff9ee"
                },
                {
                    "@type": "Picklist",
                    "itemValue": "Brute Force Attempts",
                    "orderIndex": 3,
                    "color": null,
                    "icon": null,
                    "listName": "\/api\/3\/picklist_names\/a7087b9c-5660-495f-a8ac-c3b198ddb8c2",
                    "uuid": "382183df-212d-4ce1-adae-088647cc72c3"
                },
                {
                    "@type": "Picklist",
                    "itemValue": "Command and Control",
                    "orderIndex": 2,
                    "color": null,
                    "icon": null,
                    "listName": "\/api\/3\/picklist_names\/a7087b9c-5660-495f-a8ac-c3b198ddb8c2",
                    "uuid": "382b0435-e517-4760-867a-d662048fe292"
                },
                {
                    "@type": "Picklist",
                    "itemValue": "Policy Violation",
                    "orderIndex": 11,
                    "color": null,
                    "icon": null,
                    "listName": "\/api\/3\/picklist_names\/a7087b9c-5660-495f-a8ac-c3b198ddb8c2",
                    "uuid": "3be51b8d-a02e-43a8-b6d3-07926771ac47"
                },
                {
                    "@type": "Picklist",
                    "itemValue": "Data Leakage",
                    "orderIndex": 14,
                    "color": null,
                    "icon": null,
                    "listName": "\/api\/3\/picklist_names\/a7087b9c-5660-495f-a8ac-c3b198ddb8c2",
                    "uuid": "3eb31470-7a13-4029-9b48-6f5f3d493002"
                },
                {
                    "@type": "Picklist",
                    "itemValue": "Compliance",
                    "orderIndex": 2,
                    "color": null,
                    "icon": null,
                    "listName": "\/api\/3\/picklist_names\/a7087b9c-5660-495f-a8ac-c3b198ddb8c2",
                    "uuid": "459be3a6-db44-4794-9545-f6bd7f1c068f"
                },
                {
                    "@type": "Picklist",
                    "itemValue": "Other \/ Unknown",
                    "orderIndex": 13,
                    "color": null,
                    "icon": null,
                    "listName": "\/api\/3\/picklist_names\/a7087b9c-5660-495f-a8ac-c3b198ddb8c2",
                    "uuid": "574a6ee2-7265-4701-815e-cff83b053bce"
                },
                {
                    "@type": "Picklist",
                    "itemValue": "MITRE ATT&CK",
                    "orderIndex": 8,
                    "color": null,
                    "icon": null,
                    "listName": "\/api\/3\/picklist_names\/a7087b9c-5660-495f-a8ac-c3b198ddb8c2",
                    "uuid": "6bdeedd7-fb20-4b20-9717-f06520f0f788"
                },
                {
                    "@type": "Picklist",
                    "itemValue": "Beaconing",
                    "orderIndex": 0,
                    "color": null,
                    "icon": null,
                    "listName": "\/api\/3\/picklist_names\/a7087b9c-5660-495f-a8ac-c3b198ddb8c2",
                    "uuid": "844c0b64-04fa-494f-9795-7c8406e59f69"
                },
                {
                    "@type": "Picklist",
                    "itemValue": "Ransomware",
                    "orderIndex": 12,
                    "color": null,
                    "icon": null,
                    "listName": "\/api\/3\/picklist_names\/a7087b9c-5660-495f-a8ac-c3b198ddb8c2",
                    "uuid": "8b6f20f0-08ba-47f7-bc7d-233592309940"
                },
                {
                    "@type": "Picklist",
                    "itemValue": "Data Exfiltration",
                    "orderIndex": 4,
                    "color": null,
                    "icon": null,
                    "listName": "\/api\/3\/picklist_names\/a7087b9c-5660-495f-a8ac-c3b198ddb8c2",
                    "uuid": "a043fb35-f373-44c0-bfa9-5bce2f711141"
                },
                {
                    "@type": "Picklist",
                    "itemValue": "Improper disposal",
                    "orderIndex": 10,
                    "color": null,
                    "icon": null,
                    "listName": "\/api\/3\/picklist_names\/a7087b9c-5660-495f-a8ac-c3b198ddb8c2",
                    "uuid": "a36e1dbd-a9ec-47b2-8f25-e077a40d509c"
                },
                {
                    "@type": "Picklist",
                    "itemValue": "Suspicious Email",
                    "orderIndex": 16,
                    "color": null,
                    "icon": null,
                    "listName": "\/api\/3\/picklist_names\/a7087b9c-5660-495f-a8ac-c3b198ddb8c2",
                    "uuid": "c145394b-069a-449b-a05e-67980d0f4b82"
                },
                {
                    "@type": "Picklist",
                    "itemValue": "Lateral Movement",
                    "orderIndex": 6,
                    "color": null,
                    "icon": null,
                    "listName": "\/api\/3\/picklist_names\/a7087b9c-5660-495f-a8ac-c3b198ddb8c2",
                    "uuid": "d282a627-a16e-4a8e-9b80-fce1636dfcfc"
                },
                {
                    "@type": "Picklist",
                    "itemValue": "Reconnaissance",
                    "orderIndex": 15,
                    "color": null,
                    "icon": null,
                    "listName": "\/api\/3\/picklist_names\/a7087b9c-5660-495f-a8ac-c3b198ddb8c2",
                    "uuid": "ebc1de7c-4089-4ac6-99be-cdbc441b0d91"
                },
                {
                    "@type": "Picklist",
                    "itemValue": "User Group Changed",
                    "orderIndex": 23,
                    "color": null,
                    "icon": null,
                    "listName": "\/api\/3\/picklist_names\/a7087b9c-5660-495f-a8ac-c3b198ddb8c2",
                    "uuid": "b888cb0e-dc6c-4d6b-8cd0-ab8bfa9449a2"
                },
                {
                    "@type": "Picklist",
                    "itemValue": "Domain User Created",
                    "orderIndex": 8,
                    "color": null,
                    "icon": null,
                    "listName": "\/api\/3\/picklist_names\/a7087b9c-5660-495f-a8ac-c3b198ddb8c2",
                    "uuid": "e4dbab77-45a3-4506-b7cf-7a33314f9b2e"
                },
                {
                    "@type": "Picklist",
                    "itemValue": "Firewall Configuration Change",
                    "orderIndex": 11,
                    "color": null,
                    "icon": null,
                    "listName": "\/api\/3\/picklist_names\/a7087b9c-5660-495f-a8ac-c3b198ddb8c2",
                    "uuid": "8e6e8d5a-5c9e-42f8-852f-a41258d0454f"
                },
                {
                    "@type": "Picklist",
                    "itemValue": "Scheduled Task Created",
                    "orderIndex": 22,
                    "color": null,
                    "icon": null,
                    "listName": "\/api\/3\/picklist_names\/a7087b9c-5660-495f-a8ac-c3b198ddb8c2",
                    "uuid": "bfdb72c0-d8ad-4d0b-b441-ea7f44e37d08"
                },
                {
                    "@type": "Picklist",
                    "itemValue": "Password Reset",
                    "orderIndex": 20,
                    "color": null,
                    "icon": null,
                    "listName": "\/api\/3\/picklist_names\/a7087b9c-5660-495f-a8ac-c3b198ddb8c2",
                    "uuid": "1754c6e3-3d37-4740-98aa-497f925c29ef"
                },
                {
                    "@type": "Picklist",
                    "itemValue": "S3 Policy Change",
                    "orderIndex": 21,
                    "color": null,
                    "icon": null,
                    "listName": "\/api\/3\/picklist_names\/a7087b9c-5660-495f-a8ac-c3b198ddb8c2",
                    "uuid": "1b14cac9-5f6a-4d87-8b9b-e710b322c490"
                }
            ],
            "uuid": "a7087b9c-5660-495f-a8ac-c3b198ddb8c2"
        }
    ],
    "reports": [],
    "dashboards": [],
    "modules": [],
    "viewTemplates": [],
    "views": [],
    "roles": [],
    "playbooks": null,
    "includeMmd": true
}