[
  {
    "data": [
      {
        "sleep": 0,
        "name": "High Severity Inbound Permitted IPS Exploit",
        "source": "SIM-AETR",
        "demo_message": "IPS Alert Detected, compares alert CVE with tagret asset CVEs\n    - IPS detects a remote exploit attack against Asset A exploiting vulnerability CVE-2020-1350\n    - FortiSOAR checks the list of Asset A vulnerabilities where CVE-2020-1350 is included.\n    - FortiSOAR then blocks the source IP on FortiGate and escalates the alert to Incident as \n**True Positive** creating an analyst remediation task for the risk of successful compromise is very high due to the matching CVE",
        "sourcedata": {
          "incident_data": {
            "id": "0",
            "nid": "{{TR_RANDOM_INTEGER}}1",
            "index": "8",
            "custId": "2000",
            "dataStr": null,
            "eventType": "PH_RULE_HIGH_SEV_SEC_IPS_IN_PERMIT",
            "attributes": {
              "user": "",
              "count": "2462",
              "customer": "demopack",
              "eventName": "High Severity Inbound Permitted IPS Exploit",
              "eventType": "PH_RULE_HIGH_SEV_SEC_IPS_IN_PERMIT",
              "srcGeoOrg": "IPG-AS-AP Philippine Long Distance Telephone Company  PH",
              "srcIpAddr": "{{TR_MALICIOUS_IP}}",
              "bizService": "",
              "destIpAddr": "10.222.248.67",
              "incidentId": "{{TR_RANDOM_INTEGER}}1",
              "phRecvTime": "{{TR_FORMATTED_CURRENT_TIME}}",
              "srcGeoCity": "Mandaluyong",
              "incidentSrc": "srcIpAddr:{{TR_MALICIOUS_IP}},",
              "srcGeoState": "Metro Manila",
              "incidentReso": "1 (Open)",
              "eventSeverity": "9",
              "incidentRptIp": "10.222.248.67",
              "incidentTitle": "High Severity Inbound Permitted IPS Exploit FortiGate-ips-signature-138600 from {{TR_MALICIOUS_IP}} to 10.222.248.67",
              "srcGeoCountry": "Philippines",
              "incidentDetail": "compEventType:FortiGate-ips-signature-138600, attackName:, ipsSignatureId:138600, incidentCount:6,",
              "incidentStatus": "0 (Active)",
              "incidentTarget": "destIpAddr:10.222.248.67,",
              "srcGeoLatitude": "14.57944",
              "incidentExtUser": "",
              "phEventCategory": "1 (Incident)",
              "srcGeoLongitude": "121.03592",
              "eventSeverityCat": "HIGH",
              "incidentComments": "[FortiGate-ips-signature-138600] related to [CVE-2020-1350] from CMDB lookup.\nSource [{{TR_MALICIOUS_IP}}] external.\nTarget [10.222.248.67] not found.\nInsufficient information to decide True/False positive.\n\n[FortiGate-ips-signature-138600] related to [CVE-2020-1350] from CMDB lookup.\nSource [{{TR_MALICIOUS_IP}}] external.\nTarget [10.222.248.67] not found.\nInsufficient information to decide True/False positive.",
              "incidentLastSeen": "{{TR_FORMATTED_CURRENT_TIME}}",
              "incidentTicketId": "",
              "incidentFirstSeen": "{{TR_T-3}}",
              "incidentViewUsers": "",
              "phIncidentImpacts": "Application",
              "incidentNotiStatus": "",
              "incidentRptDevName": "{{TR_FG_DEV_NAME}}",
              "incidentTicketUser": "",
              "incidentViewStatus": "1 (Read)",
              "phIncidentCategory": "4",
              "incidentClearedTime": "{{TR_FORMATTED_CURRENT_TIME}}",
              "incidentClearedUser": "",
              "incidentExtTicketId": "T1210",
              "incidentRptDevStatus": "1 (Pending)",
              "incidentTicketStatus": "6 (None)",
              "incidentClearedReason": "",
              "incidentExtTicketType": "",
              "phSubIncidentCategory": "PH_RULE_SECURITY_EXECUTION",
              "incidentExtClearedTime": "{{TR_FORMATTED_CURRENT_TIME}}",
              "incidentExtTicketState": "",
              "incidentNotiRecipients": ""
            },
            "receiveTime": "2020-09-02T07:33:00+02:00"
          },
          "associated_events": [
            {
              "id": "8908964491548181012",
              "nid": "8908964491548181012",
              "index": "0",
              "custId": "2000",
              "dataStr": null,
              "eventType": "FortiGate-ips-signature-138600",
              "attributes": {
                "vdom": "root",
                "count": "1",
                "fwRule": "6",
                "eventId": "8908964491548181012",
                "ipProto": "6 (TCP)",
                "srcName": "HOST-{{TR_MALICIOUS_IP}}",
                "subtype": "ips",
                "customer": "demopack",
                "destName": "HOST-10.222.248.67",
                "fwAction": "detected",
                "logLevel": "alert",
                "memberID": "0419016384",
                "totFlows": "1",
                "direction": "outgoing",
                "eventName": "Windows DNS Server RCE (CVE-2020-1350)",
                "eventType": "FortiGate-ips-signature-138600",
                "reptModel": "FortiOS",
                "sessionId": "51992519",
                "srcIpAddr": "{{TR_MALICIOUS_IP}}",
                "srcIpPort": "3038",
                "destIpAddr": "10.222.248.67",
                "destIpPort": "53",
                "deviceTime": "{{TR_FORMATTED_CURRENT_TIME}}",
                "parserName": "FortiGateParser",
                "phRecvTime": "{{TR_FORMATTED_CURRENT_TIME}}",
                "reptVendor": "Fortinet",
                "srcGeoCity": "Mandaluyong",
                "collectorId": "10000",
                "eventAction": "0 (Permit)",
                "rawEventMsg": "",
                "reptDevName": "FG240D3913800441",
                "srcGeoState": "Metro Manila",
                "timeSkewSec": "125242917",
                "eventParsedOk": "1",
                "eventSeverity": "10",
                "reptDevIpAddr": "10.222.248.67",
                "srcGeoCountry": "Philippines",
                "ipsSignatureId": "138600",
                "relayDevIpAddr": "10.222.248.67",
                "srcGeoLatitude": "14.57944",
                "phEventCategory": "0 (External)",
                "srcGeoLongitude": "121.03592",
                "eventRuleTrigger": "1",
                "eventSeverityCat": "HIGH",
                "ipsFPCheckStatus": "0 (Couldnot determine)",
                "extEventRecvProto": "Syslog",
                "srcGeoCountryCodeStr": "PH"
              },
              "receiveTime": "{{TR_FORMATTED_CURRENT_TIME}}"
            }
          ]
        }
      }
    ]
  },
  {
    "data": [
      {
        "sleep": 5,
        "name": "High Severity Inbound Permitted IPS Exploit",
        "source": "SIM-AETR",
        "demo_message": "High Severity Inbound Permitted IPS Exploit\n    - IPS Alert Detected, compares alert CVE with tagret asset CVEs:\n    - IPS detects a remote exploit attack against Asset (A) exploiting vulnerability CVE-2008-XXXX\n    - FortiSOAR checks the vulnerabilities list of Asset (A) where VE-2008-XXXX is not included\n    - FortiSOAR then Closes the alert as **False Positive** for the risk of a successful compromize is null",
        "sourcedata": {
          "incident_data": {
            "id": "0",
            "nid": "{{TR_RANDOM_INTEGER}}1",
            "index": "8",
            "custId": "2000",
            "dataStr": null,
            "eventType": "PH_RULE_HIGH_SEV_SEC_IPS_IN_PERMIT",
            "attributes": {
              "user": "",
              "count": "2462",
              "customer": "demopack",
              "eventName": "High Severity Inbound Permitted IPS Exploit",
              "eventType": "PH_RULE_HIGH_SEV_SEC_IPS_IN_PERMIT",
              "srcGeoOrg": "IPG-AS-AP Philippine Long Distance Telephone Company  PH",
              "srcIpAddr": "{{TR_MALICIOUS_IP}}",
              "bizService": "",
              "destIpAddr": "10.222.248.67",
              "incidentId": "{{TR_RANDOM_INTEGER}}1",
              "phRecvTime": "{{TR_FORMATTED_CURRENT_TIME}}",
              "srcGeoCity": "Mandaluyong",
              "incidentSrc": "srcIpAddr:{{TR_MALICIOUS_IP}},",
              "srcGeoState": "Metro Manila",
              "incidentReso": "1 (Open)",
              "eventSeverity": "9",
              "incidentRptIp": "10.222.248.67",
              "incidentTitle": "High Severity Inbound Permitted IPS Exploit FortiGate-ips-signature-15995 from {{TR_MALICIOUS_IP}} to 10.222.248.67",
              "srcGeoCountry": "Philippines",
              "incidentDetail": "compEventType:FortiGate-ips-signature-15995, attackName:, ipsSignatureId:15995, incidentCount:6,",
              "incidentStatus": "0 (Active)",
              "incidentTarget": "destIpAddr:10.222.248.67,",
              "srcGeoLatitude": "14.57944",
              "incidentExtUser": "",
              "phEventCategory": "1 (Incident)",
              "srcGeoLongitude": "121.03592",
              "eventSeverityCat": "HIGH",
              "incidentComments": "[FortiGate-ips-signature-15995] related to [CVE-2008-4250] from CMDB lookup.\nSource [{{TR_MALICIOUS_IP}}] external.\nTarget [10.222.248.67] not found.\nInsufficient information to decide True/False positive.\n\n[FortiGate-ips-signature-15995] related to [CVE-2008-4250] from CMDB lookup.\nSource [{{TR_MALICIOUS_IP}}] external.\nTarget [10.222.248.67] not found.\nInsufficient information to decide True/False positive.",
              "incidentLastSeen": "{{TR_FORMATTED_CURRENT_TIME}}",
              "incidentTicketId": "",
              "incidentFirstSeen": "{{TR_T-2}}",
              "incidentViewUsers": "",
              "phIncidentImpacts": "Application",
              "incidentNotiStatus": "",
              "incidentRptDevName": "{{TR_FG_DEV_NAME}}",
              "incidentTicketUser": "",
              "incidentViewStatus": "1 (Read)",
              "phIncidentCategory": "4",
              "incidentClearedTime": "{{TR_FORMATTED_CURRENT_TIME}}",
              "incidentClearedUser": "",
              "incidentExtTicketId": "T1210",
              "incidentRptDevStatus": "1 (Pending)",
              "incidentTicketStatus": "6 (None)",
              "incidentClearedReason": "",
              "incidentExtTicketType": "",
              "phSubIncidentCategory": "PH_RULE_SECURITY_EXECUTION",
              "incidentExtClearedTime": "{{TR_FORMATTED_CURRENT_TIME}}",
              "incidentExtTicketState": "",
              "incidentNotiRecipients": ""
            },
            "receiveTime": "2020-09-02T07:33:00+02:00"
          },
          "associated_events": [
            {
              "id": "8908964491548181012",
              "nid": "8908964491548181012",
              "index": "0",
              "custId": "2000",
              "dataStr": null,
              "eventType": "FortiGate-ips-signature-15995",
              "attributes": {
                "vdom": "root",
                "count": "1",
                "fwRule": "6",
                "eventId": "8908964491548181012",
                "ipProto": "6 (TCP)",
                "srcName": "HOST-{{TR_MALICIOUS_IP}}",
                "subtype": "ips",
                "customer": "demopack",
                "destName": "HOST-10.222.248.67",
                "fwAction": "detected",
                "logLevel": "alert",
                "memberID": "0419016384",
                "totFlows": "1",
                "direction": "outgoing",
                "eventName": "MS.DCERPC.NETAPI32.Buffer.Overflow",
                "eventType": "FortiGate-ips-signature-15995",
                "reptModel": "FortiOS",
                "sessionId": "51992519",
                "srcIpAddr": "{{TR_MALICIOUS_IP}}",
                "srcIpPort": "3038",
                "destIpAddr": "10.222.248.67",
                "destIpPort": "445 (MICROSOFT-DS)",
                "deviceTime": "{{TR_FORMATTED_CURRENT_TIME}}",
                "parserName": "FortiGateParser",
                "phRecvTime": "{{TR_FORMATTED_CURRENT_TIME}}",
                "reptVendor": "Fortinet",
                "srcGeoCity": "Mandaluyong",
                "collectorId": "10000",
                "eventAction": "0 (Permit)",
                "rawEventMsg": "<185>Sep  2 06:32:20 date=2016-09-13 time=16:50:23 devname=FG240D3913800441 devid=FG240D3913800441 logid=0419016384 type=utm subtype=ips eventtype=signature level=alert vd=root severity=critical srcip={{TR_MALICIOUS_IP}} srccountry=\"\"Philippines\"\" dstip=10.222.248.67 srcintf=\"\"wan1\"\" dstintf=\"\"HoneyZone\"\" policyid=6 sessionid=51992519 action=detected proto=6 service=\"\"SMB\"\" attack=\"\"MS.DCERPC.netAPI32.Buffer.Overflow\"\" srcport=3038 dstport=445 direction=outgoing attackid=15995 profile=\"\"Honeydrive_monitor\"\" ref=\"\"http://www.fortinet.com/ids/VID15995\"\" incidentserialno=2022574121 msg=\"\"netbios: MS.DCERPC.netAPI32.Buffer.Overflow",
                "reptDevName": "FG240D3913800441",
                "srcGeoState": "Metro Manila",
                "timeSkewSec": "125242917",
                "eventParsedOk": "1",
                "eventSeverity": "10",
                "reptDevIpAddr": "10.222.248.67",
                "srcGeoCountry": "Philippines",
                "ipsSignatureId": "15995",
                "relayDevIpAddr": "10.222.248.67",
                "srcGeoLatitude": "14.57944",
                "phEventCategory": "0 (External)",
                "srcGeoLongitude": "121.03592",
                "eventRuleTrigger": "1",
                "eventSeverityCat": "HIGH",
                "ipsFPCheckStatus": "0 (Couldnot determine)",
                "extEventRecvProto": "Syslog",
                "srcGeoCountryCodeStr": "PH"
              },
              "receiveTime": "{{TR_FORMATTED_CURRENT_TIME}}"
            }
          ]
        }
      }
    ]
  }
]