{
    "publisher": "CSE-Team",
    "name": "Case management, Dashboards and Reports",
    "product":"fortisoar",
    "connectors_dependencies":["virustotal"],    
    "version": "1.0.0",
    "description": "C Level scenario highlighting the progressive case management, dashboards and reports",
    "category": "c_level",
    "infographic": "https://github...",
    "fsm_events_dependencies":[{"source_ip":"10.0.50.120","destination_ip":"10.0.1.5","payload":"<142>May 17 13:27:37 fortielab.com ApacheLog  10.0.50.120 - Aule [17/Jul/2020:12:11:52 +0000] \"GET /html/index.php HTTP/1.1\" 200 431\"http://www.fortielab.com/\" \"Mozilla/4.05 [en] (MacOSX; I)\" \"USERID=Windows;IMPID=01234\""}]
}