[
  {
    "data": [
      {
        "sleep": 0,
        "name": "Multiple Logon Failures: Net Dev",
        "source": "Fortinet FortiSIEM",
        "demo_message": "PH_RULE_EXCESS_FAILED_LOGON_2_NET_DEV",
        "sourcedata": {
          "incident_data": {
            "id": "0",
            "nid": "{{TR_RANDOM_INTEGER}}1",
            "index": "32",
            "custId": "2000",
            "dataStr": null,
            "eventType": "PH_RULE_EXCESS_FAILED_LOGON_2_NET_DEV",
            "attributes": {
              "user": "",
              "count": "4949",
              "customer": "demopack",
              "eventName": "Multiple Logon Failures: Net Dev",
              "eventType": "PH_RULE_EXCESS_FAILED_LOGON_2_NET_DEV",
              "srcGeoOrg": "CHINANET-BACKBONE No.31 Jin-rong Street  CN",
              "srcIpAddr": "{{TR_MALICIOUS_IP}}",
              "bizService": "BankPortal,Firewall Service,NIST 800-53 Service",
              "destIpAddr": "{{TR_ASSET_IP}}",
              "incidentId": "{{TR_RANDOM_INTEGER}}1",
              "phRecvTime": "Tue Aug 25 10:53:30 CEST 2020",
              "srcGeoCity": "Xuzhou",
              "incidentSrc": "srcIpAddr:{{TR_MALICIOUS_IP}},",
              "srcGeoState": "Jiangsu",
              "incidentReso": "1 (Open)",
              "eventSeverity": "8",
              "incidentRptIp": "192.168.3.1",
              "incidentTitle": "9 login failures for user  from {{TR_MALICIOUS_IP}} on network device {{TR_ASSET_IP}}",
              "srcGeoCountry": "China",
              "incidentDetail": "incidentCount:6,",
              "incidentStatus": "0 (Active)",
              "incidentTarget": "destName:{{TR_ASSET_IP}}, destIpAddr:{{TR_ASSET_IP}}, user:{{TR_USERNAME}},",
              "srcGeoLatitude": "34.20577",
              "incidentExtUser": "",
              "phEventCategory": "1 (Incident)",
              "srcGeoLongitude": "117.28412",
              "eventSeverityCat": "MEDIUM",
              "incidentComments": "",
              "incidentLastSeen": "Tue Aug 25 10:53:30 CEST 2020",
              "incidentTicketId": "",
              "incidentFirstSeen": "Fri Aug 21 13:12:00 CEST 2020",
              "incidentViewUsers": "",
              "phIncidentImpacts": "Network",
              "incidentNotiStatus": "",
              "incidentRptDevName": "{{TR_ASSET_IP}}",
              "incidentTicketUser": "",
              "incidentViewStatus": "1 (Read)",
              "phIncidentCategory": "4",
              "incidentClearedTime": "Thu Jan 01 01:00:00 CET 1970",
              "incidentClearedUser": "",
              "incidentExtTicketId": "",
              "incidentRptDevStatus": "1 (Pending)",
              "incidentTicketStatus": "6 (None)",
              "incidentClearedReason": "",
              "incidentExtTicketType": "",
              "phSubIncidentCategory": "PH_RULE_SECURITY_INIT_ACCESS",
              "incidentExtClearedTime": "Thu Jan 01 01:00:00 CET 1970",
              "incidentExtTicketState": "",
              "incidentNotiRecipients": ""
            },
            "receiveTime": "2020-08-25T10:53:30+02:00"
          },
          "associated_events": [
            {
              "id": "8908964491388810251",
              "nid": "8908964491388810251",
              "index": "0",
              "custId": "2000",
              "dataStr": null,
              "eventType": "FortiGate-event-login-failure",
              "attributes": {
                "vdom": "root",
                "count": "1",
                "status": "failed",
                "eventId": "8908964491388810251",
                "srcName": "HOST-221.229.172.66",
                "subtype": "system",
                "customer": "demopack",
                "destName": "HOST-46.4.19.86",
                "fwAction": "failed",
                "logLevel": "alert",
                "memberID": "0100032002",
                "totFlows": "1",
                "eventName": "Failed admin logon",
                "eventType": "FortiGate-event-login-failure",
                "reptModel": "FortiOS",
                "srcIpAddr": "221.229.172.66",
                "destIpAddr": "46.4.19.86",
                "deviceTime": "Tue Sep 13 15:04:26 CEST 2016",
                "parserName": "FortiGateParser",
                "phRecvTime": "Tue Aug 25 10:53:59 CEST 2020",
                "reptVendor": "Fortinet",
                "srcGeoCity": "Xuzhou",
                "collectorId": "10000",
                "destGeoCity": "Nuremberg",
                "eventAction": "1 (Deny)",
                "rawEventMsg": "<185>Aug 25 09:53:59 date=2016-09-13 time=14:04:26 devname={{TR_ASSET_IP}} devid={{TR_ASSET_IP}} logid=0100032002 type=event subtype=system level=alert vd=root logdesc=\"\"Admin login failed\"\" sn=0 user=\"\"root\"\" ui=ssh(221.229.172.66) method=ssh srcip=221.229.172.66 dstip=46.4.19.86 action=login status=failed reason=\"\"passwd_invalid\"\" msg=\"\"Administrator root login failed from ssh(221.229.172.66) because of invalid password",
                "reptDevName": "{{TR_ASSET_IP}}",
                "srcGeoState": "Jiangsu",
                "timeSkewSec": "124573773",
                "destGeoState": "Bavaria",
                "eventParsedOk": "1",
                "eventSeverity": "10",
                "reptDevIpAddr": "192.168.3.1",
                "srcGeoCountry": "China",
                "destGeoCountry": "Germany",
                "relayDevIpAddr": "192.168.3.1",
                "srcGeoLatitude": "34.20577",
                "destGeoLatitude": "49.4521",
                "phEventCategory": "0 (External)",
                "srcGeoLongitude": "117.28412",
                "destGeoLongitude": "11.07667",
                "eventRuleTrigger": "1",
                "eventSeverityCat": "HIGH",
                "appTransportProto": "ssh",
                "extEventRecvProto": "Syslog",
                "srcGeoCountryCodeStr": "CN",
                "destGeoCountryCodeStr": "DE"
              },
              "receiveTime": "2020-08-25T10:53:59+02:00"
            }
          ]
        }
      }
    ]
  },
  {
    "data": [
      {
        "sleep": 0,
        "name": "Multiple Logon Failures: Net Dev",
        "source": "Fortinet FortiSIEM",
        "demo_message": "PH_RULE_EXCESS_FAILED_LOGON_2_NET_DEV",
        "sourcedata": {
          "incident_data": {
            "id": "0",
            "nid": "{{TR_RANDOM_INTEGER}}2",
            "index": "32",
            "custId": "2000",
            "dataStr": null,
            "eventType": "PH_RULE_EXCESS_FAILED_LOGON_2_NET_DEV",
            "attributes": {
              "user": "",
              "count": "4949",
              "customer": "demopack",
              "eventName": "Multiple Logon Failures: Net Dev",
              "eventType": "PH_RULE_EXCESS_FAILED_LOGON_2_NET_DEV",
              "srcGeoOrg": "CHINANET-BACKBONE No.31 Jin-rong Street  CN",
              "srcIpAddr": "{{TR_MALICIOUS_IP}}",
              "bizService": "BankPortal,Firewall Service,NIST 800-53 Service",
              "destIpAddr": "{{TR_ASSET_IP}}",
              "incidentId": "{{TR_RANDOM_INTEGER}}2",
              "phRecvTime": "Tue Aug 25 10:53:30 CEST 2020",
              "srcGeoCity": "Xuzhou",
              "incidentSrc": "srcIpAddr:{{TR_MALICIOUS_IP}}2,",
              "srcGeoState": "Jiangsu",
              "incidentReso": "1 (Open)",
              "eventSeverity": "8",
              "incidentRptIp": "192.168.3.1",
              "incidentTitle": "9 login failures for user  from {{TR_MALICIOUS_IP}} on network device {{TR_ASSET_IP}}",
              "srcGeoCountry": "China",
              "incidentDetail": "incidentCount:6,",
              "incidentStatus": "0 (Active)",
              "incidentTarget": "destName:{{TR_ASSET_IP}}, destIpAddr:{{TR_ASSET_IP}}, user:{{TR_USERNAME}},",
              "srcGeoLatitude": "34.20577",
              "incidentExtUser": "",
              "phEventCategory": "1 (Incident)",
              "srcGeoLongitude": "117.28412",
              "eventSeverityCat": "MEDIUM",
              "incidentComments": "",
              "incidentLastSeen": "Tue Aug 25 10:53:30 CEST 2020",
              "incidentTicketId": "",
              "incidentFirstSeen": "Fri Aug 21 13:12:00 CEST 2020",
              "incidentViewUsers": "",
              "phIncidentImpacts": "Network",
              "incidentNotiStatus": "",
              "incidentRptDevName": "{{TR_ASSET_IP}}",
              "incidentTicketUser": "",
              "incidentViewStatus": "1 (Read)",
              "phIncidentCategory": "4",
              "incidentClearedTime": "Thu Jan 01 01:00:00 CET 1970",
              "incidentClearedUser": "",
              "incidentExtTicketId": "",
              "incidentRptDevStatus": "1 (Pending)",
              "incidentTicketStatus": "6 (None)",
              "incidentClearedReason": "",
              "incidentExtTicketType": "",
              "phSubIncidentCategory": "PH_RULE_SECURITY_INIT_ACCESS",
              "incidentExtClearedTime": "Thu Jan 01 01:00:00 CET 1970",
              "incidentExtTicketState": "",
              "incidentNotiRecipients": ""
            },
            "receiveTime": "2020-08-25T10:53:30+02:00"
          },
          "associated_events": [
            {
              "id": "8908964491388810251",
              "nid": "8908964491388810251",
              "index": "0",
              "custId": "2000",
              "dataStr": null,
              "eventType": "FortiGate-event-login-failure",
              "attributes": {
                "vdom": "root",
                "count": "1",
                "status": "failed",
                "eventId": "8908964491388810251",
                "srcName": "HOST-221.229.172.66",
                "subtype": "system",
                "customer": "demopack",
                "destName": "HOST-46.4.19.86",
                "fwAction": "failed",
                "logLevel": "alert",
                "memberID": "0100032002",
                "totFlows": "1",
                "eventName": "Failed admin logon",
                "eventType": "FortiGate-event-login-failure",
                "reptModel": "FortiOS",
                "srcIpAddr": "221.229.172.66",
                "destIpAddr": "46.4.19.86",
                "deviceTime": "Tue Sep 13 15:04:26 CEST 2016",
                "parserName": "FortiGateParser",
                "phRecvTime": "Tue Aug 25 10:53:59 CEST 2020",
                "reptVendor": "Fortinet",
                "srcGeoCity": "Xuzhou",
                "collectorId": "10000",
                "destGeoCity": "Nuremberg",
                "eventAction": "1 (Deny)",
                "rawEventMsg": "<185>Aug 25 09:53:59 date=2016-09-13 time=14:04:26 devname={{TR_ASSET_IP}} devid={{TR_ASSET_IP}} logid=0100032002 type=event subtype=system level=alert vd=root logdesc=\"\"Admin login failed\"\" sn=0 user=\"\"root\"\" ui=ssh(221.229.172.66) method=ssh srcip=221.229.172.66 dstip=46.4.19.86 action=login status=failed reason=\"\"passwd_invalid\"\" msg=\"\"Administrator root login failed from ssh(221.229.172.66) because of invalid password",
                "reptDevName": "{{TR_ASSET_IP}}",
                "srcGeoState": "Jiangsu",
                "timeSkewSec": "124573773",
                "destGeoState": "Bavaria",
                "eventParsedOk": "1",
                "eventSeverity": "10",
                "reptDevIpAddr": "192.168.3.1",
                "srcGeoCountry": "China",
                "destGeoCountry": "Germany",
                "relayDevIpAddr": "192.168.3.1",
                "srcGeoLatitude": "34.20577",
                "destGeoLatitude": "49.4521",
                "phEventCategory": "0 (External)",
                "srcGeoLongitude": "117.28412",
                "destGeoLongitude": "11.07667",
                "eventRuleTrigger": "1",
                "eventSeverityCat": "HIGH",
                "appTransportProto": "ssh",
                "extEventRecvProto": "Syslog",
                "srcGeoCountryCodeStr": "CN",
                "destGeoCountryCodeStr": "DE"
              },
              "receiveTime": "2020-08-25T10:53:59+02:00"
            }
          ]
        }
      }
    ]
  },
  {
    "data": [
      {
        "sleep": 0,
        "name": "FortiWeb URL Access Violation",
        "source": "Fortinet FortiSIEM",
        "demo_message": "WAF_URL_ACCESS_VIOLATION",
        "sourcedata": {
          "incident_data": {
            "id": "0",
            "nid": "{{TR_RANDOM_INTEGER}}3",
            "index": "19",
            "custId": "1",
            "dataStr": null,
            "eventType": "WAF_URL_ACCESS_VIOLATION",
            "attributes": {
              "count": "2",
              "customer": "Super",
              "eventName": "FortiWeb URL Access Violation",
              "eventType": "WAF_URL_ACCESS_VIOLATION",
              "srcGeoOrg": "TTNET  TR",
              "srcIpAddr": "{{TR_MALICIOUS_IP}}",
              "bizService": "",
              "incidentId": "{{TR_RANDOM_INTEGER}}3",
              "phRecvTime": "Fri Aug 28 01:21:00 AST 2020",
              "srcGeoCity": "Istanbul",
              "incidentSrc": "srcIpAddr:{{TR_MALICIOUS_IP}},",
              "srcGeoState": "Istanbul",
              "incidentReso": "1 (Open)",
              "eventSeverity": "7",
              "incidentRptIp": "{{TR_ASSET_IP}}",
              "incidentTitle": "",
              "srcGeoCountry": "Turkey",
              "incidentDetail": "",
              "incidentStatus": "0 (Active)",
              "incidentTarget": "",
              "srcGeoLatitude": "41.00824",
              "incidentExtUser": "",
              "phEventCategory": "1 (Incident)",
              "srcGeoLongitude": "28.97836",
              "eventSeverityCat": "MEDIUM",
              "incidentComments": "",
              "incidentLastSeen": "Fri Aug 28 01:21:00 AST 2020",
              "incidentTicketId": "",
              "incidentFirstSeen": "Fri Aug 28 01:20:00 AST 2020",
              "incidentViewUsers": "",
              "phIncidentImpacts": "Other",
              "incidentNotiStatus": "",
              "incidentRptDevName": "FortiWeb",
              "incidentTicketUser": "",
              "incidentViewStatus": "1 (Read)",
              "phIncidentCategory": "5",
              "incidentClearedTime": "Thu Jan 01 04:00:00 AST 1970",
              "incidentClearedUser": "",
              "incidentExtTicketId": "",
              "incidentRptDevStatus": "2 (Approved)",
              "incidentTicketStatus": "6 (None)",
              "incidentClearedReason": "",
              "incidentExtTicketType": "",
              "phSubIncidentCategory": "PH_RULE_Other_Suspicious_Activity",
              "incidentExtClearedTime": "Thu Jan 01 04:00:00 AST 1970",
              "incidentExtTicketState": "",
              "incidentNotiRecipients": ""
            },
            "receiveTime": "2020-08-28T01:21:00+03:00"
          },
          "associated_events": [
            {
              "id": "4321204037104129436",
              "nid": "4321204037104129436",
              "index": "0",
              "custId": "1",
              "dataStr": null,
              "eventType": "FortiWeb-20000008",
              "attributes": {
                "type": "attack",
                "user": "Unknown",
                "vdom": "root",
                "count": "1",
                "usrMsg": "Parameter(redirect_uri) triggered signature ID 060140003 of Signatures policy IDM",
                "eventId": "4321204037104129436",
                "infoURL": "/ms_oauth/oauth2/ui/vfqoauth/showconsent?response_type=code&client_id=536d3888a48847bd83dca7a6e4f110e2&redirect_uri=https://ottapp-appgw-client-A.proda.vfq.tv3cloud.com/Red/sts/callback.aspx&scope=vfquser.me&state=BcHBCoAgDADQL9rBaamIh_4hujs3QQiLWkF_33u3FpWMAWVCmiGGiuCoEZB3BkqLNhpvnQ0mqYwyNLO08uyaWN5eZf1O2TAvg6-j8w8&oracle_client_name=VFQMF",
                "ipProto": "6 (TCP)",
                "srcName": "HOST-{{TR_MALICIOUS_IP}}",
                "subtype": "Signature Detection",
                "customer": "Super",
                "destName": "webservice1.website.com",
                "httpHost": "i.webservices.com.uk",
                "eventName": "FortiWeb URL Access Violation",
                "eventType": "FortiWeb-20000008",
                "reptModel": "FortiWeb",
                "srcGeoOrg": "TTNET  TR",
                "srcIpAddr": "{{TR_MALICIOUS_IP}}",
                "srcIpPort": "55732",
                "destIpAddr": "{{TR_ASSET_IP}}",
                "destIpPort": "80 (HTTP)",
                "deviceTime": "Fri Aug 28 01:27:26 AST 2020",
                "httpMethod": "get",
                "owaspTop10": "A1:2017-Injection",
                "parserName": "FortiWebParser",
                "phRecvTime": "Fri Aug 28 01:20:02 AST 2020",
                "policyName": "PolicyX",
                "reptVendor": "Fortinet",
                "srcGeoCity": "Istanbul",
                "collectorId": "10002",
                "eventAction": "1 (Deny)",
                "rawEventMsg": "",
                "reptDevName": "FortiWeb",
                "serviceName": "https/tls1.2",
                "srcGeoState": "Istanbul",
                "threatScore": "10",
                "timeSkewSec": "0",
                "eventParsedOk": "1",
                "eventSeverity": "7",
                "httpUserAgent": "Mozilla/5.0 (Linux; Android 10; SM-A705FN Build/QP1A.190711.020; wv) AppleWebKit/537.36 (KHTML, like Gecko) Version/4.0 Chrome/84.0.4147.125 Mobile Safari/537.36",
                "reptDevIpAddr": "{{TR_ASSET_IP}}3",
                "signatureType": "RFI Injection",
                "srcGeoCountry": "Turkey",
                "ipsSignatureId": "60140003",
                "relayDevIpAddr": "{{TR_ASSET_IP}}3",
                "srcGeoLatitude": "41.00824",
                "phEventCategory": "0 (External)",
                "srcGeoLongitude": "28.97836",
                "eventRuleTrigger": "1",
                "eventSeverityCat": "MEDIUM",
                "extEventRecvProto": "Syslog",
                "srcGeoCountryCodeStr": "TR"
              },
              "receiveTime": "2020-08-28T01:20:02+03:00"
            }
          ]
        }
      }
    ]
  }
]