{
  "type": "workflow_collections",
  "data": [
    {
      "@type": "WorkflowCollection",
      "name": "13 - MITRE Local Import",
      "description": null,
      "visible": true,
      "image": null,
      "uuid": "0dcd6ef5-adf7-41a3-a992-ac2926c66199",
      "recordTags": [],
      "workflows": [
        {
          "@type": "Workflow",
          "triggerLimit": null,
          "name": "A: Download Mitre Techniques",
          "aliasName": null,
          "description": null,
          "collection": "/api/3/workflow_collections/0dcd6ef5-adf7-41a3-a992-ac2926c66199",
          "tag": null,
          "isActive": true,
          "singleRecordExecution": false,
          "remoteExecutableFlag": false,
          "parameters": [],
          "synchronous": false,
          "triggerStep": "/api/3/workflow_steps/8882d03f-6c9e-4fdf-9863-d46c116e6cbb",
          "steps": [
            {
              "@type": "WorkflowStep",
              "name": "Do Nothing",
              "description": null,
              "arguments": {
                "params": [],
                "version": "3.0.2",
                "connector": "cyops_utilities",
                "operation": "no_op",
                "operationTitle": "Utils: No Operation",
                "step_variables": []
              },
              "status": null,
              "left": "475",
              "top": "300",
              "stepType": "/api/3/workflow_step_types/0109f35d-090b-4a2b-bd8a-94cbc3508562",
              "uuid": "066eaa20-a4a1-4162-86cf-cea16db52774"
            },
            {
              "@type": "WorkflowStep",
              "name": "Download Mitre Techniques",
              "description": null,
              "arguments": {
                "arguments": [],
                "apply_async": false,
                "step_variables": [],
                "workflowReference": "/api/3/workflows/3574b29c-1b39-40c6-aee8-2b6d3b2fe336"
              },
              "status": null,
              "left": "125",
              "top": "300",
              "stepType": "/api/3/workflow_step_types/74932bdc-b8b6-4d24-88c4-1a4dfbc524f3",
              "uuid": "07278a30-1afd-42b9-878e-b5ad848b0ad6"
            },
            {
              "@type": "WorkflowStep",
              "name": "Start",
              "description": null,
              "arguments": {
                "route": "e9d09aa2-829e-4358-911a-b3b3f7e23a90",
                "title": "Download Mitre Techniques",
                "resources": [
                  "mitreattack"
                ],
                "inputVariables": [
                  {
                    "name": "decision_input",
                    "type": "string",
                    "label": "Do you want to Proceed? Note: Download process can take upto 20 mins",
                    "title": "Text Field",
                    "usable": true,
                    "tooltip": "Type 'Y' or 'YES' to Download else 'N' or 'NO' to abort",
                    "dataType": "text",
                    "formType": "text",
                    "required": true,
                    "_expanded": true,
                    "mmdUpdate": true,
                    "collection": false,
                    "searchable": true,
                    "templateUrl": "app/components/form/fields/input.html",
                    "_nameTouched": true,
                    "defaultValue": "N",
                    "lengthConstraint": true,
                    "allowedEncryption": true,
                    "allowedGridColumn": true,
                    "useRecordFieldDefault": false
                  }
                ],
                "step_variables": {
                  "input": {
                    "params": {
                      "decision_input": "{{vars.request.data[\"decision_input\"]}}"
                    },
                    "records": "{{vars.input.records}}"
                  }
                },
                "_promptexpanded": true,
                "executeButtonText": "Proceed",
                "noRecordExecution": true,
                "singleRecordExecution": false
              },
              "status": null,
              "left": "300",
              "top": "30",
              "stepType": "/api/3/workflow_step_types/f414d039-bb0d-4e59-9c39-a8f1e880b18a",
              "uuid": "8882d03f-6c9e-4fdf-9863-d46c116e6cbb"
            },
            {
              "@type": "WorkflowStep",
              "name": "Create Records",
              "description": null,
              "arguments": {
                "conditions": [
                  {
                    "option": "Yes",
                    "step_iri": "/api/3/workflow_steps/07278a30-1afd-42b9-878e-b5ad848b0ad6",
                    "condition": "{{ vars.input.params['decision_input'] | upper == \"Y\" or vars.input.params['decision_input'] | upper == \"YES\" }}",
                    "step_name": "Download Mitre Techniques"
                  },
                  {
                    "option": "No",
                    "default": true,
                    "step_iri": "/api/3/workflow_steps/066eaa20-a4a1-4162-86cf-cea16db52774",
                    "step_name": "Do Nothing"
                  }
                ]
              },
              "status": null,
              "left": "300",
              "top": "165",
              "stepType": "/api/3/workflow_step_types/12254cf5-5db7-4b1a-8cb1-3af081924b28",
              "uuid": "fea85696-1d2a-4e06-8e88-d6b76b1ff704"
            }
          ],
          "routes": [
            {
              "@type": "WorkflowRoute",
              "uuid": "20ad6c45-7c2c-4e0f-8661-8ea988c54562",
              "name": "Create Records -> Create Sample Records",
              "label": "Yes",
              "isExecuted": false,
              "targetStep": "/api/3/workflow_steps/07278a30-1afd-42b9-878e-b5ad848b0ad6",
              "sourceStep": "/api/3/workflow_steps/fea85696-1d2a-4e06-8e88-d6b76b1ff704"
            },
            {
              "@type": "WorkflowRoute",
              "uuid": "39cbde56-baa6-4569-8837-dadbb7e79469",
              "name": "Create Records -> Do Nothing",
              "label": "No",
              "isExecuted": false,
              "targetStep": "/api/3/workflow_steps/066eaa20-a4a1-4162-86cf-cea16db52774",
              "sourceStep": "/api/3/workflow_steps/fea85696-1d2a-4e06-8e88-d6b76b1ff704"
            },
            {
              "@type": "WorkflowRoute",
              "uuid": "7bafdf0f-5efd-41c9-a86a-b8f2b1f577e2",
              "name": "Start -> Create Records",
              "label": null,
              "isExecuted": false,
              "targetStep": "/api/3/workflow_steps/fea85696-1d2a-4e06-8e88-d6b76b1ff704",
              "sourceStep": "/api/3/workflow_steps/8882d03f-6c9e-4fdf-9863-d46c116e6cbb"
            }
          ],
          "versions": [],
          "lastModifyDate": 1605019237,
          "priority": null,
          "uuid": "0ac7b1be-a395-4b03-8977-abeae0e5ff7e",
          "recordTags": [],
          "isPrivate": false,
          "owners": []
        },
        {
          "@type": "Workflow",
          "triggerLimit": null,
          "name": "A > 1: Proceed to Download Mitre Techniques",
          "aliasName": null,
          "description": null,
          "collection": "/api/3/workflow_collections/0dcd6ef5-adf7-41a3-a992-ac2926c66199",
          "tag": null,
          "isActive": true,
          "singleRecordExecution": false,
          "remoteExecutableFlag": false,
          "parameters": [],
          "synchronous": false,
          "triggerStep": "/api/3/workflow_steps/e983feae-3f86-4a6a-8057-770b9313afab",
          "steps": [
            {
              "@type": "WorkflowStep",
              "name": "get mitre data",
              "description": null,
              "arguments": {
                "config": "c716a2de-468a-486d-a204-306bfa5fec19",
                "params": {
                  "python_function": "import stix2\nfrom stix2 import *\nfrom stix2 import TAXIICollectionSource, Filter\nfrom stix2.base import STIXJSONEncoder\nfrom taxii2client import Collection, Server\nimport json\nserver = Server(\"https://cti-taxii.mitre.org/taxii/\")\napi_root = server.api_roots[0]\nattack = {}\ncollection = Collection(\"https://cti-taxii.mitre.org/stix/collections/95ecc380-afe9-11e4-9b6c-751b66dd541e/\")\ntc_source = TAXIICollectionSource(collection)\nfilter_objs = {\n    \"techniques\": Filter(\"type\", \"=\", \"attack-pattern\"),\n    \"mitigations\": Filter(\"type\", \"=\", \"course-of-action\"),\n    \"groups\": Filter(\"type\", \"=\", \"intrusion-set\"),\n    \"relationships\": Filter(\"type\", \"=\", \"relationship\"),\n    \"malware\": Filter(\"type\", \"=\", \"malware\"),\n    \"tools\": Filter(\"type\", \"=\", \"tool\")\n}\nfor key in filter_objs:\n    attack[key] = tc_source.query(filter_objs[key])\natk_techniques = []\natkmit_relationships = []\natkgroup_relationships = []\ntech_miti_list = []\ntech_group_list = []\ntech_tools_list = []\ntech_malware_list = []\nfor technique in attack['techniques']:\n    atk_techniques.append(technique['id'])\nfor relationship in attack['relationships']:\n    if relationship['relationship_type'] == 'mitigates':\n        atkmit_relationships.append(relationship)\n    elif relationship['relationship_type'] == 'uses':\n        if relationship['target_ref'].startswith('attack-pattern'):\n            atkgroup_relationships.append(relationship)\nfor tech_id in atk_techniques:\n    tech_miti_list.append({\"technique_id\": tech_id, \"mitigations\": []})\n    tech_group_list.append({\"technique_id\": tech_id, \"groups\": []})\n    tech_tools_list.append({\"technique_id\": tech_id, \"tools\": []})\n    tech_malware_list.append({\"technique_id\": tech_id, \"malware\": []})\nfor relationship in atkmit_relationships:\n    for mitigation in attack[\"mitigations\"]:\n        for item in tech_miti_list:\n            if relationship['target_ref'] == item['technique_id'] and relationship['source_ref'] not in item['mitigations']:\n                if relationship['source_ref'] == mitigation['id']:\n                    item['mitigations'].append(mitigation)\nfor relationship in atkgroup_relationships:\n    for group in attack[\"groups\"]:\n        for item in tech_group_list:\n            if relationship['target_ref'] == item['technique_id'] and relationship['source_ref'] not in item['groups']:\n                if relationship['source_ref'] == group['id']:\n                    item['groups'].append(group)\n    for tool in attack[\"tools\"]:\n        for item in tech_tools_list:\n            if relationship['target_ref'] == item['technique_id'] and relationship['source_ref'] not in item['tools']:\n                if relationship['source_ref'] == tool['id']:\n                    item['tools'].append(tool)\n    for mal in attack[\"malware\"]:\n        for item in tech_malware_list:\n            if relationship['target_ref'] == item['technique_id'] and relationship['source_ref'] not in item['malware']:\n                if relationship['source_ref'] == mal['id']:\n                    item['malware'].append(mal)\nattack['technique_mitigations'] = tech_miti_list\nattack['technique_groups'] = tech_group_list\nattack['technique_tools'] = tech_tools_list\nattack['technique_malware'] = tech_malware_list\nprint(json.dumps(attack, cls=STIXJSONEncoder))"
                },
                "version": "1.2.4",
                "connector": "code-snippet",
                "operation": "python_inline",
                "operationTitle": "Execute Python Code",
                "step_variables": []
              },
              "status": null,
              "left": "125",
              "top": "165",
              "stepType": "/api/3/workflow_step_types/1fdd14cc-d6b4-4335-a3af-ab49c8ed2fd8",
              "uuid": "e551bda6-4cd4-4c0d-aa26-1bbe9c85977d"
            },
            {
              "@type": "WorkflowStep",
              "name": "Start",
              "description": null,
              "arguments": {
                "step_variables": []
              },
              "status": null,
              "left": "125",
              "top": "30",
              "stepType": "/api/3/workflow_step_types/b348f017-9a94-471f-87f8-ce88b6a7ad62",
              "uuid": "e983feae-3f86-4a6a-8057-770b9313afab"
            },
            {
              "@type": "WorkflowStep",
              "name": "Create Technique Records In Batches",
              "description": null,
              "arguments": {
                "for_each": {
                  "item": "{{vars.steps.get_mitre_data.data['code_output'].techniques | batch(50) | list }}",
                  "__bulk": false,
                  "parallel": true,
                  "condition": ""
                },
                "arguments": {
                  "techniques": "{{ vars.item }}",
                  "technique_tools": "{{vars.steps.get_mitre_data.data['code_output'].technique_tools}}",
                  "technique_groups": "{{vars.steps.get_mitre_data.data['code_output'].technique_groups}}",
                  "technique_malware": "{{vars.steps.get_mitre_data.data['code_output'].technique_malware}}",
                  "technique_mitigations": "{{vars.steps.get_mitre_data.data['code_output'].technique_mitigations}}"
                },
                "apply_async": true,
                "step_variables": [],
                "workflowReference": "/api/3/workflows/d9c75cbd-faf9-422a-a2d8-abe6dbbd9d12"
              },
              "status": null,
              "left": "125",
              "top": "300",
              "stepType": "/api/3/workflow_step_types/74932bdc-b8b6-4d24-88c4-1a4dfbc524f3",
              "uuid": "f9c3f45d-4043-4156-a459-b3d9045ef68d"
            }
          ],
          "routes": [
            {
              "@type": "WorkflowRoute",
              "uuid": "0ff14c44-f7f0-4a45-babb-08dca4916d4b",
              "name": "Start -> Copy  of get mitre data",
              "label": null,
              "isExecuted": false,
              "targetStep": "/api/3/workflow_steps/e551bda6-4cd4-4c0d-aa26-1bbe9c85977d",
              "sourceStep": "/api/3/workflow_steps/e983feae-3f86-4a6a-8057-770b9313afab"
            },
            {
              "@type": "WorkflowRoute",
              "uuid": "ad507ec0-2a45-451e-9acd-44530e600f4a",
              "name": "Copy  of get mitre data -> Create Technique Records In Batches",
              "label": null,
              "isExecuted": false,
              "targetStep": "/api/3/workflow_steps/f9c3f45d-4043-4156-a459-b3d9045ef68d",
              "sourceStep": "/api/3/workflow_steps/e551bda6-4cd4-4c0d-aa26-1bbe9c85977d"
            }
          ],
          "versions": [],
          "lastModifyDate": 1605019220,
          "priority": null,
          "uuid": "3574b29c-1b39-40c6-aee8-2b6d3b2fe336",
          "recordTags": [],
          "isPrivate": false,
          "owners": []
        },
        {
          "@type": "Workflow",
          "triggerLimit": null,
          "name": "A > 1 > a: Create Records For Techniques",
          "aliasName": null,
          "description": null,
          "collection": "/api/3/workflow_collections/0dcd6ef5-adf7-41a3-a992-ac2926c66199",
          "tag": null,
          "isActive": true,
          "singleRecordExecution": false,
          "remoteExecutableFlag": false,
          "parameters": [
            "techniques",
            "technique_mitigations",
            "technique_groups",
            "technique_malware",
            "technique_tools"
          ],
          "synchronous": false,
          "triggerStep": "/api/3/workflow_steps/df62f9be-ecd6-46a7-bfc7-3e196e6e6789",
          "steps": [
            {
              "@type": "WorkflowStep",
              "name": "Create and update records",
              "description": null,
              "arguments": {
                "for_each": {
                  "item": "{{vars.techniques}}",
                  "__bulk": true,
                  "parallel": true,
                  "condition": ""
                },
                "resource": {
                  "name": "{{vars.item.external_references[0].external_id}}- {{vars.item.name}}",
                  "tools": "{% set techid = vars.item['id'] %}{% set tool = vars.technique_tools | json_query(\"[? technique_id=='\" + techid + \"']\") %}{% if tool[0]['tools'] | length > 0 %}{% for t in tool[0]['tools'] %}{{t['name'] + \": \" + t['description'] | replace(\".(Citation\",\". (Citation\")}}\n\n{% endfor %}\n{% else %}No tools available for this technique.{% endif %}",
                  "malware": "{% set techid = vars.item['id'] %}{% set mal = vars.technique_malware | json_query(\"[? technique_id=='\" + techid + \"']\") %}{% if mal[0]['malware'] | length > 0 %}{% for m in mal[0]['malware'] %}{{m['name'] + \": \" + m['description'] | replace(\".(Citation\",\". (Citation\")}}\n\n{% endfor %} {% else %}No malware available for this technique.{% endif %}",
                  "tactics": "{% if vars.item.kill_chain_phases %}{{vars.item.kill_chain_phases | json_query(\"[*].phase_name\") | join(\", \") | title}}{% endif %}",
                  "__replace": "true",
                  "detection": "{{vars.item.x_mitre_detection}}",
                  "platforms": "{{vars.item.x_mitre_platforms | join(\", \")}}",
                  "technique": "{{vars.item.name}}",
                  "datasources": "{% if vars.item.x_mitre_data_sources | length > 0 %}{{vars.item.x_mitre_data_sources | join(\", \")}}{% else %}No data sources available for this technique.{% endif %}",
                  "description": "{{vars.item.description}}",
                  "mitigations": "{% set techid = vars.item['id'] %}{% set mit = vars.technique_mitigations | json_query(\"[? technique_id=='\" + techid + \"']\") %}{% if mit[0]['mitigations'] | length > 0 %}{% for m in mit[0]['mitigations'] %}{{m['name'] + \": \" + m['description'] | replace(\".(Citation\",\". (Citation\")}}\n\n{% endfor %}\n{% else %}No mitigations available for this technique.{% endif %}",
                  "techniqueid": "{{vars.item.external_references[0].external_id}}",
                  "toolreferences": "{% set techid = vars.item['id'] %}{% set tool = vars.technique_tools | json_query(\"[? technique_id=='\" + techid + \"']\") %}{% if tool[0]['tools'] | length > 0 %}{% for t in tool[0]['tools'] %}{% for reference in t['external_references'] %}{{reference['source_name'] + \": \" + reference.get('url', \"No URL provided\") + \" -- \" + reference.get('description', \"No description provided\")}}\n{% endfor %}{% endfor %}\n{% else %}No tools available for this technique.{% endif %}",
                  "associatedactors": "{% set techid = vars.item['id'] %}{% set grp = vars.technique_groups | json_query(\"[? technique_id=='\" + techid + \"']\") %}{% if grp[0]['groups'] | length > 0 %}{% for g in grp[0]['groups'] %}{{g['name'] + \": \" + g['description'] | replace(\".(Citation\",\". (Citation\")}}\n\n{% endfor %}\n{% else %}No threat actor groups available for this technique.{% endif %}",
                  "malwarereferences": "{% set techid = vars.item['id'] %}{% set mal = vars.technique_malware | json_query(\"[? technique_id=='\" + techid + \"']\") %}{% if mal[0]['malware'] | length > 0 %}{% for m in mal[0]['malware'] %}{% for reference in m['external_references'] %}{{reference['source_name'] + \": \" + reference.get('url', \"No URL provided\") + \" -- \" +reference.get('description', \"No description provided\")}}\n{% endfor %}{% endfor %}\n{% else %}No malware available for this technique.{% endif %}",
                  "externalreferences": "{% for reference in vars.item.external_references %}{{reference['source_name'] + \": \" + reference.get('url', \"No URL provided\")}}\n{%endfor%}",
                  "permissionsrequired": "{% if vars.item.x_mitre_permissions_required | length > 0 %}{{vars.item.x_mitre_permissions_required | join(\", \")}}{% else %}No required permissions available for this technique.{% endif%}",
                  "threatactorreferences": "{% set techid = vars.item['id'] %}{% set actor = vars.technique_groups | json_query(\"[? technique_id=='\" + techid + \"']\") %}{% if actor[0]['groups'] | length > 0 %}{% for a in actor[0]['groups'] %}{% for reference in a['external_references'] %}{{reference['source_name'] + \": \" + reference.get('url', \"No URL provided\") + \" -- \" + reference.get('description', \"No description provided\")}}\n{% endfor %}{% endfor %}\n{% else %}No threat actor groups available for this technique.{% endif %}"
                },
                "_showJson": false,
                "operation": "Overwrite",
                "collection": "/api/3/upsert/mitreattack",
                "fieldOperation": {
                  "recordTags": "Overwrite"
                },
                "step_variables": []
              },
              "status": null,
              "left": "125",
              "top": "165",
              "stepType": "/api/3/workflow_step_types/2597053c-e718-44b4-8394-4d40fe26d357",
              "uuid": "601c0d29-7da4-405d-93dd-b8be193fa86f"
            },
            {
              "@type": "WorkflowStep",
              "name": "Start",
              "description": null,
              "arguments": {
                "step_variables": []
              },
              "status": null,
              "left": "125",
              "top": "30",
              "stepType": "/api/3/workflow_step_types/b348f017-9a94-471f-87f8-ce88b6a7ad62",
              "uuid": "df62f9be-ecd6-46a7-bfc7-3e196e6e6789"
            }
          ],
          "routes": [
            {
              "@type": "WorkflowRoute",
              "uuid": "b3047eca-8c97-4f85-96d2-ba444cdba567",
              "name": "Start -> Create and update records",
              "label": null,
              "isExecuted": false,
              "targetStep": "/api/3/workflow_steps/601c0d29-7da4-405d-93dd-b8be193fa86f",
              "sourceStep": "/api/3/workflow_steps/df62f9be-ecd6-46a7-bfc7-3e196e6e6789"
            }
          ],
          "versions": [],
          "lastModifyDate": 1605019262,
          "priority": null,
          "uuid": "d9c75cbd-faf9-422a-a2d8-abe6dbbd9d12",
          "recordTags": [],
          "isPrivate": false,
          "owners": []
        }
      ]
    }
  ],
  "exported_tags": []
}