{
  "type": "workflow_collections",
  "data": [
    {
      "@context": "/api/3/contexts/WorkflowCollection",
      "@type": "WorkflowCollection",
      "name": "01 - Drafts",
      "description": null,
      "visible": true,
      "image": null,
      "uuid": "4dc865c8-012e-4326-8be5-252b723ea734",
      "id": 9,
      "createDate": 1679912566.622737,
      "modifyDate": 1698228872.638225,
      "deletedAt": null,
      "importedBy": [
        {
          "apiName": "sOARFramework",
          "name": "SOAR Framework",
          "version": "2.2.0"
        }
      ],
      "recordTags": [],
      "workflows": [
        {
          "@type": "Workflow",
          "triggerLimit": null,
          "name": "<Utility> Delete All Records",
          "aliasName": null,
          "tag": null,
          "description": "Erase all data from DB",
          "isActive": true,
          "debug": true,
          "singleRecordExecution": false,
          "remoteExecutableFlag": false,
          "parameters": [],
          "synchronous": false,
          "lastModifyDate": 1698248916,
          "collection": "/api/3/workflow_collections/4dc865c8-012e-4326-8be5-252b723ea734",
          "versions": [],
          "triggerStep": "/api/3/workflow_steps/072e9558-d960-473d-b81f-75b90c7d8c02",
          "steps": [
            {
              "@type": "WorkflowStep",
              "name": "Configuration",
              "description": null,
              "arguments": {
                "table_list": "['alerts','indicators','incidents','tasks','assets','hunt']"
              },
              "status": null,
              "top": "300",
              "left": "125",
              "stepType": "/api/3/workflow_step_types/04d0cf46-b6a8-42c4-8683-60a7eaa69e8f",
              "group": null,
              "uuid": "250419c2-9b70-4f36-80cc-eab4338bb61b"
            },
            {
              "@type": "WorkflowStep",
              "name": "Delete Data",
              "description": null,
              "arguments": {
                "config": "532cb0c1-3a36-4324-b1d2-a6bc3754b984",
                "params": {
                  "python_function": "import psycopg2\n\nhostname = '127.0.0.1'\nusername = 'cyberpgsql'\npassword = '{{vars.password}}'\ndatabase = 'venom'\ntable_list = {{vars.table_list}}\n\n\ndef doQuery(conn):\n    curr = conn.cursor()\n    try:\n        for tables in table_list:\n            curr.execute(\"delete from {}\".format(tables))\n            conn.commit()\n    except (Exception, psycopg2.DatabaseError) as error:\n\n        print (error)\n\n\nmyConnection = psycopg2.connect(host=hostname, user=username,\n                                password=password, dbname=database)\ndoQuery(myConnection)\nmyConnection.close()"
                },
                "version": "2.0.3",
                "connector": "code-snippet",
                "operation": "python_inline",
                "operationTitle": "Execute Python Code",
                "step_variables": []
              },
              "status": null,
              "top": "435",
              "left": "125",
              "stepType": "/api/3/workflow_step_types/1fdd14cc-d6b4-4335-a3af-ab49c8ed2fd8",
              "group": null,
              "uuid": "db337c41-ad20-430c-ba36-ff70d4179b96"
            },
            {
              "@type": "WorkflowStep",
              "name": "Get Node Details",
              "description": null,
              "arguments": {
                "params": {
                  "iri": "/api/auth/license/?param=license_details",
                  "body": "",
                  "method": "GET"
                },
                "version": "3.2.2",
                "connector": "cyops_utilities",
                "operation": "make_cyops_request",
                "operationTitle": "FSR: Make FortiSOAR API Call",
                "step_variables": {
                  "password": "{{(vars.steps.Get_Node_Details.data.nodes.keys()|list).0}}"
                }
              },
              "status": null,
              "top": "165",
              "left": "125",
              "stepType": "/api/3/workflow_step_types/0109f35d-090b-4a2b-bd8a-94cbc3508562",
              "group": null,
              "uuid": "84a23ba4-6edd-4785-a282-ac70c5a9bd09"
            },
            {
              "@type": "WorkflowStep",
              "name": "Start",
              "description": "This playbook will delete all records from database",
              "arguments": {
                "route": "3081a123-524a-4e08-afe4-ad73967ebd30",
                "title": "",
                "resources": [
                  "alerts"
                ],
                "inputVariables": [],
                "step_variables": {
                  "input": {
                    "params": [],
                    "records": "{{vars.input.records}}"
                  }
                },
                "_promptexpanded": true,
                "displayConditions": {
                  "alerts": {
                    "sort": [],
                    "limit": 30,
                    "logic": "AND",
                    "filters": []
                  }
                },
                "executeButtonText": "Reset",
                "noRecordExecution": true,
                "singleRecordExecution": false
              },
              "status": null,
              "top": "30",
              "left": "125",
              "stepType": "/api/3/workflow_step_types/f414d039-bb0d-4e59-9c39-a8f1e880b18a",
              "group": null,
              "uuid": "072e9558-d960-473d-b81f-75b90c7d8c02"
            }
          ],
          "routes": [
            {
              "@type": "WorkflowRoute",
              "name": "Configuration -> Delete Data",
              "targetStep": "/api/3/workflow_steps/db337c41-ad20-430c-ba36-ff70d4179b96",
              "sourceStep": "/api/3/workflow_steps/250419c2-9b70-4f36-80cc-eab4338bb61b",
              "label": null,
              "isExecuted": false,
              "group": null,
              "uuid": "5bab23ed-80fc-469d-8f9f-73f8fa524218"
            },
            {
              "@type": "WorkflowRoute",
              "name": "Get Node Details -> Configuration",
              "targetStep": "/api/3/workflow_steps/250419c2-9b70-4f36-80cc-eab4338bb61b",
              "sourceStep": "/api/3/workflow_steps/84a23ba4-6edd-4785-a282-ac70c5a9bd09",
              "label": null,
              "isExecuted": false,
              "group": null,
              "uuid": "bfb9953f-7ca0-4b19-ba0a-5f5be3d6e633"
            },
            {
              "@type": "WorkflowRoute",
              "name": "Start -> Get Node Details",
              "targetStep": "/api/3/workflow_steps/84a23ba4-6edd-4785-a282-ac70c5a9bd09",
              "sourceStep": "/api/3/workflow_steps/072e9558-d960-473d-b81f-75b90c7d8c02",
              "label": null,
              "isExecuted": false,
              "group": null,
              "uuid": "86fd33ab-01d9-4518-b763-86285e99a19f"
            }
          ],
          "groups": [],
          "priority": null,
          "uuid": "8398d9d3-381f-493c-8b77-ca69d9e52fb9",
          "id": 1026,
          "createUser": "/api/3/people/3451141c-bac6-467c-8d72-85e0fab569ce",
          "createDate": 1698229727.618963,
          "modifyUser": "/api/3/people/3451141c-bac6-467c-8d72-85e0fab569ce",
          "modifyDate": 1698248917.688482,
          "owners": [],
          "isPrivate": false,
          "deletedAt": null,
          "importedBy": [],
          "recordTags": [
            "ManualAction"
          ]
        }
      ]
    }
  ],
  "exported_tags": [
    "ManualAction"
  ]
}