[
  {
    "data": [
      {
        "sleep": 0,
        "name": "Traffic to FortiGuard Malware IP List",
        "source": "FSMSIM-FDLA",
        "demo_message": "1) C2 Connection detected",
        "sourcedata": {
          "incident_data": {
            "id": "0",
            "nid": "{{TR_RANDOM_INTEGER}}1",
            "index": "9",
            "custId": "2000",
            "dataStr": null,
            "eventType": "PH_RULE_TO_FORTIGUARD_MALWARE_IP",
            "attributes": {
              "count": "2",
              "customer": "hulu",
              "eventName": "Traffic to FortiGuard Malware IP List",
              "eventType": "PH_RULE_TO_FORTIGUARD_MALWARE_IP",
              "srcIpAddr": "10.10.0.2",
              "bizService": "",
              "destGeoOrg": "HINET Data Communication Business Group  TW",
              "destIpAddr": "1.171.166.13",
              "incidentId": "{{TR_RANDOM_INTEGER}}1",
              "phRecvTime": "Tue Jul 21 09:33:00 CEST 2020",
              "destGeoCity": "Taipei City",
              "incidentSrc": "srcIpAddr:10.10.0.2,",
              "destGeoState": "Taipei City",
              "incidentReso": "1 (Open)",
              "eventSeverity": "9",
              "incidentRptIp": "10.222.249.200",
              "incidentTitle": "Traffic from 10.10.0.2 to FortiGuard Malware IP 1.171.166.13",
              "destGeoCountry": "Taiwan",
              "incidentDetail": "",
              "incidentStatus": "0 (Active)",
              "incidentTarget": "destIpAddr:1.171.166.13,",
              "destGeoLatitude": "25.03297",
              "incidentExtUser": "",
              "phEventCategory": "1 (Incident)",
              "destGeoLongitude": "121.56542",
              "eventSeverityCat": "HIGH",
              "incidentComments": "",
              "incidentLastSeen": "",
              "incidentTicketId": "",
              "incidentFirstSeen": "{{TR_T-6}}",
              "incidentViewUsers": "",
              "phIncidentImpacts": "Network",
              "incidentNotiStatus": "",
              "incidentRptDevName": "FortiGate-Core",
              "incidentTicketUser": "",
              "incidentViewStatus": "1 (Read)",
              "phIncidentCategory": "4",
              "incidentClearedTime": "Thu Jan 01 01:00:00 CET 1970",
              "incidentClearedUser": "",
              "incidentExtTicketId": "",
              "incidentRptDevStatus": "1 (Pending)",
              "incidentTicketStatus": "6 (None)",
              "incidentClearedReason": "",
              "incidentExtTicketType": "",
              "phSubIncidentCategory": "PH_RULE_SECURITY_COMMAND_AND_CONTROL",
              "incidentExtClearedTime": "Thu Jan 01 01:00:00 CET 1970",
              "incidentExtTicketState": "",
              "incidentNotiRecipients": "",
              "user":"masha"
            },
            "receiveTime": "2020-07-21T09:33:00+02:00"
          },
          "associated_events": [
            {
              "id": "7922253957023722751",
              "nid": "7922253957023722751",
              "index": "0",
              "custId": "2000",
              "dataStr": null,
              "eventType": "FortiGate-traffic-allowed",
              "attributes": {
                "uuid": "a1cdcc14-f7e0-51e9-2c1c-0be23092896e",
                "vdom": "root",
                "count": "1",
                "fwRule": "3",
                "appName": "HTTP.BROWSER",
                "appRisk": "medium",
                "eventId": "7922253957023722751",
                "ipProto": "6 (TCP)",
                "srcName": "Lite",
                "subtype": "forward",
                "customer": "hulu",
                "destName": "HOST-1.171.166.13",
                "fwAction": "allow",
                "logLevel": "notice",
                "memberID": "0000000013",
                "totFlows": "1",
                "trandisp": "snat",
                "eventName": "Permitted traffic",
                "eventType": "FortiGate-traffic-allowed",
                "reptModel": "FortiOS",
                "sessionId": "5599641",
                "srcIpAddr": "10.10.0.2",
                "srcIpPort": "60652",
                "totPkts64": "8",
                "destGeoOrg": "HINET Data Communication Business Group  TW",
                "destIpAddr": "1.171.166.13",
                "destIpPort": "80 (HTTP)",
                "deviceTime": "",
                "parserName": "FortiGateParser",
                "phRecvTime": "{{TR_T-6}}",
                "recvPkts64": "4",
                "reptVendor": "Fortinet",
                "sentPkts64": "4",
                "srcMACAddr": "52:54:00:4e:6e:7c",
                "totBytes64": "456",
                "collectorId": "10000",
                "destGeoCity": "Taipei City",
                "eventAction": "0 (Permit)",
                "rawEventMsg": "<189>date=2020-07-21 time=09:31:58 devname=\"FortiGate-Core\" devid=\"FGVM02TM19008304\" logid=\"0000000013\" type=\"traffic\" subtype=\"forward\" level=\"notice\" vd=\"root\" eventtime=1595316718882194788 tz=\"+0200\" srcip=10.10.0.2 srcport=60652 srcintf=\"port3\" srcintfrole=\"lan\" dstip=1.171.166.13 dstport=80 dstintf=\"port5\" dstintfrole=\"wan\" srccountry=\"Reserved\" dstcountry=\"Taiwan\" sessionid=5599641 proto=6 action=\"server-rst\" policyid=3 policytype=\"policy\" poluuid=\"a1cdcc14-f7e0-51e9-2c1c-0be23092896e\" policyname=\"Lab -> Internet\" service=\"HTTP\" trandisp=\"snat\" transip=198.18.0.200 transport=60652 appid=15893 app=\"HTTP.BROWSER\" appcat=\"Web.Client\" apprisk=\"medium\" applist=\"default\" appact=\"detected\" duration=24 sentbyte=240 rcvdbyte=216 sentpkt=4 rcvdpkt=4 wanin=0 wanout=0 lanin=0 lanout=0 utmaction=\"allow\" countapp=1 mastersrcmac=\"52:54:00:4e:6e:7c\" srcmac=\"52:54:00:4e:6e:7c\" srcserver=0",
                "recvBytes64": "216",
                "reptDevName": "FortiGate-Core",
                "sentBytes64": "240",
                "serviceName": "HTTP",
                "srcIntfName": "port3",
                "timeSkewSec": "0",
                "appGroupName": "Web.Client",
                "destGeoState": "Taipei City",
                "destIntfName": "port5",
                "durationMSec": "24000",
                "eventParsedOk": "1",
                "eventSeverity": "3",
                "reptDevIpAddr": "10.222.249.200",
                "destGeoCountry": "Taiwan",
                "profileDetails": "policy",
                "relayDevIpAddr": "10.222.249.200",
                "destGeoLatitude": "25.03297",
                "phEventCategory": "4 (Traffic)",
                "webFilterAction": "allow",
                "destGeoLongitude": "121.56542",
                "eventRuleTrigger": "1",
                "eventSeverityCat": "LOW",
                "masterSrcMACAddr": "52:54:00:4e:6e:7c",
                "postNATSrcIpAddr": "198.18.0.200",
                "postNATSrcIpPort": "60652",
                "extEventRecvProto": "Syslog",
                "destGeoCountryCodeStr": "TW"
              },
              "receiveTime": "2020-07-21T09:31:58+02:00"
            }
          ]
        }
      }
    ]
  }
]