{
  "type": "workflow_collections",
  "data": [
    {
      "@type": "WorkflowCollection",
      "name": "00 - Phishing Emails Management",
      "description": null,
      "visible": true,
      "image": null,
      "uuid": "4725a2a1-2c4d-47e8-b298-26b80f783e2f",
      "id": 74,
      "deletedAt": null,
      "importedBy": [],
      "recordTags": [],
      "workflows": [
        {
          "@type": "Workflow",
          "triggerLimit": null,
          "name": "> Escalate Alert to Incident",
          "aliasName": null,
          "tag": null,
          "description": "Copy alert content to incident",
          "isActive": true,
          "debug": false,
          "singleRecordExecution": false,
          "remoteExecutableFlag": false,
          "parameters": [
            "alert_data"
          ],
          "synchronous": false,
          "lastModifyDate": 1698519377,
          "collection": "/api/3/workflow_collections/4725a2a1-2c4d-47e8-b298-26b80f783e2f",
          "versions": [],
          "triggerStep": "/api/3/workflow_steps/f7593e96-c91c-40ba-add9-9bba20c9be90",
          "steps": [
            {
              "@type": "WorkflowStep",
              "name": "Configuration",
              "description": null,
              "arguments": {
                "critical_group": "C_LEVEL"
              },
              "status": null,
              "top": "165",
              "left": "125",
              "stepType": "/api/3/workflow_step_types/04d0cf46-b6a8-42c4-8683-60a7eaa69e8f",
              "group": null,
              "uuid": "3fc21aa6-ed33-4040-8f88-0baef70bc915"
            },
            {
              "@type": "WorkflowStep",
              "name": "Escalate Alert to Incident",
              "description": null,
              "arguments": {
                "message": {
                  "tags": [],
                  "type": "/api/3/picklists/ff599189-3eeb-4c86-acb0-a7915e85ac3b",
                  "tenant": "",
                  "content": "<p>{{globalVars.Exclamation_Icon}} Alert has been <span style=\"background: #e31b1d; color: #fff;\" class=\"badge badge-pill badge-danger\">Escalated</span> due to malicious indicator</p>",
                  "records": "{{vars.alert_to_escalate['@id']}}"
                },
                "resource": {
                  "name": "{{vars.alert_to_escalate.name+', ID: '+(vars.alert_to_escalate.id|string)  or 'Escalated Incident'}}",
                  "phase": "/api/3/picklists/bb740542-f699-11e7-8c3f-9a214cf093ae",
                  "users": "{{vars.linked_users_iris}}",
                  "alerts": "{{vars.alert_to_escalate[\"@id\"]}}",
                  "assets": "{{vars.linked_assets_iris}}",
                  "owners": "{{vars.alert_to_escalate.owners.0[\"@id\"]}}",
                  "resSla": "/api/3/picklists/72979f64-e8b9-4888-a965-957e0ec24818",
                  "source": "{{vars.alert_to_escalate.source}}",
                  "status": "/api/3/picklists/bb73fe9e-f699-11e7-8c3f-9a214cf093ae",
                  "metrics": "{{vars.alert_to_escalate.metrics or None}}",
                  "category": "/api/3/picklists/703222e8-f69a-11e7-8c3f-9a214cf093ae",
                  "fileName": "{{vars.alert_to_escalate.fileName or None}}",
                  "filehash": "{{vars.alert_to_escalate.fileHash or None}}",
                  "severity": "{{vars.alert_to_escalate.severity[\"@id\"] or None}}",
                  "slaState": "/api/3/picklists/72979f64-e8b9-4888-a965-957e0ec24818",
                  "sourceIP": "{{vars.alert_to_escalate.sourceIp or None}}",
                  "sourceId": "{{vars.alert_to_escalate.sourceId}}-{{globalVars.Current_Date}}",
                  "__replace": "",
                  "deviceUID": "{{vars.alert_to_escalate.deviceUID or None}}",
                  "indicators": "{{vars.linked_indicator_incidents}}",
                  "recordTags": [
                    "/api/3/tags/Scenario: Phishing Incident Management"
                  ],
                  "resolution": "{%if vars.input.params.automated%}Automated{%endif%}",
                  "sourcedata": "{{vars.alert_to_escalate.sourcedata|toDict|toJSON}}",
                  "description": "{{vars.alert_to_escalate.description}}",
                  "processName": "{{vars.alert_to_escalate.processName or None}}",
                  "targetAsset": "{{vars.alert_to_escalate.targetAsset}}",
                  "affectedUser": "{{vars.alert_to_escalate.userName or None}}",
                  "discoveredOn": "{{globalVars.Current_Date}}",
                  "incidentLead": "{{vars.alert_to_escalate.incidentLead or None}}",
                  "senderDomain": "{{vars.alert_to_escalate.emailFrom.split('@')[1] or None}}",
                  "destinationIP": "{{vars.alert_to_escalate.destinationIp}}",
                  "mitreattackid": "{{vars.input.params['mitre_technique_data'].mitreId}}",
                  "slaPercentage": 0,
                  "dateOfIncident": "{{globalVars.Current_Date}}",
                  "confirmationDate": "{{globalVars.Current_Date}}",
                  "mitresubtechniques": "{{vars.input.params['mitre_technique_data']['@id']}}",
                  "senderEmailAddress": "{{vars.alert_to_escalate.emailFrom}}",
                  "receipientEmailAddress": "{{vars.alert_to_escalate.recipientEmailAddress}}"
                },
                "_showJson": true,
                "operation": "Overwrite",
                "collection": "/api/3/incidents",
                "__recommend": [],
                "tagsOperation": "OverwriteTags",
                "fieldOperation": {
                  "category": "Overwrite",
                  "recordTags": "Overwrite"
                },
                "step_variables": {
                  "incident": "{{ vars.result }}"
                }
              },
              "status": null,
              "top": "570",
              "left": "125",
              "stepType": "/api/3/workflow_step_types/2597053c-e718-44b4-8394-4d40fe26d357",
              "group": null,
              "uuid": "e852bacf-c6f0-48b9-b543-51ad92c8f95d"
            },
            {
              "@type": "WorkflowStep",
              "name": "Get Alert Data",
              "description": null,
              "arguments": {
                "alert_to_escalate": "{{vars.input.params['alert_data']}}"
              },
              "status": null,
              "top": "300",
              "left": "125",
              "stepType": "/api/3/workflow_step_types/04d0cf46-b6a8-42c4-8683-60a7eaa69e8f",
              "group": null,
              "uuid": "9eb805bf-25db-4370-a9e7-dd1b0b9525ee"
            },
            {
              "@type": "WorkflowStep",
              "name": "Get Related Objects Data",
              "description": null,
              "arguments": {
                "source_ip": "{%set tmp_headers=vars.alert_to_escalate.emailHeaders|toDict%}{%if tmp_headers.received|length >0%}{{tmp_headers.received[-1]|regex_search('(?:[0-9]{1,3}\\.){3}[0-9]{1,3}')}}{%endif%}",
                "linked_assets_iris": "{{(vars.alert_to_escalate|json_query('assets[].\\\"@id\\\"'))|unique}}",
                "linked_comments_iri": "{{(vars.alert_to_escalate|json_query('comments[].\\\"@id\\\"'))|unique}}",
                "linked_indicator_incidents": "{{(vars.alert_to_escalate|json_query('indicators[].\\\"@id\\\"'))|unique}}"
              },
              "status": null,
              "top": "435",
              "left": "125",
              "stepType": "/api/3/workflow_step_types/04d0cf46-b6a8-42c4-8683-60a7eaa69e8f",
              "group": null,
              "uuid": "54dc3adf-b6bb-45ea-bdff-8fca9d96556f"
            },
            {
              "@type": "WorkflowStep",
              "name": "Start",
              "description": null,
              "arguments": {
                "step_variables": {
                  "input": {
                    "params": []
                  },
                  "red_style": "<span style=\"background-color:red;color:white;font-weight:bold; border: 1px solid; padding: 5px; box-shadow: 0px 2px 8px green;\">{}</span>"
                }
              },
              "status": null,
              "top": "30",
              "left": "125",
              "stepType": "/api/3/workflow_step_types/b348f017-9a94-471f-87f8-ce88b6a7ad62",
              "group": null,
              "uuid": "f7593e96-c91c-40ba-add9-9bba20c9be90"
            }
          ],
          "routes": [
            {
              "@type": "WorkflowRoute",
              "name": "Configuration -> Get Alert Data",
              "targetStep": "/api/3/workflow_steps/9eb805bf-25db-4370-a9e7-dd1b0b9525ee",
              "sourceStep": "/api/3/workflow_steps/3fc21aa6-ed33-4040-8f88-0baef70bc915",
              "label": null,
              "isExecuted": false,
              "group": null,
              "uuid": "87595326-92b3-458e-a9ed-837cd07c009a"
            },
            {
              "@type": "WorkflowRoute",
              "name": "Get Alert Data -> Get Related Objects Data",
              "targetStep": "/api/3/workflow_steps/54dc3adf-b6bb-45ea-bdff-8fca9d96556f",
              "sourceStep": "/api/3/workflow_steps/9eb805bf-25db-4370-a9e7-dd1b0b9525ee",
              "label": null,
              "isExecuted": false,
              "group": null,
              "uuid": "7a3e867f-46ea-4624-8865-15ff58b7d277"
            },
            {
              "@type": "WorkflowRoute",
              "name": "Get Related Objects Data -> Escalate Alert to Incident",
              "targetStep": "/api/3/workflow_steps/e852bacf-c6f0-48b9-b543-51ad92c8f95d",
              "sourceStep": "/api/3/workflow_steps/54dc3adf-b6bb-45ea-bdff-8fca9d96556f",
              "label": null,
              "isExecuted": false,
              "group": null,
              "uuid": "7c92b1b6-5b88-43ef-8674-881a5d0b645b"
            },
            {
              "@type": "WorkflowRoute",
              "name": "Start -> Copy  of Get Alert Data",
              "targetStep": "/api/3/workflow_steps/3fc21aa6-ed33-4040-8f88-0baef70bc915",
              "sourceStep": "/api/3/workflow_steps/f7593e96-c91c-40ba-add9-9bba20c9be90",
              "label": null,
              "isExecuted": false,
              "group": null,
              "uuid": "4d6ddb96-4308-4679-a9d4-3afa35568598"
            }
          ],
          "groups": [],
          "priority": null,
          "uuid": "04844ff2-8f64-461e-b46c-7cb651223681",
          "id": 1111,
          "owners": [],
          "isPrivate": false,
          "deletedAt": null,
          "importedBy": [
            {
              "apiName": "phishingIncidentManagement",
              "name": "Phishing Incident Management",
              "version": "1.0.1"
            }
          ],
          "recordTags": [
            "Phishing",
            "Escalation"
          ]
        },
        {
          "@type": "Workflow",
          "triggerLimit": null,
          "name": "Phishing Email Triage",
          "aliasName": null,
          "tag": null,
          "description": "Extra Attributes Parsers and Alert Triage",
          "isActive": true,
          "debug": true,
          "singleRecordExecution": false,
          "remoteExecutableFlag": false,
          "parameters": [
            "alert_data",
            "automated"
          ],
          "synchronous": false,
          "lastModifyDate": 1698570485,
          "collection": "/api/3/workflow_collections/4725a2a1-2c4d-47e8-b298-26b80f783e2f",
          "versions": [],
          "triggerStep": "/api/3/workflow_steps/e091e5ff-bcf4-4ac9-a6a5-d2c520412f9c",
          "steps": [
            {
              "@type": "WorkflowStep",
              "name": "Check If User Exists",
              "description": null,
              "arguments": {
                "query": {
                  "sort": [],
                  "limit": 30,
                  "logic": "AND",
                  "filters": [
                    {
                      "type": "object",
                      "field": "typeofindicator",
                      "value": "/api/3/picklists/e72907c5-2088-4e85-99d0-6c7970a5470e",
                      "_value": {
                        "@id": "/api/3/picklists/e72907c5-2088-4e85-99d0-6c7970a5470e",
                        "display": "User",
                        "itemValue": "User"
                      },
                      "operator": "eq"
                    },
                    {
                      "type": "primitive",
                      "field": "value",
                      "value": "{{vars.email_reporter.split(\"@\")[0]}}",
                      "operator": "eq",
                      "_operator": "eq"
                    }
                  ]
                },
                "module": "indicators?$limit=1",
                "step_variables": []
              },
              "status": null,
              "top": "1700",
              "left": "960",
              "stepType": "/api/3/workflow_step_types/b593663d-7d13-40ce-a3a3-96dece928770",
              "group": null,
              "uuid": "5499ae9e-5027-4e34-9179-cd42c71f8395"
            },
            {
              "@type": "WorkflowStep",
              "name": "Close as False Positive",
              "description": null,
              "arguments": {
                "resource": {
                  "status": "/api/3/picklists/fac53e73-8d16-4189-98d5-95fbd1555232",
                  "severity": "/api/3/picklists/0d609b08-45e0-469f-8910-41145c0b7c03",
                  "closureNotes": "Closed by Triage Playbook",
                  "closureReason": "/api/3/picklists/2b0112f6-4746-4dab-ada6-a8cd1e675572"
                },
                "_showJson": false,
                "operation": "Append",
                "collection": "{{vars.alert_data[\"@id\"]}}",
                "__recommend": [],
                "collectionType": "/api/3/alerts",
                "fieldOperation": [],
                "step_variables": []
              },
              "status": null,
              "top": "1700",
              "left": "560",
              "stepType": "/api/3/workflow_step_types/b593663d-7d13-40ce-a3a3-96dece928722",
              "group": null,
              "uuid": "889d185d-5863-4d17-8331-93a84440449d"
            },
            {
              "@type": "WorkflowStep",
              "name": "Compute Scores",
              "description": null,
              "arguments": {
                "ai_score": "{{(vars.steps.Get_AI_Prediction.data.data.confidence or 0) * 100}}",
                "iocs_score": "{{(vars.steps.Find_Malicious_or_Suspicious_Indicators|length) * 10}}",
                "email_origin": "{{(vars.my_domain in vars.from)|ternary(vars.internal_email,vars.external_email)}}",
                "spoofing_score": "{{('fail' in vars.email_headers[\"received-spf\"])|ternary(100,0)}}",
                "million_domain_score": "{%set m_score=vars.steps.Get_Domain_Analysis.data%}{{(m_score < 0)|ternary(100,m_score * 100 / 1000000)}}"
              },
              "status": null,
              "top": "474",
              "left": "41",
              "stepType": "/api/3/workflow_step_types/04d0cf46-b6a8-42c4-8683-60a7eaa69e8f",
              "group": "/api/3/workflow_groups/36171e01-97bb-44bf-a194-b7efa1469e00",
              "uuid": "56860099-af94-48d8-8c87-db87d0e80237"
            },
            {
              "@type": "WorkflowStep",
              "name": "Compute Unified Score",
              "description": null,
              "arguments": {
                "risk_score": "{{(vars.million_domain_score + vars.iocs_score + vars.ai_score + vars.spoofing_score) / 4}}",
                "_update_alert_description": "{{vars.alert_description.update({\"Malicious Indicators\":vars.iocs_score})}}\n{{vars.alert_description.update({\"AI Phishing Score\":vars.ai_score})}}\n{{vars.alert_description.update({\"Spoofing Score\":vars.spoofing_score})}}\n{{vars.alert_description.update({\"Domain Reputation Score\":vars.million_domain_score})}}\n{{vars.alert_description.update({\"Email Origin\":vars.email_origin})}}"
              },
              "status": null,
              "top": "614",
              "left": "41",
              "stepType": "/api/3/workflow_step_types/04d0cf46-b6a8-42c4-8683-60a7eaa69e8f",
              "group": "/api/3/workflow_groups/36171e01-97bb-44bf-a194-b7efa1469e00",
              "uuid": "e8f6dd3c-d77d-4a6f-bb36-e14e9443c0eb"
            },
            {
              "@type": "WorkflowStep",
              "name": "Configuration",
              "description": null,
              "arguments": {
                "my_domain": "fortipoc.test",
                "my_subnet": "['10.0.0.0/8']",
                "source_data": "{{vars.alert_data.sourcedata|toDict}}"
              },
              "status": null,
              "top": "60",
              "left": "60",
              "stepType": "/api/3/workflow_step_types/04d0cf46-b6a8-42c4-8683-60a7eaa69e8f",
              "group": "/api/3/workflow_groups/7df50cce-fecd-40fc-bc7d-1eac64aefd62",
              "uuid": "cb03e8be-5f9d-4941-9835-6933b200ad2b"
            },
            {
              "@type": "WorkflowStep",
              "name": "Create Comment",
              "description": null,
              "arguments": {
                "resource": {
                  "type": "/api/3/picklists/ff599189-3eeb-4c86-acb0-a7915e85ac3b",
                  "alerts": "{{vars.alert_data[\"@id\"]}}",
                  "people": [],
                  "content": "<p>Waiting for Indicators enrichment timeout</p>",
                  "__replace": "",
                  "isImportant": false,
                  "peopleUpdated": false
                },
                "operation": "Overwrite",
                "collection": "/api/3/comments",
                "__recommend": [],
                "fieldOperation": {
                  "recordTags": "Overwrite"
                },
                "step_variables": []
              },
              "status": null,
              "top": "800",
              "left": "1100",
              "stepType": "/api/3/workflow_step_types/2597053c-e718-44b4-8394-4d40fe26d357",
              "group": null,
              "uuid": "4a2da469-71be-4f4f-a8cb-d7d2e91e1de8"
            },
            {
              "@type": "WorkflowStep",
              "name": "Create User Indicator",
              "description": null,
              "arguments": {
                "resource": {
                  "tlp": "/api/3/picklists/7bff95b7-6438-4b01-b23a-0fe8cb5b33d3",
                  "value": "{{vars.email_reporter.split(\"@\")[0]}}",
                  "alerts": "{{vars.alert_data[\"@id\"]}}",
                  "__replace": "",
                  "indicatorStatus": "/api/3/picklists/2f5cff61-fbff-4bb3-96be-302b78a9fb47",
                  "typeofindicator": "/api/3/picklists/e72907c5-2088-4e85-99d0-6c7970a5470e",
                  "enrichmentStatus": "/api/3/picklists/a6d9da29-27b1-4b8a-965d-8d91518540d5"
                },
                "_showJson": false,
                "operation": "Overwrite",
                "collection": "/api/3/indicators",
                "__recommend": [],
                "fieldOperation": {
                  "recordTags": "Overwrite"
                },
                "step_variables": []
              },
              "status": null,
              "top": "207",
              "left": "39",
              "stepType": "/api/3/workflow_step_types/2597053c-e718-44b4-8394-4d40fe26d357",
              "group": "/api/3/workflow_groups/ab79d131-7e53-40fb-ae37-9a3dc234c6a7",
              "uuid": "381f68d2-0267-4fbb-b4f7-769363606a19"
            },
            {
              "@type": "WorkflowStep",
              "name": "Error Notification",
              "description": null,
              "arguments": {
                "config": "88c3d39c-2fa9-4731-b00d-29815008f17c",
                "params": {
                  "cc": "",
                  "to": "{{vars.email_reporter}}",
                  "bcc": "",
                  "from": "SOC@{{vars.my_domain}}",
                  "type": "Manual Input",
                  "content": "Please re-Forward the email with Subject: [{{vars.source_data.headers.subject}}] As Attachment. Inline forwards are not processed.\nCheck the link below for more details:\nhttps://support.microsoft.com/en-us/office/reply-to-or-forward-an-email-message-a843f8d3-01b0-48da-96f5-a71f70d0d7c8",
                  "subject": "Email Forwarded in a Wrong Format",
                  "iri_list": "",
                  "body_type": "Plain Text",
                  "file_name": "",
                  "file_path": ""
                },
                "message": {
                  "tags": [],
                  "type": "/api/3/picklists/ff599189-3eeb-4c86-acb0-a7915e85ac3b",
                  "tenant": "",
                  "content": "<p><span style=\"background-color: #e03e2d;\"><strong>Message Rejected</strong></span></p>\n<p>- Wrong attachment format</p>\n<p>- Reporter instructed to resend the email as attachment</p>",
                  "records": ""
                },
                "version": "2.5.0",
                "from_str": "admin@example.com",
                "connector": "smtp",
                "operation": "send_email_new",
                "ignore_errors": true,
                "operationTitle": "Send Email",
                "step_variables": []
              },
              "status": null,
              "top": "760",
              "left": "80",
              "stepType": "/api/3/workflow_step_types/4c0019b2-055c-44d0-968c-678a0c2d762e",
              "group": null,
              "uuid": "580a9695-5408-49d6-a498-4a759fc2eef3"
            },
            {
              "@type": "WorkflowStep",
              "name": "Escalate To Incident",
              "description": null,
              "arguments": {
                "arguments": {
                  "automated": "",
                  "alert_data": "{{(vars.alert_data[\"@id\"] + \"?$relationships=true\")|fromIRI}}",
                  "mitre_technique_data": "",
                  "alert_description_source_data": "{{vars.alert_data.description}}"
                },
                "apply_async": false,
                "step_variables": [],
                "pass_parent_env": false,
                "pass_input_record": true,
                "workflowReference": "/api/3/workflows/04844ff2-8f64-461e-b46c-7cb651223681"
              },
              "status": null,
              "top": "1980",
              "left": "960",
              "stepType": "/api/3/workflow_step_types/74932bdc-b8b6-4d24-88c4-1a4dfbc524f3",
              "group": null,
              "uuid": "f8e04efa-546d-48a3-ba11-01a49ae0154a"
            },
            {
              "@type": "WorkflowStep",
              "name": "Find Malicious or Suspicious Indicators",
              "description": null,
              "arguments": {
                "query": {
                  "sort": [],
                  "limit": 30,
                  "logic": "AND",
                  "filters": [
                    {
                      "type": "primitive",
                      "field": "alerts.uuid",
                      "value": "{{vars.alert_data.uuid}}",
                      "operator": "eq",
                      "_operator": "eq"
                    },
                    {
                      "type": "array",
                      "field": "reputation",
                      "value": [
                        "7074e547-7785-4979-be32-c6d0c863e4bd",
                        "50bfd06c-9aff-4f7d-b6d9-821339e31fe7"
                      ],
                      "module": "reputation",
                      "display": "",
                      "operator": "in",
                      "template": "multiselectpicklist",
                      "enableJinja": true,
                      "OPERATOR_KEY": "$",
                      "useInOperator": true,
                      "previousOperator": "in",
                      "previousTemplate": "multiselectpicklist"
                    }
                  ],
                  "__selectFields": [
                    "reputation",
                    "value"
                  ]
                },
                "module": "indicators?$limit=10&$relationships=true&$fsr_max_relation_count=10",
                "checkboxFields": true,
                "step_variables": []
              },
              "status": null,
              "top": "194",
              "left": "41",
              "stepType": "/api/3/workflow_step_types/b593663d-7d13-40ce-a3a3-96dece928770",
              "group": "/api/3/workflow_groups/36171e01-97bb-44bf-a194-b7efa1469e00",
              "uuid": "ed7a6407-67aa-4dcd-9dbc-26e5f8e987d4"
            },
            {
              "@type": "WorkflowStep",
              "name": "Forwarded as Attachment",
              "description": null,
              "arguments": {
                "conditions": [
                  {
                    "option": "no",
                    "step_iri": "/api/3/workflow_steps/580a9695-5408-49d6-a498-4a759fc2eef3",
                    "condition": "{{ vars.is_forwarded_inline >= 2 }}",
                    "step_name": "Error Notification"
                  },
                  {
                    "option": "yes",
                    "default": true,
                    "step_iri": "/api/3/workflow_steps/89f86d18-c300-47f5-8b26-f9ebd4fa0b74",
                    "step_name": "Wait Enrichment End"
                  }
                ],
                "step_variables": []
              },
              "status": null,
              "top": "620",
              "left": "420",
              "stepType": "/api/3/workflow_step_types/12254cf5-5db7-4b1a-8cb1-3af081924b28",
              "group": null,
              "uuid": "cde8bcd5-ef70-41ca-8a28-c21a65fa8ae3"
            },
            {
              "@type": "WorkflowStep",
              "name": "Get AI Prediction",
              "description": null,
              "arguments": {
                "params": {
                  "iri": "/api/integration/execute/?format=json",
                  "body": "{\n    \"connector\": \"phishing-classifier\",\n    \"version\": null,\n    \"config\": null,\n    \"operation\": \"predict\",\n    \"params\": {\n        \"record\": \"{{vars.alert_data.uuid}}\",\n        \"module\": \"alerts\"\n    }\n}",
                  "method": "POST"
                },
                "version": "3.2.5",
                "connector": "cyops_utilities",
                "operation": "make_cyops_request",
                "mock_result": "{\n  \"data\": {\n    \"env\": {},\n    \"data\": {\n      \"label\": 1,\n      \"status\": \"success\",\n      \"message\": \"success\",\n      \"verdict\": \"Phishing\",\n      \"confidence\": 0.30\n    },\n    \"status\": \"Success\",\n    \"message\": \"\",\n    \"operation\": null\n  },\n  \"status\": \"Success\",\n  \"message\": \"\",\n  \"operation\": null,\n  \"execution_time\": \"1 seconds 337 ms\"\n}",
                "operationTitle": "FSR: Make FortiSOAR API Call",
                "step_variables": []
              },
              "status": null,
              "top": "54",
              "left": "41",
              "stepType": "/api/3/workflow_step_types/0109f35d-090b-4a2b-bd8a-94cbc3508562",
              "group": "/api/3/workflow_groups/36171e01-97bb-44bf-a194-b7efa1469e00",
              "uuid": "422eb4bb-fbe3-460a-bda6-edceaf6abe9c"
            },
            {
              "@type": "WorkflowStep",
              "name": "Get Domain Analysis",
              "description": null,
              "arguments": {
                "name": "Domain Analysis",
                "params": {
                  "domain": "{{vars.from.split(\"@\")[1]}}",
                  "list_date": ""
                },
                "version": "1.0.0",
                "connector": "domain-analysis",
                "operation": "get_domain_popularity",
                "mock_result": "{\n  \"data\": 10,\n  \"status\": \"Success\",\n  \"message\": \"\",\n  \"operation\": null,\n  \"execution_time\": \"1 seconds 182 ms\"\n}",
                "operationTitle": "Get Domain Popularity",
                "pickFromTenant": false,
                "step_variables": []
              },
              "status": null,
              "top": "334",
              "left": "41",
              "stepType": "/api/3/workflow_step_types/0bfed618-0316-11e7-93ae-92361f002671",
              "group": "/api/3/workflow_groups/36171e01-97bb-44bf-a194-b7efa1469e00",
              "uuid": "a727f52e-9b99-415f-8561-5db2d57b2607"
            },
            {
              "@type": "WorkflowStep",
              "name": "Get User Data",
              "description": null,
              "arguments": {
                "user_data": "{{vars.user_iri|fromIRI}}"
              },
              "status": null,
              "top": "207",
              "left": "459",
              "stepType": "/api/3/workflow_step_types/04d0cf46-b6a8-42c4-8683-60a7eaa69e8f",
              "group": "/api/3/workflow_groups/ab79d131-7e53-40fb-ae37-9a3dc234c6a7",
              "uuid": "92aff92f-2d57-402a-9e13-af8a0bcca0a5"
            },
            {
              "@type": "WorkflowStep",
              "name": "Get User IRI",
              "description": null,
              "arguments": {
                "user_iri": "{{vars.steps.Check_If_User_Exists[0]['@id'] or vars.steps.Create_User_Indicator['@id']}}"
              },
              "status": null,
              "top": "67",
              "left": "459",
              "stepType": "/api/3/workflow_step_types/04d0cf46-b6a8-42c4-8683-60a7eaa69e8f",
              "group": "/api/3/workflow_groups/ab79d131-7e53-40fb-ae37-9a3dc234c6a7",
              "uuid": "0e44ad66-9ce3-4b12-9f4c-6b24a4fb77e4"
            },
            {
              "@type": "WorkflowStep",
              "name": "Get User Source Data",
              "description": null,
              "arguments": {
                "user_source_data": "{{vars.user_data.sourceData|toDict}}"
              },
              "status": null,
              "top": "347",
              "left": "459",
              "stepType": "/api/3/workflow_step_types/04d0cf46-b6a8-42c4-8683-60a7eaa69e8f",
              "group": "/api/3/workflow_groups/ab79d131-7e53-40fb-ae37-9a3dc234c6a7",
              "uuid": "fdbd199b-8b04-41d2-b641-eeb21766e06c"
            },
            {
              "@type": "WorkflowStep",
              "name": "Is Phishing",
              "description": null,
              "arguments": {
                "conditions": [
                  {
                    "option": "Yes",
                    "step_iri": "/api/3/workflow_steps/5499ae9e-5027-4e34-9179-cd42c71f8395",
                    "condition": "{{ vars.risk_score > 70 }}",
                    "step_name": "Check If User Exists"
                  },
                  {
                    "option": "no",
                    "default": true,
                    "step_iri": "/api/3/workflow_steps/889d185d-5863-4d17-8331-93a84440449d",
                    "step_name": "Close as False Positive"
                  }
                ],
                "step_variables": []
              },
              "status": null,
              "top": "1580",
              "left": "760",
              "stepType": "/api/3/workflow_step_types/12254cf5-5db7-4b1a-8cb1-3af081924b28",
              "group": null,
              "uuid": "33874b82-26b5-4386-9838-c028c658eccd"
            },
            {
              "@type": "WorkflowStep",
              "name": "Load Email Attributes",
              "description": null,
              "arguments": {
                "email_body": "{{vars.source_data.body.html or vars.source_data.body.text}}",
                "_append_alert_data": "{{vars.input.records.append(vars.alert_data)}}"
              },
              "status": null,
              "top": "180",
              "left": "60",
              "stepType": "/api/3/workflow_step_types/04d0cf46-b6a8-42c4-8683-60a7eaa69e8f",
              "group": "/api/3/workflow_groups/7df50cce-fecd-40fc-bc7d-1eac64aefd62",
              "uuid": "eb8f05de-5a6d-4c96-a962-4e7d2ea6f9fc"
            },
            {
              "@type": "WorkflowStep",
              "name": "Notify Reporter",
              "description": null,
              "arguments": {
                "config": "88c3d39c-2fa9-4731-b00d-29815008f17c",
                "params": {
                  "cc": "",
                  "to": "{{vars.email_reporter}}",
                  "bcc": "",
                  "from": "SOC@{{vars.my_domain}}",
                  "type": "Manual Input",
                  "content": "Please note we did not find any malicious content in the email your reported with subject:{{vars.email_headers.subject}}",
                  "subject": "Reported email feedback",
                  "iri_list": "",
                  "body_type": "Plain Text",
                  "file_name": "",
                  "file_path": ""
                },
                "version": "2.5.0",
                "from_str": "admin@example.com",
                "connector": "smtp",
                "operation": "send_email_new",
                "ignore_errors": true,
                "operationTitle": "Send Email",
                "step_variables": []
              },
              "status": null,
              "top": "1840",
              "left": "560",
              "stepType": "/api/3/workflow_step_types/4c0019b2-055c-44d0-968c-678a0c2d762e",
              "group": null,
              "uuid": "c43d55c8-8ece-41c2-bce7-80b2468e0c53"
            },
            {
              "@type": "WorkflowStep",
              "name": "Notify The Manager",
              "description": null,
              "arguments": {
                "when": "{{vars.risk_score >= 90}}",
                "config": "88c3d39c-2fa9-4731-b00d-29815008f17c",
                "params": {
                  "cc": "",
                  "to": "{{vars.user_source_data.ActiveDirectory.managerEmail}}",
                  "bcc": "",
                  "from": "SOC@{{vars.my_domain}}",
                  "type": "Manual Input",
                  "content": "Please note, your team member:{{vars.email_reporter}} has been involved in a high severity security incident. The individual has reported a malicious email which if opened could lead to a successful breach of our security. Make sure your team member has not opened the links or attachments of the said email.\n\nSOC Team.",
                  "subject": "High severity incident",
                  "iri_list": "",
                  "body_type": "Plain Text",
                  "file_name": "",
                  "file_path": ""
                },
                "version": "2.5.0",
                "from_str": "admin@example.com",
                "connector": "smtp",
                "operation": "send_email_new",
                "ignore_errors": true,
                "operationTitle": "Send Email",
                "step_variables": []
              },
              "status": null,
              "top": "487",
              "left": "459",
              "stepType": "/api/3/workflow_step_types/4c0019b2-055c-44d0-968c-678a0c2d762e",
              "group": "/api/3/workflow_groups/ab79d131-7e53-40fb-ae37-9a3dc234c6a7",
              "uuid": "9435e52a-6f81-4774-acfe-ec48cc8b11da"
            },
            {
              "@type": "WorkflowStep",
              "name": "Parse Email Attributes",
              "description": null,
              "arguments": {
                "from": "{{vars.source_data.headers.from|regex_search(\"[a-zA-Z0-9_.+-]+@[a-zA-Z0-9-]+\\.[a-zA-Z0-9-.]+\")}}",
                "action": "<span style=\"background-color:red;color:black;border-radius: 4px;font-size:8mm;\">&#10159;<font style=\"font-size:18px;font-weight: bold;font-family: 'Georgia', monospace;\">Action</font></span>",
                "email_headers": "{{vars.source_data.headers}}",
                "source_mta_ip": "{%if vars.source_data.headers.received|length >0%}{{vars.source_data.headers.received[-1]|extract_artifacts}}{%endif%}",
                "email_reporter": "{{vars.source_data.reporterEmailAddress|regex_search(\"[a-zA-Z0-9_.+-]+@[a-zA-Z0-9-]+\\.[a-zA-Z0-9-.]+\")}}",
                "external_email": "<p><span style=\"background-color:red;color:white;font-weight:bold; border: 1px solid; padding: 5px; box-shadow: 0px 2px 8px red;\">External Email</span></p>",
                "internal_email": "<p><span style=\"background-color:green;color:white;font-weight:bold; border: 1px solid; padding: 5px; box-shadow: 0px 2px 8px green;\">Internal Email</span></p>",
                "mitre_attack_id": "T1598.002",
                "alert_description": "{\"Spoofing Score\":\"\"}",
                "is_forwarded_inline": "{{(vars.email_body|regex_findall('From:|To:|Subject:'))|length}}"
              },
              "status": null,
              "top": "300",
              "left": "60",
              "stepType": "/api/3/workflow_step_types/04d0cf46-b6a8-42c4-8683-60a7eaa69e8f",
              "group": "/api/3/workflow_groups/7df50cce-fecd-40fc-bc7d-1eac64aefd62",
              "uuid": "aae3f4f6-3e0d-4357-8734-86852eae56c5"
            },
            {
              "@type": "WorkflowStep",
              "name": "Reject Ticket _ Inline Attachment",
              "description": null,
              "arguments": {
                "resource": {
                  "status": "/api/3/picklists/fac53e73-8d16-4189-98d5-95fbd1555232",
                  "closureNotes": "Email Forwarded inline",
                  "closureReason": "/api/3/picklists/8f8ce378-df65-4231-85e3-0b8f25a04379"
                },
                "_showJson": false,
                "operation": "Append",
                "collection": "{{vars.alert_data[\"@id\"]}}",
                "__recommend": [],
                "collectionType": "/api/3/alerts",
                "fieldOperation": [],
                "step_variables": []
              },
              "status": null,
              "top": "900",
              "left": "80",
              "stepType": "/api/3/workflow_step_types/b593663d-7d13-40ce-a3a3-96dece928722",
              "group": null,
              "uuid": "dfbfb702-6177-42b9-993a-3bf75893a7e2"
            },
            {
              "@type": "WorkflowStep",
              "name": "Start",
              "description": null,
              "arguments": {
                "route": "7c6aa867-4b4e-45dd-ac2e-a9acecc55387",
                "resources": [
                  "alerts"
                ],
                "__triggerLimit": true,
                "inputVariables": [],
                "step_variables": {
                  "input": {
                    "params": [],
                    "records": "{{vars.input.records}}"
                  },
                  "alert_data": "{{vars.input.params['alert_data'] | ternary(vars.input.params['alert_data'], vars.input.records[0])}}"
                },
                "triggerOnSource": true,
                "displayConditions": {
                  "alerts": {
                    "sort": [],
                    "limit": 30,
                    "logic": "AND",
                    "filters": []
                  }
                },
                "executeButtonText": "Execute",
                "noRecordExecution": false,
                "showToasterMessage": {
                  "visible": false,
                  "messageVisible": true
                },
                "triggerOnReplicate": false,
                "singleRecordExecution": true
              },
              "status": null,
              "top": "60",
              "left": "420",
              "stepType": "/api/3/workflow_step_types/f414d039-bb0d-4e59-9c39-a8f1e880b18a",
              "group": null,
              "uuid": "e091e5ff-bcf4-4ac9-a6a5-d2c520412f9c"
            },
            {
              "@type": "WorkflowStep",
              "name": "Update Description",
              "description": null,
              "arguments": {
                "resource": {
                  "description": "{{vars.alert_description | json2html(row_fields=[], template=\"Stylized with row selection\", display=\"Vertical\", styling=true, table_style={})}}"
                },
                "operation": "Append",
                "collection": "{{vars.alert_data[\"@id\"]}}",
                "__recommend": [],
                "collectionType": "/api/3/alerts",
                "fieldOperation": [],
                "step_variables": []
              },
              "status": null,
              "top": "1840",
              "left": "960",
              "stepType": "/api/3/workflow_step_types/b593663d-7d13-40ce-a3a3-96dece928722",
              "group": null,
              "uuid": "18a3599e-07e3-45ae-9bed-47fecabba1b5"
            },
            {
              "@type": "WorkflowStep",
              "name": "User Exits",
              "description": null,
              "arguments": {
                "conditions": [
                  {
                    "option": "yes",
                    "step_iri": "/api/3/workflow_steps/0e44ad66-9ce3-4b12-9f4c-6b24a4fb77e4",
                    "condition": "{{ vars.steps.Check_If_User_Exists|length > 0 }}",
                    "step_name": "Get User Details"
                  },
                  {
                    "option": "no",
                    "default": true,
                    "step_iri": "/api/3/workflow_steps/381f68d2-0267-4fbb-b4f7-769363606a19",
                    "step_name": "Create User Indicator"
                  }
                ],
                "step_variables": []
              },
              "status": null,
              "top": "67",
              "left": "39",
              "stepType": "/api/3/workflow_step_types/12254cf5-5db7-4b1a-8cb1-3af081924b28",
              "group": "/api/3/workflow_groups/ab79d131-7e53-40fb-ae37-9a3dc234c6a7",
              "uuid": "cbd790f1-4dc4-4b51-9afd-054ddbe07771"
            },
            {
              "@type": "WorkflowStep",
              "name": "Wait Enrichment End",
              "description": null,
              "arguments": {
                "rule": {
                  "actions": [
                    {
                      "type": "resume_playbook",
                      "enabled": true,
                      "channel_uuid": "e2ce87c2-c55a-11ec-9d64-0242ac120002"
                    }
                  ],
                  "is_active": true,
                  "event_type": "update",
                  "entity_name": "Alerts",
                  "entity_type": "alerts",
                  "event_source": "crudhub",
                  "trigger_condition": {
                    "sort": [],
                    "limit": 30,
                    "logic": "AND",
                    "filters": [
                      {
                        "type": "primitive",
                        "field": "uuid",
                        "value": "{{vars.alert_data.uuid}}",
                        "operator": "eq",
                        "_operator": "eq"
                      },
                      {
                        "type": "object",
                        "field": "state",
                        "value": "/api/3/picklists/501d0562-89a0-4079-9a9e-cdde7d34e3ed",
                        "_value": {
                          "@id": "/api/3/picklists/501d0562-89a0-4079-9a9e-cdde7d34e3ed",
                          "display": "Indicator Extracted",
                          "itemValue": "Indicator Extracted"
                        },
                        "operator": "eq"
                      },
                      {
                        "type": "object",
                        "field": "state",
                        "value": "",
                        "_value": {
                          "@id": "",
                          "display": "",
                          "itemValue": ""
                        },
                        "operator": "changed"
                      }
                    ]
                  }
                },
                "type": "ConditionBased",
                "delay": {
                  "days": 0,
                  "hours": 0,
                  "weeks": 0,
                  "minutes": 0,
                  "seconds": 0
                },
                "timeout": {
                  "days": 0,
                  "hours": 0,
                  "minutes": 3,
                  "step_iri": "/api/3/workflow_steps/4a2da469-71be-4f4f-a8cb-d7d2e91e1de8"
                },
                "step_variables": []
              },
              "status": null,
              "top": "740",
              "left": "760",
              "stepType": "/api/3/workflow_step_types/6832e556-b9c7-497a-babe-feda3bd27dbf",
              "group": null,
              "uuid": "89f86d18-c300-47f5-8b26-f9ebd4fa0b74"
            },
            {
              "@type": "WorkflowStep",
              "name": "Wait User Enrichment",
              "description": null,
              "arguments": {
                "rule": {
                  "actions": [
                    {
                      "type": "resume_playbook",
                      "enabled": true,
                      "channel_uuid": "e2ce87c2-c55a-11ec-9d64-0242ac120002"
                    }
                  ],
                  "is_active": true,
                  "event_type": "update",
                  "entity_name": "Indicators",
                  "entity_type": "indicators",
                  "event_source": "crudhub",
                  "trigger_condition": {
                    "sort": [],
                    "limit": 30,
                    "logic": "AND",
                    "filters": [
                      {
                        "type": "primitive",
                        "field": "uuid",
                        "value": "{{vars.steps.Create_User_Indicator.uuid}}",
                        "operator": "eq",
                        "_operator": "eq"
                      },
                      {
                        "type": "primitive",
                        "field": "sourceData",
                        "value": "",
                        "operator": "changed",
                        "_operator": "changed"
                      }
                    ]
                  }
                },
                "type": "ConditionBased",
                "delay": {
                  "days": 0,
                  "hours": 0,
                  "weeks": 0,
                  "minutes": 0,
                  "seconds": 0
                },
                "step_variables": []
              },
              "status": null,
              "top": "347",
              "left": "39",
              "stepType": "/api/3/workflow_step_types/6832e556-b9c7-497a-babe-feda3bd27dbf",
              "group": "/api/3/workflow_groups/ab79d131-7e53-40fb-ae37-9a3dc234c6a7",
              "uuid": "23ba6b0c-9deb-4a89-8077-54255182fe85"
            }
          ],
          "routes": [
            {
              "@type": "WorkflowRoute",
              "name": "Check If User Exists -> Update Description",
              "targetStep": "/api/3/workflow_steps/18a3599e-07e3-45ae-9bed-47fecabba1b5",
              "sourceStep": "/api/3/workflow_steps/5499ae9e-5027-4e34-9179-cd42c71f8395",
              "label": null,
              "isExecuted": false,
              "group": null,
              "uuid": "2797b359-a391-4fe9-acac-daa63b8f61d1"
            },
            {
              "@type": "WorkflowRoute",
              "name": "Check If User Exists -> User Exits",
              "targetStep": "/api/3/workflow_steps/cbd790f1-4dc4-4b51-9afd-054ddbe07771",
              "sourceStep": "/api/3/workflow_steps/5499ae9e-5027-4e34-9179-cd42c71f8395",
              "label": null,
              "isExecuted": false,
              "group": null,
              "uuid": "ce06cfef-e482-4e16-8d23-733fe26998d8"
            },
            {
              "@type": "WorkflowRoute",
              "name": "Close as False Positive -> Notify Reporter",
              "targetStep": "/api/3/workflow_steps/c43d55c8-8ece-41c2-bce7-80b2468e0c53",
              "sourceStep": "/api/3/workflow_steps/889d185d-5863-4d17-8331-93a84440449d",
              "label": null,
              "isExecuted": false,
              "group": null,
              "uuid": "6ef7a583-8a97-4488-964f-a9e040be8d48"
            },
            {
              "@type": "WorkflowRoute",
              "name": "Compute Scores -> Compute Unified Score",
              "targetStep": "/api/3/workflow_steps/e8f6dd3c-d77d-4a6f-bb36-e14e9443c0eb",
              "sourceStep": "/api/3/workflow_steps/56860099-af94-48d8-8c87-db87d0e80237",
              "label": null,
              "isExecuted": false,
              "group": null,
              "uuid": "8689a5a5-fef9-4612-9fe1-3a38641bdd98"
            },
            {
              "@type": "WorkflowRoute",
              "name": "Compute Unified Score -> Is Phishing",
              "targetStep": "/api/3/workflow_steps/33874b82-26b5-4386-9838-c028c658eccd",
              "sourceStep": "/api/3/workflow_steps/e8f6dd3c-d77d-4a6f-bb36-e14e9443c0eb",
              "label": null,
              "isExecuted": false,
              "group": null,
              "uuid": "78a96a99-e468-4d6f-8a08-ebd3be215e63"
            },
            {
              "@type": "WorkflowRoute",
              "name": "Configuration -> Load Email Attributes",
              "targetStep": "/api/3/workflow_steps/eb8f05de-5a6d-4c96-a962-4e7d2ea6f9fc",
              "sourceStep": "/api/3/workflow_steps/cb03e8be-5f9d-4941-9835-6933b200ad2b",
              "label": null,
              "isExecuted": false,
              "group": null,
              "uuid": "0f2dfb93-8764-4e3d-a785-133d14a7958a"
            },
            {
              "@type": "WorkflowRoute",
              "name": "Create Comment -> Get AI Prediction",
              "targetStep": "/api/3/workflow_steps/422eb4bb-fbe3-460a-bda6-edceaf6abe9c",
              "sourceStep": "/api/3/workflow_steps/4a2da469-71be-4f4f-a8cb-d7d2e91e1de8",
              "label": null,
              "isExecuted": false,
              "group": null,
              "uuid": "95c889bc-5272-46a5-9ae4-d614a1bf6261"
            },
            {
              "@type": "WorkflowRoute",
              "name": "Create User Indicator -> Wait User Enrichment",
              "targetStep": "/api/3/workflow_steps/23ba6b0c-9deb-4a89-8077-54255182fe85",
              "sourceStep": "/api/3/workflow_steps/381f68d2-0267-4fbb-b4f7-769363606a19",
              "label": null,
              "isExecuted": false,
              "group": null,
              "uuid": "39150059-0c7d-49ba-bb25-a07d24e883d5"
            },
            {
              "@type": "WorkflowRoute",
              "name": "Email Forwarded Inline -> Error Notification",
              "targetStep": "/api/3/workflow_steps/580a9695-5408-49d6-a498-4a759fc2eef3",
              "sourceStep": "/api/3/workflow_steps/cde8bcd5-ef70-41ca-8a28-c21a65fa8ae3",
              "label": "no",
              "isExecuted": false,
              "group": null,
              "uuid": "d76083eb-7ddd-4951-a817-086e346155a5"
            },
            {
              "@type": "WorkflowRoute",
              "name": "Error Notification -> Ticket Close_1",
              "targetStep": "/api/3/workflow_steps/dfbfb702-6177-42b9-993a-3bf75893a7e2",
              "sourceStep": "/api/3/workflow_steps/580a9695-5408-49d6-a498-4a759fc2eef3",
              "label": null,
              "isExecuted": false,
              "group": null,
              "uuid": "ccd1f734-0196-4aa2-9de8-50986283718b"
            },
            {
              "@type": "WorkflowRoute",
              "name": "Find Malicious or Suspicious Indicators -> Get Domain Analysis",
              "targetStep": "/api/3/workflow_steps/a727f52e-9b99-415f-8561-5db2d57b2607",
              "sourceStep": "/api/3/workflow_steps/ed7a6407-67aa-4dcd-9dbc-26e5f8e987d4",
              "label": null,
              "isExecuted": false,
              "group": null,
              "uuid": "ec0ff587-ec3b-4d9b-a08e-8b2cea7a12c2"
            },
            {
              "@type": "WorkflowRoute",
              "name": "Forwarded as Attachment -> Wait Enrichment End",
              "targetStep": "/api/3/workflow_steps/89f86d18-c300-47f5-8b26-f9ebd4fa0b74",
              "sourceStep": "/api/3/workflow_steps/cde8bcd5-ef70-41ca-8a28-c21a65fa8ae3",
              "label": "yes",
              "isExecuted": false,
              "group": null,
              "uuid": "6ef242e6-e2d7-4b70-a8ac-f1c21c93a33c"
            },
            {
              "@type": "WorkflowRoute",
              "name": "Get AI Prediction -> Find Malicious or Suspicious Indicators",
              "targetStep": "/api/3/workflow_steps/ed7a6407-67aa-4dcd-9dbc-26e5f8e987d4",
              "sourceStep": "/api/3/workflow_steps/422eb4bb-fbe3-460a-bda6-edceaf6abe9c",
              "label": null,
              "isExecuted": false,
              "group": null,
              "uuid": "92b1278c-ffe8-4033-b4f9-1d25f142066f"
            },
            {
              "@type": "WorkflowRoute",
              "name": "Get Domain Analysis -> Compute Scores",
              "targetStep": "/api/3/workflow_steps/56860099-af94-48d8-8c87-db87d0e80237",
              "sourceStep": "/api/3/workflow_steps/a727f52e-9b99-415f-8561-5db2d57b2607",
              "label": null,
              "isExecuted": false,
              "group": null,
              "uuid": "fc6555ed-8d12-4bd1-af6a-cd0b10d80bd2"
            },
            {
              "@type": "WorkflowRoute",
              "name": "Get User Data -> Get User Source Data",
              "targetStep": "/api/3/workflow_steps/fdbd199b-8b04-41d2-b641-eeb21766e06c",
              "sourceStep": "/api/3/workflow_steps/92aff92f-2d57-402a-9e13-af8a0bcca0a5",
              "label": null,
              "isExecuted": false,
              "group": null,
              "uuid": "a4378f9c-aa86-4c89-bea2-3b4a9c67840d"
            },
            {
              "@type": "WorkflowRoute",
              "name": "Get User IRI -> Get User Data",
              "targetStep": "/api/3/workflow_steps/92aff92f-2d57-402a-9e13-af8a0bcca0a5",
              "sourceStep": "/api/3/workflow_steps/0e44ad66-9ce3-4b12-9f4c-6b24a4fb77e4",
              "label": null,
              "isExecuted": false,
              "group": null,
              "uuid": "12b5d70c-b802-456d-ace0-7957ddef0683"
            },
            {
              "@type": "WorkflowRoute",
              "name": "Get User Source Data -> Notify The Manager",
              "targetStep": "/api/3/workflow_steps/9435e52a-6f81-4774-acfe-ec48cc8b11da",
              "sourceStep": "/api/3/workflow_steps/fdbd199b-8b04-41d2-b641-eeb21766e06c",
              "label": null,
              "isExecuted": false,
              "group": null,
              "uuid": "9d067cfa-139e-4940-9ab0-b0b77247454e"
            },
            {
              "@type": "WorkflowRoute",
              "name": "Is Phishing -> Check If User Exists",
              "targetStep": "/api/3/workflow_steps/5499ae9e-5027-4e34-9179-cd42c71f8395",
              "sourceStep": "/api/3/workflow_steps/33874b82-26b5-4386-9838-c028c658eccd",
              "label": "Yes",
              "isExecuted": false,
              "group": null,
              "uuid": "dca99d53-d3d6-456a-9ecb-75b61bc40dd1"
            },
            {
              "@type": "WorkflowRoute",
              "name": "Is Phishing -> Copy of Reject Ticket _ Inline Attachment",
              "targetStep": "/api/3/workflow_steps/889d185d-5863-4d17-8331-93a84440449d",
              "sourceStep": "/api/3/workflow_steps/33874b82-26b5-4386-9838-c028c658eccd",
              "label": "no",
              "isExecuted": false,
              "group": null,
              "uuid": "a91ee06a-2e4d-4e0d-9665-458c8f8b8b46"
            },
            {
              "@type": "WorkflowRoute",
              "name": "Load Email Attributes -> Parse Email Attributes",
              "targetStep": "/api/3/workflow_steps/aae3f4f6-3e0d-4357-8734-86852eae56c5",
              "sourceStep": "/api/3/workflow_steps/eb8f05de-5a6d-4c96-a962-4e7d2ea6f9fc",
              "label": null,
              "isExecuted": false,
              "group": null,
              "uuid": "3c6aaa17-6c17-436d-ae84-ca2d72f47179"
            },
            {
              "@type": "WorkflowRoute",
              "name": "Parse Email Attributes -> Forwarded as Attachment",
              "targetStep": "/api/3/workflow_steps/cde8bcd5-ef70-41ca-8a28-c21a65fa8ae3",
              "sourceStep": "/api/3/workflow_steps/aae3f4f6-3e0d-4357-8734-86852eae56c5",
              "label": null,
              "isExecuted": false,
              "group": null,
              "uuid": "10740f88-3e31-4b31-8394-49fbb3799513"
            },
            {
              "@type": "WorkflowRoute",
              "name": "Start -> Configuration",
              "targetStep": "/api/3/workflow_steps/cb03e8be-5f9d-4941-9835-6933b200ad2b",
              "sourceStep": "/api/3/workflow_steps/e091e5ff-bcf4-4ac9-a6a5-d2c520412f9c",
              "label": null,
              "isExecuted": false,
              "group": null,
              "uuid": "18d86aaf-410c-4475-a608-bce9940a63d6"
            },
            {
              "@type": "WorkflowRoute",
              "name": "Update Description -> Escalate To Incident",
              "targetStep": "/api/3/workflow_steps/f8e04efa-546d-48a3-ba11-01a49ae0154a",
              "sourceStep": "/api/3/workflow_steps/18a3599e-07e3-45ae-9bed-47fecabba1b5",
              "label": null,
              "isExecuted": false,
              "group": null,
              "uuid": "f47aa91a-dd0f-42c2-95a4-8db31f85dde1"
            },
            {
              "@type": "WorkflowRoute",
              "name": "User Exits -> Create User Indicator",
              "targetStep": "/api/3/workflow_steps/381f68d2-0267-4fbb-b4f7-769363606a19",
              "sourceStep": "/api/3/workflow_steps/cbd790f1-4dc4-4b51-9afd-054ddbe07771",
              "label": "no",
              "isExecuted": false,
              "group": null,
              "uuid": "5b1408a5-beb8-4cac-8494-3c4b745d9e5d"
            },
            {
              "@type": "WorkflowRoute",
              "name": "User Exits -> Get User Details",
              "targetStep": "/api/3/workflow_steps/0e44ad66-9ce3-4b12-9f4c-6b24a4fb77e4",
              "sourceStep": "/api/3/workflow_steps/cbd790f1-4dc4-4b51-9afd-054ddbe07771",
              "label": "yes",
              "isExecuted": false,
              "group": null,
              "uuid": "bfc9c5a2-ca23-42ee-9cd2-0e42f69bfd57"
            },
            {
              "@type": "WorkflowRoute",
              "name": "Wait Enrichment End -> Create Comment",
              "targetStep": "/api/3/workflow_steps/4a2da469-71be-4f4f-a8cb-d7d2e91e1de8",
              "sourceStep": "/api/3/workflow_steps/89f86d18-c300-47f5-8b26-f9ebd4fa0b74",
              "label": null,
              "isExecuted": false,
              "group": null,
              "uuid": "60adb42b-0b42-4351-bebf-45a509a35271"
            },
            {
              "@type": "WorkflowRoute",
              "name": "Wait Enrichment End -> Get AI Prediction",
              "targetStep": "/api/3/workflow_steps/422eb4bb-fbe3-460a-bda6-edceaf6abe9c",
              "sourceStep": "/api/3/workflow_steps/89f86d18-c300-47f5-8b26-f9ebd4fa0b74",
              "label": null,
              "isExecuted": false,
              "group": null,
              "uuid": "6b393953-f7db-4938-bde3-7a9512c1b924"
            },
            {
              "@type": "WorkflowRoute",
              "name": "Wait User Enrichment -> Get User Details",
              "targetStep": "/api/3/workflow_steps/0e44ad66-9ce3-4b12-9f4c-6b24a4fb77e4",
              "sourceStep": "/api/3/workflow_steps/23ba6b0c-9deb-4a89-8077-54255182fe85",
              "label": null,
              "isExecuted": false,
              "group": null,
              "uuid": "77ec5c09-0b93-4564-b2fb-fcb447e46cf4"
            }
          ],
          "groups": [
            {
              "@type": "WorkflowGroup",
              "name": "Check If the Email is Fowarded as an Attachment",
              "description": "If the email is forwarded inline, ask the user to resend it as an attachment",
              "type": "note",
              "isCollapsed": false,
              "hasTriggerStep": false,
              "hideInLogs": true,
              "metadata": [],
              "reusable": false,
              "top": "600",
              "left": "760",
              "height": "85",
              "width": "498",
              "uuid": "c66f9988-da6f-4905-a305-6e3c15d36fb2",
              "recordTags": []
            },
            {
              "@type": "WorkflowGroup",
              "name": "Create or Update user and notify the manager",
              "description": "",
              "type": "block",
              "isCollapsed": false,
              "hasTriggerStep": false,
              "hideInLogs": false,
              "metadata": [],
              "reusable": false,
              "top": "1640",
              "left": "1280",
              "height": "572",
              "width": "733",
              "uuid": "ab79d131-7e53-40fb-ae37-9a3dc234c6a7",
              "recordTags": []
            },
            {
              "@type": "WorkflowGroup",
              "name": "Create/Update User",
              "description": "Notifies the manager with the incident if the score is over 90%. Before that get the user details if the record exists or create a new one if the record doesn't.",
              "type": "note",
              "isCollapsed": false,
              "hasTriggerStep": false,
              "hideInLogs": true,
              "metadata": [],
              "reusable": false,
              "top": "2080",
              "left": "1280",
              "height": "118",
              "width": "405",
              "uuid": "3fca04d8-c792-47e1-ab90-f36c6f455b3a",
              "recordTags": []
            },
            {
              "@type": "WorkflowGroup",
              "name": "Record Parsing",
              "description": "Parse the alert and set required variables",
              "type": "block",
              "isCollapsed": false,
              "hasTriggerStep": false,
              "hideInLogs": false,
              "metadata": [],
              "reusable": false,
              "top": "160",
              "left": "360",
              "height": "397",
              "width": "367",
              "uuid": "7df50cce-fecd-40fc-bc7d-1eac64aefd62",
              "recordTags": []
            },
            {
              "@type": "WorkflowGroup",
              "name": "Security Checks",
              "description": "",
              "type": "block",
              "isCollapsed": false,
              "hasTriggerStep": false,
              "hideInLogs": false,
              "metadata": [],
              "reusable": false,
              "top": "826",
              "left": "719",
              "height": "713",
              "width": "327",
              "uuid": "36171e01-97bb-44bf-a194-b7efa1469e00",
              "recordTags": []
            }
          ],
          "priority": null,
          "uuid": "7c7d61e9-2239-4cf8-b6bd-1b8a33d0386b",
          "id": 1110,
          "owners": [],
          "isPrivate": false,
          "deletedAt": null,
          "importedBy": [
            {
              "apiName": "phishingIncidentManagement",
              "name": "Phishing Incident Management",
              "version": "1.0.1"
            }
          ],
          "recordTags": [
            "Parsing",
            "Investigation"
          ]
        }
      ]
    }
  ],
  "macros": [
    {
      "name": "Exclamation_Icon",
      "value": "<span style=\"color: red; font-size: 6mm;\">⚠</span>",
      "default_value": "<span style=\"color: red; font-size: 6mm;\">⚠</span>"
    },
    {
      "name": "Current_Date",
      "value": "{{arrow.utcnow().timestamp}}",
      "default_value": "{{arrow.utcnow().timestamp}}"
    }
  ],
  "exported_tags": [
    "Phishing",
    "Escalation",
    "Parsing",
    "Investigation"
  ]
}