{
  "type": "workflow_collections",
  "data": [
    {
      "@context": "/api/3/contexts/WorkflowCollection",
      "@type": "WorkflowCollection",
      "name": "00 - Phishing Emails Management",
      "description": null,
      "visible": true,
      "image": null,
      "id": 74,
      "createDate": 1698362645.324384,
      "modifyDate": 1698362645.324384,
      "deletedAt": null,
      "importedBy": [],
      "recordTags": [],
      "workflows": [
        {
          "@type": "Workflow",
          "triggerLimit": null,
          "name": "> Escalate Alert to Incident",
          "aliasName": null,
          "tag": null,
          "description": "Copy alert content to incident",
          "isActive": true,
          "debug": false,
          "singleRecordExecution": false,
          "remoteExecutableFlag": false,
          "parameters": [
            "alert_data"
          ],
          "synchronous": false,
          "lastModifyDate": 1698519377,
          "collection": "/api/3/workflow_collections/4725a2a1-2c4d-47e8-b298-26b80f783e2f",
          "versions": [],
          "triggerStep": "/api/3/workflow_steps/f7593e96-c91c-40ba-add9-9bba20c9be90",
          "steps": [
            {
              "@type": "WorkflowStep",
              "name": "Configuration",
              "description": null,
              "arguments": {
                "critical_group": "C_LEVEL"
              },
              "status": null,
              "top": "165",
              "left": "125",
              "stepType": "/api/3/workflow_step_types/04d0cf46-b6a8-42c4-8683-60a7eaa69e8f",
              "group": null,
              "uuid": "3fc21aa6-ed33-4040-8f88-0baef70bc915"
            },
            {
              "@type": "WorkflowStep",
              "name": "Escalate Alert to Incident",
              "description": null,
              "arguments": {
                "message": {
                  "tags": [],
                  "type": "/api/3/picklists/ff599189-3eeb-4c86-acb0-a7915e85ac3b",
                  "tenant": "",
                  "content": "<p>{{globalVars.Exclamation_Icon}} Alert has been <span style=\"background: #e31b1d; color: #fff;\" class=\"badge badge-pill badge-danger\">Escalated</span> due to malicious indicator</p>",
                  "records": "{{vars.alert_to_escalate['@id']}}"
                },
                "resource": {
                  "name": "{{vars.alert_to_escalate.name+', ID: '+(vars.alert_to_escalate.id|string)  or 'Escalated Incident'}}",
                  "phase": "/api/3/picklists/bb740542-f699-11e7-8c3f-9a214cf093ae",
                  "users": "{{vars.linked_users_iris}}",
                  "alerts": "{{vars.alert_to_escalate[\"@id\"]}}",
                  "assets": "{{vars.linked_assets_iris}}",
                  "owners": "{{vars.alert_to_escalate.owners.0[\"@id\"]}}",
                  "resSla": "/api/3/picklists/72979f64-e8b9-4888-a965-957e0ec24818",
                  "source": "{{vars.alert_to_escalate.source}}",
                  "status": "/api/3/picklists/bb73fe9e-f699-11e7-8c3f-9a214cf093ae",
                  "metrics": "{{vars.alert_to_escalate.metrics or None}}",
                  "category": "/api/3/picklists/703222e8-f69a-11e7-8c3f-9a214cf093ae",
                  "fileName": "{{vars.alert_to_escalate.fileName or None}}",
                  "filehash": "{{vars.alert_to_escalate.fileHash or None}}",
                  "severity": "{{vars.alert_to_escalate.severity[\"@id\"] or None}}",
                  "slaState": "/api/3/picklists/72979f64-e8b9-4888-a965-957e0ec24818",
                  "sourceIP": "{{vars.alert_to_escalate.sourceIp or None}}",
                  "sourceId": "{{vars.alert_to_escalate.sourceId}}-{{globalVars.Current_Date}}",
                  "__replace": "",
                  "deviceUID": "{{vars.alert_to_escalate.deviceUID or None}}",
                  "indicators": "{{vars.linked_indicator_incidents}}",
                  "recordTags": [
                    "/api/3/tags/Scenario: Phishing Incident Management"
                  ],
                  "resolution": "{%if vars.input.params.automated%}Automated{%endif%}",
                  "sourcedata": "{{vars.alert_to_escalate.sourcedata|toDict|toJSON}}",
                  "description": "{{vars.alert_to_escalate.description}}",
                  "processName": "{{vars.alert_to_escalate.processName or None}}",
                  "targetAsset": "{{vars.alert_to_escalate.targetAsset}}",
                  "affectedUser": "{{vars.alert_to_escalate.userName or None}}",
                  "discoveredOn": "{{globalVars.Current_Date}}",
                  "incidentLead": "{{vars.alert_to_escalate.incidentLead or None}}",
                  "senderDomain": "{{vars.alert_to_escalate.emailFrom.split('@')[1] or None}}",
                  "destinationIP": "{{vars.alert_to_escalate.destinationIp}}",
                  "mitreattackid": "{{vars.input.params['mitre_technique_data'].mitreId}}",
                  "slaPercentage": 0,
                  "dateOfIncident": "{{globalVars.Current_Date}}",
                  "confirmationDate": "{{globalVars.Current_Date}}",
                  "mitresubtechniques": "{{vars.input.params['mitre_technique_data']['@id']}}",
                  "senderEmailAddress": "{{vars.alert_to_escalate.emailFrom}}",
                  "receipientEmailAddress": "{{vars.alert_to_escalate.recipientEmailAddress}}"
                },
                "_showJson": true,
                "operation": "Overwrite",
                "collection": "/api/3/incidents",
                "__recommend": [],
                "tagsOperation": "OverwriteTags",
                "fieldOperation": {
                  "category": "Overwrite",
                  "recordTags": "Overwrite"
                },
                "step_variables": {
                  "incident": "{{ vars.result }}"
                }
              },
              "status": null,
              "top": "570",
              "left": "125",
              "stepType": "/api/3/workflow_step_types/2597053c-e718-44b4-8394-4d40fe26d357",
              "group": null,
              "uuid": "e852bacf-c6f0-48b9-b543-51ad92c8f95d"
            },
            {
              "@type": "WorkflowStep",
              "name": "Get Alert Data",
              "description": null,
              "arguments": {
                "alert_to_escalate": "{{vars.input.params['alert_data']}}"
              },
              "status": null,
              "top": "300",
              "left": "125",
              "stepType": "/api/3/workflow_step_types/04d0cf46-b6a8-42c4-8683-60a7eaa69e8f",
              "group": null,
              "uuid": "9eb805bf-25db-4370-a9e7-dd1b0b9525ee"
            },
            {
              "@type": "WorkflowStep",
              "name": "Get Related Objects Data",
              "description": null,
              "arguments": {
                "source_ip": "{%set tmp_headers=vars.alert_to_escalate.emailHeaders|toDict%}{%if tmp_headers.received|length >0%}{{tmp_headers.received[-1]|regex_search('(?:[0-9]{1,3}\\.){3}[0-9]{1,3}')}}{%endif%}",
                "linked_assets_iris": "{{(vars.alert_to_escalate|json_query('assets[].\\\"@id\\\"'))|unique}}",
                "linked_comments_iri": "{{(vars.alert_to_escalate|json_query('comments[].\\\"@id\\\"'))|unique}}",
                "linked_indicator_incidents": "{{(vars.alert_to_escalate|json_query('indicators[].\\\"@id\\\"'))|unique}}"
              },
              "status": null,
              "top": "435",
              "left": "125",
              "stepType": "/api/3/workflow_step_types/04d0cf46-b6a8-42c4-8683-60a7eaa69e8f",
              "group": null,
              "uuid": "54dc3adf-b6bb-45ea-bdff-8fca9d96556f"
            },
            {
              "@type": "WorkflowStep",
              "name": "Start",
              "description": null,
              "arguments": {
                "step_variables": {
                  "input": {
                    "params": []
                  },
                  "red_style": "<span style=\"background-color:red;color:white;font-weight:bold; border: 1px solid; padding: 5px; box-shadow: 0px 2px 8px green;\">{}</span>"
                }
              },
              "status": null,
              "top": "30",
              "left": "125",
              "stepType": "/api/3/workflow_step_types/b348f017-9a94-471f-87f8-ce88b6a7ad62",
              "group": null,
              "uuid": "f7593e96-c91c-40ba-add9-9bba20c9be90"
            }
          ],
          "routes": [
            {
              "@type": "WorkflowRoute",
              "name": "Configuration -> Get Alert Data",
              "targetStep": "/api/3/workflow_steps/9eb805bf-25db-4370-a9e7-dd1b0b9525ee",
              "sourceStep": "/api/3/workflow_steps/3fc21aa6-ed33-4040-8f88-0baef70bc915",
              "label": null,
              "isExecuted": false,
              "group": null,
              "uuid": "87595326-92b3-458e-a9ed-837cd07c009a"
            },
            {
              "@type": "WorkflowRoute",
              "name": "Get Alert Data -> Get Related Objects Data",
              "targetStep": "/api/3/workflow_steps/54dc3adf-b6bb-45ea-bdff-8fca9d96556f",
              "sourceStep": "/api/3/workflow_steps/9eb805bf-25db-4370-a9e7-dd1b0b9525ee",
              "label": null,
              "isExecuted": false,
              "group": null,
              "uuid": "7a3e867f-46ea-4624-8865-15ff58b7d277"
            },
            {
              "@type": "WorkflowRoute",
              "name": "Get Related Objects Data -> Escalate Alert to Incident",
              "targetStep": "/api/3/workflow_steps/e852bacf-c6f0-48b9-b543-51ad92c8f95d",
              "sourceStep": "/api/3/workflow_steps/54dc3adf-b6bb-45ea-bdff-8fca9d96556f",
              "label": null,
              "isExecuted": false,
              "group": null,
              "uuid": "7c92b1b6-5b88-43ef-8674-881a5d0b645b"
            },
            {
              "@type": "WorkflowRoute",
              "name": "Start -> Copy  of Get Alert Data",
              "targetStep": "/api/3/workflow_steps/3fc21aa6-ed33-4040-8f88-0baef70bc915",
              "sourceStep": "/api/3/workflow_steps/f7593e96-c91c-40ba-add9-9bba20c9be90",
              "label": null,
              "isExecuted": false,
              "group": null,
              "uuid": "4d6ddb96-4308-4679-a9d4-3afa35568598"
            }
          ],
          "groups": [],
          "priority": null,
          "uuid": "04844ff2-8f64-461e-b46c-7cb651223681",
          "id": 1111,
          "owners": [],
          "isPrivate": false,
          "deletedAt": null,
          "importedBy": [
            {
              "apiName": "phishingIncidentManagement",
              "name": "Phishing Incident Management",
              "version": "1.0.1"
            }
          ],
          "recordTags": [
            "Phishing",
            "Escalation"
          ]
        }
      ]
    }
  ],
  "macros": [
    {
      "name": "Exclamation_Icon",
      "value": "<span style=\"color: red; font-size: 6mm;\">⚠</span>",
      "default_value": "<span style=\"color: red; font-size: 6mm;\">⚠</span>"
    },
    {
      "name": "Current_Date",
      "value": "{{arrow.utcnow().timestamp}}",
      "default_value": "{{arrow.utcnow().timestamp}}"
    }
  ],
  "exported_tags": [
    "Phishing",
    "Escalation"
  ]
}