[
  {
    "data": [
      {
        "sleep": 0,
        "name": "Malicious URL Detected",
        "source": "FSMSIM-Malicious-URL-Access",
        "demo_message": "1) Client is connecting to an unknown URL that is not on the block list. This one to be manually blocked.",
        "sourcedata": {
          "incident_data": {
            "id": "0",
            "nid": "{{TR_RANDOM_INTEGER}}1",
            "index": "0",
            "custId": "2000",
            "dataStr": "",
            "eventType": "Malicious_URL_detected_6_18_2020",
            "attributes": {
              "count": "1",
              "user": "s.badaracco",
              "customer": "hulu",
              "eventName": "Detected attempted client access to Malicious URL www.brainky.net",
              "eventType": "Malicious_URL_detected_6_18_2020",
              "bizService": "",
              "incidentId": "24060",
              "phRecvTime": "Thu Jun 18 17:24:00 BST 2020",
              "incidentSrc": "srcIpAddr:10.16.100.196,",
              "incidentReso": "1 (Open)",
              "eventSeverity": "7",
              "incidentRptIp": "10.222.249.200",
              "incidentTitle": "FortiGate detected client accessing Malicious URL www.brainky.net",
              "incidentDetail": "webCategory:Unrated,",
              "incidentStatus": "0 (Active)",
              "incidentTarget": "",
              "incidentExtUser": "",
              "phEventCategory": "1 (Incident)",
              "eventSeverityCat": "MEDIUM",
              "incidentComments": "",
              "incidentLastSeen": "Thu Jun 18 17:24:00 BST 2020",
              "incidentTicketId": "",
              "incidentFirstSeen": "Thu Jun 18 17:09:30 BST 2020",
              "incidentViewUsers": "",
              "phIncidentImpacts": "Application",
              "incidentNotiStatus": "",
              "incidentRptDevName": "FortiGate-Core",
              "incidentTicketUser": "",
              "incidentViewStatus": "1 (Read)",
              "phIncidentCategory": "5",
              "incidentClearedTime": "Thu Jan 01 01:00:00 CET 1970",
              "incidentClearedUser": "",
              "incidentExtTicketId": "",
              "incidentRptDevStatus": "2 (Approved)",
              "incidentTicketStatus": "6 (None)",
              "incidentClearedReason": "",
              "incidentExtTicketType": "",
              "phSubIncidentCategory": "PH_RULE_SECURITY_Policy_Violation",
              "incidentExtClearedTime": "Thu Jan 01 01:00:00 CET 1970",
              "incidentExtTicketState": "",
              "incidentNotiRecipients": ""
            },
            "receiveTime": "2020-06-10T20:06:30+02:00"
          },
          "associated_events": [
            {
              "id": "149463214295348149",
              "nid": "149463214295348149",
              "index": "3",
              "custId": "1",
              "dataStr": "",
              "eventType": "FortiGate-webfilter-url-firewall-deny",
              "attributes": {
                "user": "a.belgooda",
                "vdom": "root",
                "count": "1",
                "fwRule": "39",
                "usrMsg": "URL belongs to a denied category in policy",
                "eventId": "149463214295348149",
                "infoURL": "http://www.brainky.net/",
                "ipProto": "6 (TCP)",
                "srcName": "HOST-10.16.100.196",
                "subtype": "webfilter",
                "uriStem": "http://www.brainky.net/",
                "customer": "Super",
                "destName": "www.brainky.net",
                "fwAction": "blocked",
                "hostName": "www.brainky.net",
                "logLevel": "warning",
                "memberID": "0317013312",
                "totFlows": "1",
                "direction": "outgoing",
                "eventName": "The URL belongs to a denied category in the firewall policy",
                "eventType": "FortiGate-webfilter-url-firewall-deny",
                "reptModel": "FortiOS",
                "sessionId": "835495",
                "srcIpAddr": "10.16.100.196",
                "srcIpPort": "57538",
                "destIpAddr": "83.223.106.13",
                "destIpPort": "80 (HTTP)",
                "deviceTime": "Thu Jun 18 17:22:42 BST 2020",
                "parserName": "FortiGateParser",
                "phRecvTime": "Thu Jun 18 17:22:42 BST 2020",
                "reptVendor": "Fortinet",
                "totBytes64": "922950",
                "collectorId": "1",
                "destGeoCity": "Hemel Hempstead",
                "eventAction": "1 (Deny)",
                "profileName": "Monitor-All",
                "rawEventMsg": "<188>date=2020-06-18 time=19:31:34 devname=\"FortiGate-Core\" devid=\"FGVM01TM19007099\" logid=\"0316013056\" type=\"utm\" subtype=\"webfilter\" eventtype=\"ftgd_blk\" level=\"warning\" vd=\"root\" eventtime=1592505094701284669 tz=\"+0100\" policyid=39 sessionid=876718 user=\"a.belgooda\" authserver=\"FSSO\" srcip=10.16.100.196 srcport=51433 srcintf=\"port3\" srcintfrole=\"lan\" dstip=83.223.106.13 dstport=80 dstintf=\"port1\" dstintfrole=\"wan\" proto=6 service=\"HTTP\" hostname=\"www.brainky.net\" profile=\"Monitor-All\" action=\"blocked\" reqtype=\"direct\" url=\"http://www.brainky.net/\" sentbyte=462 rcvdbyte=0 direction=\"outgoing\" msg=\"URL belongs to a denied category in policy\" method=\"domain\" cat=26 catdesc=\"Unrated\" crscore=30 craction=4194304 crlevel=\"high\"",
                "recvBytes64": "918909",
                "reptDevName": "FortiGate-Core",
                "sentBytes64": "4041",
                "serviceName": "HTTP",
                "srcIntfName": "port3",
                "timeSkewSec": "0",
                "webCategory": "Unrated",
                "destGeoState": "England",
                "destIntfName": "port1",
                "domainEntropy": "6.71",
                "eventParsedOk": "1",
                "eventSeverity": "5",
                "reptDevIpAddr": "10.222.249.200",
                "destGeoCountry": "United Kingdom",
                "profileDetails": "Monitor-All",
                "relayDevIpAddr": "10.222.249.200",
                "destGeoLatitude": "51.75324",
                "phEventCategory": "0 (External)",
                "destGeoLongitude": "-0.44863",
                "eventRuleTrigger": "1",
                "eventSeverityCat": "MEDIUM",
                "extEventRecvProto": "Syslog",
                "destGeoCountryCodeStr": "GB"
              },
              "receiveTime": "2020-06-18T17:22:42+01:00"
            }
          ]
        }
      }
    ]
  },
  {
    "data": [
      {
        "sleep": -1,
        "name": "Malicious URL Detected",
        "source": "FSMSIM-Malicious-URL-Access",
        "demo_message": "2) Client is connecting to an unknown URL that is not on the block list. This one to be manually allowed.",
        "sourcedata": {
          "incident_data": {
            "id": "0",
            "nid": "{{TR_RANDOM_INTEGER}}2",
            "index": "0",
            "custId": "2000",
            "dataStr": "",
            "eventType": "Malicious_URL_detected_6_18_2020",
            "attributes": {
              "count": "1",
              "user": "s.badaracco",
              "customer": "hulu",
              "eventName": "Detected attempted client access to Malicious URL thewolves.uk",
              "eventType": "Malicious_URL_detected_6_18_2020",
              "bizService": "",
              "incidentId": "24060",
              "phRecvTime": "Thu Jun 18 17:24:00 BST 2020",
              "incidentSrc": "srcIpAddr:10.16.100.196,",
              "incidentReso": "1 (Open)",
              "eventSeverity": "7",
              "incidentRptIp": "10.222.249.200",
              "incidentTitle": "FortiGate detected client accessing Malicious URL thewolves.uk",
              "incidentDetail": "webCategory:Unrated,",
              "incidentStatus": "0 (Active)",
              "incidentTarget": "",
              "incidentExtUser": "",
              "phEventCategory": "1 (Incident)",
              "eventSeverityCat": "MEDIUM",
              "incidentComments": "",
              "incidentLastSeen": "Thu Jun 18 17:24:00 BST 2020",
              "incidentTicketId": "",
              "incidentFirstSeen": "Thu Jun 18 17:09:30 BST 2020",
              "incidentViewUsers": "",
              "phIncidentImpacts": "Application",
              "incidentNotiStatus": "",
              "incidentRptDevName": "FortiGate-Core",
              "incidentTicketUser": "",
              "incidentViewStatus": "1 (Read)",
              "phIncidentCategory": "5",
              "incidentClearedTime": "Thu Jan 01 01:00:00 CET 1970",
              "incidentClearedUser": "",
              "incidentExtTicketId": "",
              "incidentRptDevStatus": "2 (Approved)",
              "incidentTicketStatus": "6 (None)",
              "incidentClearedReason": "",
              "incidentExtTicketType": "",
              "phSubIncidentCategory": "PH_RULE_SECURITY_Policy_Violation",
              "incidentExtClearedTime": "Thu Jan 01 01:00:00 CET 1970",
              "incidentExtTicketState": "",
              "incidentNotiRecipients": ""
            },
            "receiveTime": "2020-06-10T20:06:30+02:00"
          },
          "associated_events": [
            {
              "id": "149463214295348149",
              "nid": "149463214295348149",
              "index": "3",
              "custId": "1",
              "dataStr": "",
              "eventType": "FortiGate-webfilter-url-firewall-deny",
              "attributes": {
                "user": "a.belgooda",
                "vdom": "root",
                "count": "1",
                "fwRule": "39",
                "usrMsg": "URL belongs to a denied category in policy",
                "eventId": "149463214295348149",
                "infoURL": "http://thewolves.uk/",
                "ipProto": "6 (TCP)",
                "srcName": "HOST-10.16.100.196",
                "subtype": "webfilter",
                "uriStem": "http://thewolves.uk/",
                "customer": "Super",
                "destName": "thewolves.uk",
                "fwAction": "blocked",
                "hostName": "thewolves.uk",
                "logLevel": "warning",
                "memberID": "0317013312",
                "totFlows": "1",
                "direction": "outgoing",
                "eventName": "The URL belongs to a denied category in the firewall policy",
                "eventType": "FortiGate-webfilter-url-firewall-deny",
                "reptModel": "FortiOS",
                "sessionId": "835495",
                "srcIpAddr": "10.16.100.196",
                "srcIpPort": "57538",
                "destIpAddr": "83.223.106.13",
                "destIpPort": "80 (HTTP)",
                "deviceTime": "Thu Jun 18 17:22:42 BST 2020",
                "parserName": "FortiGateParser",
                "phRecvTime": "Thu Jun 18 17:22:42 BST 2020",
                "reptVendor": "Fortinet",
                "totBytes64": "922950",
                "collectorId": "1",
                "destGeoCity": "Hemel Hempstead",
                "eventAction": "1 (Deny)",
                "profileName": "Monitor-All",
                "rawEventMsg": "<188>date=2020-06-18 time=19:31:34 devname=\"FortiGate-Core\" devid=\"FGVM01TM19007099\" logid=\"0316013056\" type=\"utm\" subtype=\"webfilter\" eventtype=\"ftgd_blk\" level=\"warning\" vd=\"root\" eventtime=1592505094701284669 tz=\"+0100\" policyid=39 sessionid=876718 user=\"a.belgooda\" authserver=\"FSSO\" srcip=10.16.100.196 srcport=51433 srcintf=\"port3\" srcintfrole=\"lan\" dstip=83.223.106.13 dstport=80 dstintf=\"port1\" dstintfrole=\"wan\" proto=6 service=\"HTTP\" hostname=\"thewolves.uk\" profile=\"Monitor-All\" action=\"blocked\" reqtype=\"direct\" url=\"http://thewolves.uk/\" sentbyte=462 rcvdbyte=0 direction=\"outgoing\" msg=\"URL belongs to a denied category in policy\" method=\"domain\" cat=26 catdesc=\"Unrated\" crscore=30 craction=4194304 crlevel=\"high\"",
                "recvBytes64": "918909",
                "reptDevName": "FortiGate-Core",
                "sentBytes64": "4041",
                "serviceName": "HTTP",
                "srcIntfName": "port3",
                "timeSkewSec": "0",
                "webCategory": "Unrated",
                "destGeoState": "England",
                "destIntfName": "port1",
                "domainEntropy": "6.71",
                "eventParsedOk": "1",
                "eventSeverity": "5",
                "reptDevIpAddr": "10.222.249.200",
                "destGeoCountry": "United Kingdom",
                "profileDetails": "Monitor-All",
                "relayDevIpAddr": "10.222.249.200",
                "destGeoLatitude": "51.75324",
                "phEventCategory": "0 (External)",
                "destGeoLongitude": "-0.44863",
                "eventRuleTrigger": "1",
                "eventSeverityCat": "MEDIUM",
                "extEventRecvProto": "Syslog",
                "destGeoCountryCodeStr": "GB"
              },
              "receiveTime": "2020-06-18T17:22:42+01:00"
            }
          ]
        }
      }
    ]
  },
  {
    "data": [
      {
        "sleep": -1,
        "name": "Malicious URL Detected",
        "source": "FSMSIM-Malicious-URL-Access",
        "demo_message": "3) Client is connecting to an unknown URL that is on the block list.",
        "sourcedata": {
          "incident_data": {
            "id": "0",
            "nid": "{{TR_RANDOM_INTEGER}}3",
            "index": "0",
            "custId": "2000",
            "dataStr": "",
            "eventType": "Malicious_URL_detected_6_18_2020",
            "attributes": {
              "count": "1",
              "user": "s.badaracco",
              "customer": "hulu",
              "eventName": "Detected attempted client access to Malicious URL brainky.net",
              "eventType": "Malicious_URL_detected_6_18_2020",
              "bizService": "",
              "incidentId": "24060",
              "phRecvTime": "Thu Jun 18 17:24:00 BST 2020",
              "incidentSrc": "srcIpAddr:10.16.100.196,",
              "incidentReso": "1 (Open)",
              "eventSeverity": "7",
              "incidentRptIp": "10.222.249.200",
              "incidentTitle": "FortiGate detected client accessing Malicious URL brainky.net",
              "incidentDetail": "webCategory:Unrated,",
              "incidentStatus": "0 (Active)",
              "incidentTarget": "",
              "incidentExtUser": "",
              "phEventCategory": "1 (Incident)",
              "eventSeverityCat": "MEDIUM",
              "incidentComments": "",
              "incidentLastSeen": "Thu Jun 18 17:24:00 BST 2020",
              "incidentTicketId": "",
              "incidentFirstSeen": "Thu Jun 18 17:09:30 BST 2020",
              "incidentViewUsers": "",
              "phIncidentImpacts": "Application",
              "incidentNotiStatus": "",
              "incidentRptDevName": "FortiGate-Core",
              "incidentTicketUser": "",
              "incidentViewStatus": "1 (Read)",
              "phIncidentCategory": "5",
              "incidentClearedTime": "Thu Jan 01 01:00:00 CET 1970",
              "incidentClearedUser": "",
              "incidentExtTicketId": "",
              "incidentRptDevStatus": "2 (Approved)",
              "incidentTicketStatus": "6 (None)",
              "incidentClearedReason": "",
              "incidentExtTicketType": "",
              "phSubIncidentCategory": "PH_RULE_SECURITY_Policy_Violation",
              "incidentExtClearedTime": "Thu Jan 01 01:00:00 CET 1970",
              "incidentExtTicketState": "",
              "incidentNotiRecipients": ""
            },
            "receiveTime": "2020-06-10T20:06:30+02:00"
          },
          "associated_events": [
            {
              "id": "149463214295348149",
              "nid": "149463214295348149",
              "index": "3",
              "custId": "1",
              "dataStr": "",
              "eventType": "FortiGate-webfilter-url-firewall-deny",
              "attributes": {
                "user": "a.belgooda",
                "vdom": "root",
                "count": "1",
                "fwRule": "39",
                "usrMsg": "URL belongs to a denied category in policy",
                "eventId": "149463214295348149",
                "infoURL": "http://brainky.net/",
                "ipProto": "6 (TCP)",
                "srcName": "HOST-10.16.100.196",
                "subtype": "webfilter",
                "uriStem": "http://brainky.net/",
                "customer": "Super",
                "destName": "www.brainky.net",
                "fwAction": "blocked",
                "hostName": "www.brainky.net",
                "logLevel": "warning",
                "memberID": "0317013312",
                "totFlows": "1",
                "direction": "outgoing",
                "eventName": "The URL belongs to a denied category in the firewall policy",
                "eventType": "FortiGate-webfilter-url-firewall-deny",
                "reptModel": "FortiOS",
                "sessionId": "835495",
                "srcIpAddr": "10.16.100.196",
                "srcIpPort": "57538",
                "destIpAddr": "83.223.106.13",
                "destIpPort": "80 (HTTP)",
                "deviceTime": "Thu Jun 18 17:22:42 BST 2020",
                "parserName": "FortiGateParser",
                "phRecvTime": "Thu Jun 18 17:22:42 BST 2020",
                "reptVendor": "Fortinet",
                "totBytes64": "922950",
                "collectorId": "1",
                "destGeoCity": "Hemel Hempstead",
                "eventAction": "1 (Deny)",
                "profileName": "Monitor-All",
                "rawEventMsg": "<188>date=2020-06-18 time=19:31:34 devname=\"FortiGate-Core\" devid=\"FGVM01TM19007099\" logid=\"0316013056\" type=\"utm\" subtype=\"webfilter\" eventtype=\"ftgd_blk\" level=\"warning\" vd=\"root\" eventtime=1592505094701284669 tz=\"+0100\" policyid=39 sessionid=876718 user=\"a.belgooda\" authserver=\"FSSO\" srcip=10.16.100.196 srcport=51433 srcintf=\"port3\" srcintfrole=\"lan\" dstip=83.223.106.13 dstport=80 dstintf=\"port1\" dstintfrole=\"wan\" proto=6 service=\"HTTP\" hostname=\"brainky.net\" profile=\"Monitor-All\" action=\"blocked\" reqtype=\"direct\" url=\"http://brainky.net/\" sentbyte=462 rcvdbyte=0 direction=\"outgoing\" msg=\"URL belongs to a denied category in policy\" method=\"domain\" cat=26 catdesc=\"Unrated\" crscore=30 craction=4194304 crlevel=\"high\"",
                "recvBytes64": "918909",
                "reptDevName": "FortiGate-Core",
                "sentBytes64": "4041",
                "serviceName": "HTTP",
                "srcIntfName": "port3",
                "timeSkewSec": "0",
                "webCategory": "Unrated",
                "destGeoState": "England",
                "destIntfName": "port1",
                "domainEntropy": "6.71",
                "eventParsedOk": "1",
                "eventSeverity": "5",
                "reptDevIpAddr": "10.222.249.200",
                "destGeoCountry": "United Kingdom",
                "profileDetails": "Monitor-All",
                "relayDevIpAddr": "10.222.249.200",
                "destGeoLatitude": "51.75324",
                "phEventCategory": "0 (External)",
                "destGeoLongitude": "-0.44863",
                "eventRuleTrigger": "1",
                "eventSeverityCat": "MEDIUM",
                "extEventRecvProto": "Syslog",
                "destGeoCountryCodeStr": "GB"
              },
              "receiveTime": "2020-06-18T17:22:42+01:00"
            }
          ]
        }
      }
    ]
  },
  {
    "data": [
      {
        "sleep": -1,
        "name": "Malicious URL Detected",
        "source": "FSMSIM-Malicious-URL-Access",
        "demo_message": "4) Client is connecting to a known malicious URL",
        "sourcedata": {
          "incident_data": {
            "id": "0",
            "nid": "{{TR_RANDOM_INTEGER}}4",
            "index": "2",
            "custId": "2000",
            "dataStr": "",
            "eventType": "Malicious_URL_detected_6_18_2020",
            "attributes": {
              "count": "1",
              "user": "r.baddams",              
              "customer": "hulu",
              "eventName": "Detected attempted client access to Malicious URL {{TR_MALICIOUS_URL}}",
              "eventType": "Malicious_URL_detected_6_18_2020",
              "bizService": "",
              "incidentId": "24061",
              "phRecvTime": "Thu Jun 18 19:31:34 BST 2020",
              "incidentSrc": "",
              "incidentReso": "1 (Open)",
              "eventSeverity": "7",
              "incidentRptIp": "10.222.249.200",
              "incidentTitle": "FortiGate detected client accessing Malicious URL {{TR_MALICIOUS_URL}}",
              "incidentDetail": "webCategory:Unrated,",
              "incidentStatus": "0 (Active)",
              "incidentTarget": "",
              "incidentExtUser": "",
              "phEventCategory": "1 (Incident)",
              "eventSeverityCat": "MEDIUM",
              "incidentComments": "",
              "incidentLastSeen": "Thu Jun 18 19:31:34 BST 2020",
              "incidentTicketId": "",
              "incidentFirstSeen": "Thu Jun 18 19:31:34 BST 2020",
              "incidentViewUsers": "",
              "phIncidentImpacts": "Other",
              "incidentNotiStatus": "",
              "incidentRptDevName": "FortiGate-Core",
              "incidentTicketUser": "",
              "incidentViewStatus": "1 (Read)",
              "phIncidentCategory": "5",
              "incidentClearedTime": "Thu Jan 01 01:00:00 CET 1970",
              "incidentClearedUser": "",
              "incidentExtTicketId": "",
              "incidentRptDevStatus": "1 (Pending)",
              "incidentTicketStatus": "6 (None)",
              "incidentClearedReason": "",
              "incidentExtTicketType": "",
              "phSubIncidentCategory": "PH_RULE_S@ECURITY_Policy_Violation",
              "incidentExtClearedTime": "Thu Jan 01 01:00:00 CET 1970",
              "incidentExtTicketState": "",
              "incidentNotiRecipients": ""
            },
            "receiveTime": "2020-06-18T19:31:34+01:00"
          },
          "associated_events": [
            {
              "id": "149463214295879735",
              "nid": "149463214295879735",
              "index": "4",
              "custId": "1",
              "dataStr": "",
              "eventType": "FortiGate-webfilter-url-firewall-deny",
              "attributes": {
                "user": "r.baddams",
                "vdom": "root",
                "count": "1",
                "fwRule": "39",
                "usrMsg": "URL belongs to a denied category in policy",
                "eventId": "149463214295879735",
                "infoURL": "{{TR_MALICIOUS_URL}}",
                "ipProto": "6 (TCP)",
                "srcName": "HOST-10.16.100.196",
                "subtype": "webfilter",
                "uriStem": "{{TR_MALICIOUS_URL}}",
                "customer": "Super",
                "destName": "thewolves.uk",
                "fwAction": "blocked",
                "hostName": "thewolves.uk",
                "logLevel": "warning",
                "memberID": "0316013056",
                "totFlows": "1",
                "direction": "outgoing",
                "eventName": "The URL belongs to a denied category in the firewall policy",
                "eventType": "FortiGate-webfilter-url-firewall-deny",
                "reptModel": "FortiOS",
                "sessionId": "876718",
                "srcIpAddr": "10.16.100.196",
                "srcIpPort": "51433",
                "destIpAddr": "83.223.106.13",
                "destIpPort": "80 (HTTP)",
                "deviceTime": "Thu Jun 18 19:31:34 BST 2020",
                "parserName": "FortiGateParser",
                "phRecvTime": "Thu Jun 18 19:31:34 BST 2020",
                "reptVendor": "Fortinet",
                "totBytes64": "462",
                "collectorId": "1",
                "destGeoCity": "Hemel Hempstead",
                "eventAction": "1 (Deny)",
                "profileName": "Monitor-All",
                "rawEventMsg": "<188>date=2020-06-18 time=19:31:34 devname=\"FortiGate-Core\" devid=\"FGVM01TM19007099\" logid=\"0316013056\" type=\"utm\" subtype=\"webfilter\" eventtype=\"ftgd_blk\" level=\"warning\" vd=\"root\" eventtime=1592505094701284669 tz=\"+0100\" policyid=39 sessionid=876718 user=\"r.baddams\" authserver=\"FSSO\" srcip=10.16.100.196 srcport=51433 srcintf=\"port3\" srcintfrole=\"lan\" dstip=83.223.106.13 dstport=80 dstintf=\"port1\" dstintfrole=\"wan\" proto=6 service=\"HTTP\" hostname=\"{{TR_MALICIOUS_DOMAIN}}\" profile=\"Monitor-All\" action=\"blocked\" reqtype=\"direct\" url=\"{{TR_MALICIOUS_URL}}\" sentbyte=462 rcvdbyte=0 direction=\"outgoing\" msg=\"URL belongs to a denied category in policy\" method=\"domain\" cat=26 catdesc=\"Malicious Websites\" crscore=30 craction=4194304 crlevel=\"high\"",
                "recvBytes64": "0",
                "reptDevName": "FortiGate-Core",
                "sentBytes64": "462",
                "serviceName": "HTTP",
                "srcIntfName": "port3",
                "timeSkewSec": "0",
                "webCategory": "Malicious Websites",
                "destGeoState": "England",
                "destIntfName": "port1",
                "domainEntropy": "16.25",
                "eventParsedOk": "1",
                "eventSeverity": "5",
                "reptDevIpAddr": "10.222.249.200",
                "destGeoCountry": "United Kingdom",
                "profileDetails": "Monitor-All",
                "relayDevIpAddr": "10.222.249.200",
                "destGeoLatitude": "51.75324",
                "phEventCategory": "0 (External)",
                "destGeoLongitude": "-0.44863",
                "eventRuleTrigger": "1",
                "eventSeverityCat": "MEDIUM",
                "extEventRecvProto": "Syslog",
                "clientReputationLevel": "high",
                "clientReputationScore": "30",
                "destGeoCountryCodeStr": "GB",
                "clientReputationAction": "4194304"
              },
              "receiveTime": "2020-06-18T19:31:34+01:00"
            }
          ]
        }
      }
    ]
  }
]
