[
{
"data":[
		{
		"sleep":0,
		"demo_message":"Nikto web scanner alert",
		"name": "IN0{{TR_RANDOM_INTEGER}}",
		"source":"FortiAnalyzer-Incident",
		"sourceData":"{\"alert_data\": {\"epid\": \"0\", \"euid\": \"3\", \"incid\": \"IN{{TR_RANDOM_INTEGER}}\", \"status\": \"draft\", \"refinfo\": \"\", \"category\": \"CAT5\", \"endpoint\": \"N/A\", \"lastuser\": \"\", \"reporter\": \"admin\", \"revision\": \"0\", \"severity\": \"low\", \"createtime\": \"{{TR_T-6}}\", \"lastupdate\": \"\", \"description\": \"\", \"attach_revision\": \"1\", \"attach_lastupdate\": \"1586709727\"}, \"events_data\": [{\"mac\": \"\", \"tag\": \"Default,By_Threat,Intrusion,Signature,Victim\", \"epid\": 1033, \"epip\": \"{{TR_ASSET_IP}}\", \"euid\": \"3\", \"vdom\": \"root\", \"acked\": {\"id\": \"no\", \"text\": \"No\"}, \"devid\": \"FGVM02TM19008304\", \"epname\": \"{{TR_ASSET_IP}}\", \"euname\": \"N/A\", \"ackflag\": \"no\", \"alertid\": \"202004121000000095\", \"comment\": \"\", \"devname\": \"FortiGate-Core\", \"devtype\": \"FortiGate\", \"logtype\": \"1\", \"srcname\": \"\", \"subject\": {\"text\": \"Intrusion to {{TR_ASSET_IP}} detected\"}, \"subtype\": \"\", \"endpoint\": \"{{TR_ASSET_IP}}\", \"filterid\": \"3\", \"groupby1\": {\"text\": \"Nikto.Web.Scanner\"}, \"groupby2\": {\"text\": \"{{TR_ASSET_IP}}\"}, \"hostname\": \"IntWebServer01\", \"logcount\": 3777, \"readflag\": \"no\", \"selected\": true, \"severity\": {\"id\": \"high\", \"text\": \"High\", \"order\": 1}, \"showUEBA\": true, \"topIndex\": 53, \"alerttime\": \"{{TR_T-6}}\", \"eventtype\": {\"id\": \"ips\", \"icon\": \"ffg ffg-profile-ips\", \"text\": \"IPS\"}, \"extrainfo\": {\"text\": \"Intrusion: Nikto.Web.Scanner with severity:low, Reference: http://www.fortinet.com/ids/VID44780, Traffic path: PolicyID 4\\\\{{TR_MALICIOUS_IP}}:33262,..\", \"format\": \"raw\"}, \"filterkey\": \"2258662866810768632\", \"updatetime\": \"1586709244\", \"eventstatus\": {\"id\": \"open\", \"css\": \"open\", \"text\": \"Unhandled\", \"order\": 600}, \"filtercksum\": \"-1356858461\", \"lastlogtime\": \"1586709244\", \"triggerdesc\": \"Default event handler to detect attacks and malicious codes in network traffic grouped by threat\", \"triggername\": \"Default-Malicious-Code-Detection-By-Threat\", \"firstlogtime\": \"1586709234\", \"groupby1type\": \"attack\", \"groupby2type\": \"dstendpoint\", \"triggermissing\": false, \"_advancedGroupId\": \"grp=Nikto.Web.Scanner\", \"__event_to_logview\": {\"device\": [], \"search\": \"(attack='Nikto.Web.Scanner') AND (dstepid=1033) AND ( ( type=\\\"utm\\\" and subtype=\\\"ips\\\" ) or ( type=\\\"anomaly\\\" and subtype=\\\"anomaly\\\" ) or ( type=\\\"utm\\\" and subtype=\\\"anomaly\\\" ) or type=\\\"ips\\\" ) and ( ( direction=\\\"outgoing\\\" and attack!~\\\"Botnet\\\" and ( action=\\\"detected\\\" or action=\\\"pass session\\\" ) and ( logid=0419016384 or logid=0419016385 or logid=0419016386 ) ) ) \", \"devtype\": 0, \"timeEnd\": \"2020-04-12 18:34:06\", \"_logtype\": 1, \"timeStart\": \"2020-04-12 18:33:54\"}}]}"
		}
		]
},
{
"data":[
		{
		"sleep":-1,
		"demo_message":"PHP.Remote.File.Inclusion",
		"name": "IN0{{TR_RANDOM_INTEGER}}",
		"source":"FortiAnalyzer-Incident",
		"sourceData":"{\"alert_data\": {\"epid\": \"0\", \"euid\": \"3\", \"incid\": \"IN{{TR_RANDOM_INTEGER}}\", \"status\": \"draft\", \"refinfo\": \"\", \"category\": \"CAT3\", \"endpoint\": \"N/A\", \"lastuser\": \"\", \"reporter\": \"admin\", \"revision\": \"0\", \"severity\": \"medium\", \"createtime\": \"{{TR_T-4}}\", \"lastupdate\": \"\", \"description\": \"\", \"attach_revision\": \"1\", \"attach_lastupdate\": \"1586709794\"}, \"events_data\": [{\"mac\": \"\", \"tag\": \"Default,By_Threat,Intrusion,Signature,Victim\", \"epid\": 1033, \"epip\": \"{{TR_ASSET_IP}}\", \"euid\": \"3\", \"vdom\": \"root\", \"acked\": {\"id\": \"no\", \"text\": \"No\"}, \"devid\": \"FGVM02TM19008304\", \"epname\": \"{{TR_ASSET_IP}}\", \"euname\": \"N/A\", \"ackflag\": \"no\", \"alertid\": \"202004121000000111\", \"comment\": \"\", \"devname\": \"FortiGate-Core\", \"devtype\": \"FortiGate\", \"logtype\": \"1\", \"srcname\": \"\", \"subject\": {\"text\": \"Intrusion to {{TR_ASSET_IP}} detected\"}, \"subtype\": \"\", \"endpoint\": \"{{TR_ASSET_IP}}\", \"filterid\": \"3\", \"groupby1\": {\"text\": \"PHP.Remote.File.Inclusion\"}, \"groupby2\": {\"text\": \"{{TR_ASSET_IP}}\"}, \"hostname\": \"IntWebServer01\", \"logcount\": 1395, \"readflag\": \"no\", \"selected\": true, \"severity\": {\"id\": \"high\", \"text\": \"High\", \"order\": 1}, \"showUEBA\": true, \"topIndex\": \"\", \"alerttime\": \"{{TR_T-4}}\", \"eventtype\": {\"id\": \"ips\", \"icon\": \"ffg ffg-profile-ips\", \"text\": \"IPS\"}, \"extrainfo\": {\"text\": \"Intrusion: PHP.Remote.File.Inclusion with severity:low, Reference: http://www.fortinet.com/ids/VID12699, Traffic path: PolicyID 4\\\\{{TR_MALICIOUS_IP}}:33270,..\", \"format\": \"raw\"}, \"filterkey\": \"2258662866810768632\", \"updatetime\": \"1586709245\", \"eventstatus\": {\"id\": \"open\", \"css\": \"open\", \"text\": \"Unhandled\", \"order\": 600}, \"filtercksum\": \"-1356858461\", \"lastlogtime\": \"1586709245\", \"triggerdesc\": \"Default event handler to detect attacks and malicious codes in network traffic grouped by threat\", \"triggername\": \"Default-Malicious-Code-Detection-By-Threat\", \"firstlogtime\": \"1586709235\", \"groupby1type\": \"attack\", \"groupby2type\": \"dstendpoint\", \"triggermissing\": false, \"_advancedGroupId\": \"grp=PHP.Remote.File.Inclusion\", \"__event_to_logview\": {\"device\": [], \"search\": \"(attack='PHP.Remote.File.Inclusion') AND (dstepid=1033) AND ( ( type=\\\"utm\\\" and subtype=\\\"ips\\\" ) or ( type=\\\"anomaly\\\" and subtype=\\\"anomaly\\\" ) or ( type=\\\"utm\\\" and subtype=\\\"anomaly\\\" ) or type=\\\"ips\\\" ) and ( ( direction=\\\"outgoing\\\" and attack!~\\\"Botnet\\\" and ( action=\\\"detected\\\" or action=\\\"pass session\\\" ) and ( logid=0419016384 or logid=0419016385 or logid=0419016386 ) ) ) \", \"devtype\": 0, \"timeEnd\": \"2020-04-12 18:34:05\", \"_logtype\": 1, \"timeStart\": \"2020-04-12 18:33:55\"}}]}"
		}
		]
},
{
"data":[
		{
		"sleep":-1,
		"name": "Suspicious eMail",
		"source":"email",
		"demo_message":"Sends a Phishing email to a local user",
		"sourceData":{
					"body": {
					"html": "<html>All,<br/>  A Critical vulnerability has been found in our internal ERP client application<br/>, a patch has been made available in our internal website <br/><a href=http://{{TR_ASSET_IP}}/patch.msi>Windows Patch</a><br/>. it is mandatory for all employes to download it and install it immediately.<br/>Office of the CTO<br/>.</html>",
					"json": null,
					"text": ""
					},
					"headers": {
					"to": "\"Marketing department\" <marketing_department@fortielab.com>",
					"date": "{{TR_T-2}}",
					"from": "CTO <james.k@fortielab.com>",
					"subject": "Important patch deployment notification",
					"return-path": "it_department@fortielab.com",
					"x-originating-ip": "[{{TR_MALICIOUS_IP}}]",
					"received": "from FGT-EXCH-MBX131.fortielab.com ([fe80::34cd:65fd:1993:4c41]) by FGT-EXCH-MBX131.fortielab.com ([fe80::34cd:65fd:1993:4c41%14]) with mapi id 15.01.1531.003; Mon, 30 Mar 2020 20:10:12 -0700",
					"message-id": "<C6682F90-317E-4363-9553-756A0F43C7F1@fortielab.com>",
					"user-agent": "Microsoft-MacOutlook/10.1e.0.191013",
					"content-type": "multipart/related; boundary=\"_008_C6682F90317E43639553756A0F43C7F1fortinetcom_\"; type=\"multipart/alternative\"",
					"mime-version": "1.0",
					"received-spf": "Pass (protection.outlook.com: domain of fortinet.com designates {{TR_MALICIOUS_IP}} as permitted sender) receiver=protection.outlook.com; client-ip={{TR_MALICIOUS_IP}}; helo=smtp.fortinet.com;",
					"thread-index": "AQHWBwnkuJdAQj6RLUShsJ5HOUehXw==",
					"thread-topic": "subject email",
					"accept-language": "en-US",
					"x-ms-has-attach": "yes",
					"content-language": "en-US",
					"x-microsoft-antispam": "BCL:0;",
					"x-ms-publictraffictype": "Email",
					"x-ms-traffictypediagnostic": "DX2P273MB0076:",
					"x-ms-exchange-crosstenant-fromentityheader": "Internet"
					},
					"item_id": "AAMkADVlZTNkOWI4LTY5ODQtNGMwZS1iOTc1LTI5NmE3MGU0NTZjNwBGAAAAAABS8Mb4hS7ZTLQxWwcepYAXBwCS+juyFojFSp0McTpxFmRsAAAAAAEMAACS+juyFojFSp0McTpxFmRsAAAJj63YAAA=",
					"attachments": [],
					"folder_path": "/root/Top of Information Store/Inbox",
					"attachment_files": [],
					"extract_attach_data": true,
					"parsed_attachment_data": []
				}
		}
	]
},
{
"data":[
		{
		"sleep":-1,
		"demo_message":"C2 Connection to malicious IP",
		"name": "IN0{{TR_RANDOM_INTEGER}}",
		"source":"FortiAnalyzer-Incident",
		"sourceData":"{\"alert_data\": {\"epid\": \"0\", \"euid\": \"3\", \"incid\": \"IN{{TR_RANDOM_INTEGER}}\", \"status\": \"draft\", \"refinfo\": \"\", \"category\": \"CAT3\", \"endpoint\": \"N/A\", \"lastuser\": \"\", \"reporter\": \"admin\", \"revision\": \"0\", \"severity\": \"high\", \"createtime\": \"{{TR_T-1}}\", \"lastupdate\": \"\", \"description\": \"\", \"attach_revision\": \"1\", \"attach_lastupdate\": \"1586709794\"}, \"events_data\": [{\"mac\": \"\", \"tag\": \"Default,By_Threat,Risky,URL\", \"epid\": 1033, \"epip\": \"{{TR_ASSET_IP}}\", \"euid\": \"3\", \"vdom\": \"root\", \"acked\": {\"id\": \"no\", \"text\": \"No\"}, \"devid\": \"FGVM02TM19008304\", \"epname\": \"{{TR_ASSET_IP}}2\", \"euname\": \"N/A\", \"ackflag\": \"no\", \"alertid\": \"202004121000000111\", \"comment\": \"\", \"devname\": \"FortiGate-Core\", \"devtype\": \"FortiGate\", \"logtype\": \"1\", \"srcname\": \"\", \"subject\": {\"text\": \"Web request to malicious destination from {{TR_ASSET_IP}}2 blocked\"}, \"subtype\": \"\", \"endpoint\": \"{{TR_ASSET_IP}}\", \"filterid\": \"3\", \"groupby1\": {\"text\": \"qmwhetwxsymbe.com\"}, \"groupby2\": {\"text\": \"{{TR_ASSET_IP}}\"}, \"hostname\": \"WorkstationD\", \"logcount\": 1395, \"readflag\": \"no\", \"selected\": true, \"severity\": {\"id\": \"high\", \"text\": \"High\", \"order\": 1}, \"showUEBA\": true, \"topIndex\": \"\", \"alerttime\": \"{{TR_T-4}}\", \"eventtype\": {\"id\": \"ips\", \"icon\": \"ffg ffg-profile-ips\", \"text\": \"IPS\"}, \"extrainfo\": {\"text\": \"Domain:qmwhetwxsymbe.com from category: Malicious Websites, Traffic path: PolicyID 3(Profile default){{TR_MALICIOUS_IP}}:80\", \"format\": \"raw\"}, \"filterkey\": \"6076411179028906559\", \"updatetime\": \"1586685694\", \"eventstatus\": {\"id\": \"mitigated\", \"css\": \"mitigated\", \"text\": \"Mitigated\", \"order\": 400}, \"filtercksum\": \"-983233797\", \"lastlogtime\": \"1586685694\", \"triggerdesc\": \"Default event handler to detect network traffic to malicious or suspicious destinations grouped by threat\", \"triggername\": \"Default-Risky-Destination-Detection-By-Threat\", \"firstlogtime\": \"1586685694\", \"groupby1type\": \"hostname\", \"groupby2type\": \"endpoint\", \"triggermissing\": false, \"_advancedGroupId\": \"grp=qmwhetwxsymbe.com\", \"__event_to_logview\": {\"device\": [], \"search\": \"(attack='PHP.Remote.File.Inclusion') AND (dstepid=1033) AND ( ( type=\\\"utm\\\" and subtype=\\\"ips\\\" ) or ( type=\\\"anomaly\\\" and subtype=\\\"anomaly\\\" ) or ( type=\\\"utm\\\" and subtype=\\\"anomaly\\\" ) or type=\\\"ips\\\" ) and ( ( direction=\\\"outgoing\\\" and attack!~\\\"Botnet\\\" and ( action=\\\"detected\\\" or action=\\\"pass session\\\" ) and ( logid=0419016384 or logid=0419016385 or logid=0419016386 ) ) ) \", \"devtype\": 0, \"timeEnd\": \"2020-04-12 18:34:05\", \"_logtype\": 1, \"timeStart\": \"2020-04-12 18:33:55\"}}]}"
		}
		]
}
]

