[
{
"data":[
		{
		"sleep":0,
		"name": "User added to Administrator Group",
		"source":"FortiSIEM",
		"sourcedata":{
				"incident": {
							"id": 4102222706,
							"user": "morgoth",
							"xmlId": "Incident@4102222706",
							"custId": 1,
							"domain": "fortisoar.com",
							"ruleId": 1680114,
							"ownerId": 0,
							"computer": "",
							"hostName": "WIN2016-ADS",
							"ruleDesc": "Detects users added to administrator group",
							"ruleName": "User added to Administrator Group",
							"severity": 6,
							"origDevIp": "10.200.3.10",
							"bizService": "Auth Service,Axians,COBIT Service,Core Banking System and EBanking,ERP_123,Email,FS,GPG13 Service,HIPAA Service,NIST 800-53 Service,PCI Service,PII Data,PortalWeb,Servidores Windows,TEC-ERP,Tony,WebPortal,exchange,frontend,webserviceAccl",
							"cacheIndex": "<phCustId>1</phCustId><incidentSrc>computer:, </incidentSrc><incidentTarget>hostName:WIN2008-ADS, user:mike.long, domain:ACCELOPS, targetUser:cn=testuser,CN=Users,DC=accelops,DC=net, targetDomain:, targetUserGrp:Administrators, </incidentTarget><bizService>Auth Service,Axians,COBIT Service,Core Banking System and EBanking,ERP_123,Email,FS,GPG13 Service,HIPAA Service,NIST 800-53 Service,PCI Service,PII Data,PortalWeb,Servidores Windows,TEC-ERP,Tony,WebPortal,exchange,frontend,webserviceAccl</bizService><hostName>WIN2008-ADS</hostName><computer></computer><domain>ACCELOPS</domain><targetDomain></targetDomain><user>mike.long</user><targetUser>cn=testuser,CN=Users,DC=accelops,DC=net</targetUser><targetUserGrp>Administrators</targetUserGrp>",
							"deviceType": "Microsoft Windows Server 2008",
							"incidentEt": "PH_RULE_ADD_WIN_ADMINISTRATOR",
							"incidentId": 1248908,
							"resolution": "Open",
							"sourceUser": "eru",
							"targetUser": "cn=eru,CN=Users,DC=fortisoar,DC=com",
							"viewStatus": 1,
							"clearedTime": 0,
							"externalOrg": "/api/3/tenants/b3a700f7-00be-4ef9-90c6-3c8fe6e1be63",
							"incidentSrc": "computer:,",
							"origDevName": "WIN2016-ADS",
							"severityCat": "MEDIUM",
							"creationTime": 1579615270434,
							"deviceStatus": "Approved",
							"lastModified": 1585598498338,
							"lastSeenTime": 1585598490000,
							"ticketStatus": "None",
							"devImportance": 3,
							"firstSeenTime": 1579615260000,
							"incidentCount": 1662,
							"incidentDetail": "",
							"incidentStatus": 0,
							"incidentTarget": "",
							"origDevIpFirst": "10.200.3.10",
							"ruleRemediation": "",
							"externalTicketId": 26372,
							"incidentCategory": "Change/Audit",
							"externalTicketType": "52.57.40.125",
							"phIncidentCategory": "Application",
							"externalTicketState": "new",
							"notificationReceipt": "",
							"formatedLastSeenTime": "03/30/2020 21:01:30 BST",
							"intergrationComments": "",
							"formatedFirstSeenTime": "01/21/2020 14:01:00 GMT",
							"jiraIntegrationMapping": ""
						}
				}
		}
	]
}
]

