[
{
"data":[
		{
		"sleep":0,
		"name": "ALERT_NAME",
		"source":"ALERT_SOURCE",
		"sourcedata":{
				"incident": {
							"id": 4102223178,
							"xmlId": "Incident@4102223178",
							"custId": 1,
							"ruleId": 1680121,
							"ownerId": 0,
							"hostName": "2900xl.threatsoc.com",
							"ruleDesc": "Detects that the configuration of a network device (router or firewall) has changed. This is achieved via logging in and keeping track of the last change",
							"ruleName": "Startup Config Change",
							"severity": 6,
							"origDevIp": "10.1.1.5",
							"cacheIndex": "<phCustId>1</phCustId><incidentSrc></incidentSrc><incidentTarget>hostIpAddr:10.1.1.5, hostName:2900xl.threatsoc.com, </incidentTarget><hostIpAddr>10.1.1.5</hostIpAddr><hostName>2900xl.threatsoc.com</hostName><addedItem>logging facility local6;</addedItem><deletedItem>(none)</deletedItem>",
							"hostIpAddr": "10.1.1.5",
							"incidentEt": "PH_RULE_CHANGE_STARTUP_CONFIG",
							"incidentId": 1249015,
							"resolution": "Open",
							"viewStatus": 1,
							"clearedTime": 0,
							"externalOrg": "/api/3/tenants/b3a700f7-00be-4ef9-90c6-3c8fe6e1be63",
							"incidentSrc": "",
							"origDevName": "2900xl.threatsoc.com",
							"severityCat": "MEDIUM",
							"creationTime": 1579622437626,
							"lastModified": 1585594810783,
							"lastSeenTime": 1585594800000,
							"ticketStatus": "None",
							"firstSeenTime": 1579622430000,
							"incidentCount": 560,
							"incidentDetail": "addedItem:logging facility local6;, deletedItem:(none),",
							"incidentStatus": 0,
							"incidentTarget": "hostIpAddr:10.1.1.5, hostName:2900xl.threatsoc.com,",
							"origDevIpFirst": "10.1.1.5",
							"ruleRemediation": "",
							"externalTicketId": 26598,
							"incidentCategory": "Change/Audit",
							"externalTicketType": "52.57.40.125",
							"phIncidentCategory": "Network",
							"externalTicketState": "new",
							"notificationReceipt": "",
							"formatedLastSeenTime": "03/30/2020 20:00:00 BST",
							"intergrationComments": "",
							"formatedFirstSeenTime": "01/21/2020 16:00:30 GMT",
							"jiraIntegrationMapping": ""
						}
				}
		}
	]
}
]

