[
{
"data":[
		{
		"sleep":0,
		"name": "ALERT_NAME",
		"source":"ALERT_SOURCE",
		"sourcedata":{
				"incident": {
							"id": 4102125274,
							"user": "mike.long",
							"xmlId": "Incident@4102125274",
							"custId": 1,
							"domain": "ACCELOPS",
							"ruleId": 209206958,
							"ownerId": 0,
							"hostName": "WIN2008-ADS",
							"ruleDesc": "Detects Windows user account properties changed on a server",
							"ruleName": "Windows User Account Properties Changed",
							"severity": 7,
							"origDevIp": "192.168.0.10",
							"bizService": "Auth Service,Axians,COBIT Service,Core Banking System and EBanking,ERP_123,Email,FS,GPG13 Service,HIPAA Service,NIST 800-53 Service,PCI Service,PII Data,PortalWeb,Servidores Windows,TEC-ERP,Tony,WebPortal,exchange,frontend,webserviceAccl",
							"cacheIndex": "<phCustId>1</phCustId><incidentSrc>srcUser:administrator, </incidentSrc><incidentTarget>hostName:WIN2008-ADS, user:mike.long, domain:ACCELOPS, </incidentTarget><bizService>Auth Service,Axians,COBIT Service,Core Banking System and EBanking,ERP_123,Email,FS,GPG13 Service,HIPAA Service,NIST 800-53 Service,PCI Service,PII Data,PortalWeb,Servidores Windows,TEC-ERP,Tony,WebPortal,exchange,frontend,webserviceAccl</bizService><hostName>WIN2008-ADS</hostName><domain>ACCELOPS</domain><user>mike.long</user><srcUser>administrator</srcUser>",
							"deviceType": "Microsoft Windows Server 2008",
							"incidentEt": "PH_RULE_WIN_USER_PROP_CHANGED",
							"incidentId": 1248868,
							"resolution": "Open",
							"sourceUser": "administrator",
							"viewStatus": 1,
							"clearedTime": 0,
							"externalOrg": "/api/3/tenants/b3a700f7-00be-4ef9-90c6-3c8fe6e1be63",
							"incidentSrc": "srcUser:administrator,",
							"origDevName": "WIN2008-ADS",
							"severityCat": "MEDIUM",
							"creationTime": 1579615269611,
							"deviceStatus": "Approved",
							"lastModified": 1585598497531,
							"lastSeenTime": 1585598490000,
							"ticketStatus": "None",
							"devImportance": 3,
							"firstSeenTime": 1579615260000,
							"incidentCount": 1902,
							"incidentDetail": "",
							"incidentStatus": 0,
							"incidentTarget": "hostName:WIN2008-ADS, user:mike.long, domain:ACCELOPS,",
							"origDevIpFirst": "192.168.0.10",
							"ruleRemediation": "",
							"externalTicketId": 26219,
							"incidentCategory": "Change/UserAccount",
							"externalTicketType": "52.57.40.125",
							"phIncidentCategory": "Server",
							"externalTicketState": "new",
							"notificationReceipt": "",
							"formatedLastSeenTime": "03/30/2020 21:01:30 BST",
							"intergrationComments": "",
							"formatedFirstSeenTime": "01/21/2020 14:01:00 GMT",
							"jiraIntegrationMapping": ""
						}
				}
		}
	]
}
]

