[
  {
    "data": [
      {
        "sleep": 0,
        "name": "High Severity Inbound Permitted IPS Exploit",
        "source": "FSMSIM-CWS-1",
        "demo_message": "1) A Remote Exploit is detected by FortiGate and relayed to FortiSIEM",
        "sourcedata": {
          "incident_data": {
            "id": "0",
            "nid": "{{TR_RANDOM_INTEGER}}",
            "index": "3",
            "custId": "1",
            "dataStr": null,
            "eventType": "PH_RULE_HIGH_SEV_SEC_IPS_IN_PERMIT",
            "attributes": {
              "count": "2",
              "customer": "Super",
              "eventName": "High Severity Inbound Permitted IPS Exploit",
              "eventType": "PH_RULE_HIGH_SEV_SEC_IPS_IN_PERMIT",
              "srcIpAddr": "{{TR_MALICIOUS_IP}}",
              "bizService": "",
              "destIpAddr": "10.0.50.20",
              "incidentId": "982",
              "phRecvTime": "Mon May 25 08:36:00 CEST 2020",
              "srcGeoCity": "Brisbane",
              "incidentSrc": "srcIpAddr:{{TR_MALICIOUS_IP}},",
              "srcGeoState": "Queensland",
              "incidentReso": "1 (Open)",
              "eventSeverity": "9",
              "incidentRptIp": "10.222.248.71",
              "incidentTitle": "High Severity Inbound Permitted IPS Exploit FortiGate-ips-signature-40243 from {{TR_MALICIOUS_IP}} to 10.0.50.20",
              "srcGeoCountry": "Australia",
              "incidentDetail": "compEventType:FortiGate-ips-signature-40243, attackName:PhpMoAdmin.moadmin.php.Unauthenticated.Remote.Code.Execution, ipsSignatureId:40243, incidentCount:1,",
              "incidentStatus": "0 (Active)",
              "incidentTarget": "destIpAddr:10.0.50.20,",
              "srcGeoLatitude": "-27.46977",
              "incidentExtUser": "",
              "phEventCategory": "1 (Incident)",
              "srcGeoLongitude": "153.02512",
              "eventSeverityCat": "HIGH",
              "incidentComments": "",
              "incidentLastSeen": "Mon May 25 08:36:00 CEST 2020",
              "incidentTicketId": "",
              "incidentFirstSeen": "{{TR_T-2}}",
              "incidentViewUsers": "",
              "phIncidentImpacts": "Application",
              "incidentNotiStatus": "",
              "incidentRptDevName": "FortiGate-Core",
              "incidentTicketUser": "",
              "incidentViewStatus": "1 (Read)",
              "phIncidentCategory": "4",
              "incidentClearedTime": "Thu Jan 01 01:00:00 CET 1970",
              "incidentClearedUser": "",
              "incidentExtTicketId": "",
              "incidentRptDevStatus": "1 (Pending)",
              "incidentTicketStatus": "6 (None)",
              "incidentClearedReason": "",
              "incidentExtTicketType": "",
              "phSubIncidentCategory": "PH_RULE_SECURITY_EXECUTION",
              "incidentExtClearedTime": "Thu Jan 01 01:00:00 CET 1970",
              "incidentExtTicketState": "",
              "incidentNotiRecipients": ""
            },
            "receiveTime": "2020-05-25T08:36:00+02:00"
          },
          "associated_events": {
            "event_ids": "4524147300685096713",
            "event_details": [
              [
                {
                  "id": "4524147300685096713",
                  "nid": "4524147300685096713",
                  "index": "0",
                  "custId": "1",
                  "dataStr": null,
                  "eventType": "FortiGate-ips-signature-40243",
                  "attributes": {
                    "vdom": "root",
                    "count": "1",
                    "fwRule": "4",
                    "usrMsg": "web_app: PhpMoAdmin.moadmin.php.Unauthenticated.Remote.Code.Execution,",
                    "eventId": "4524147300685096713",
                    "infoURL": "http://www.fortinet.com/ids/VID40243",
                    "ipProto": "6 (TCP)",
                    "srcName": "HOST-{{TR_MALICIOUS_IP}}",
                    "subtype": "ips",
                    "uriStem": " /html/index.php?collection=secpulse&action=listRows&find=array();phpinfo();exit;",
                    "customer": "Super",
                    "destName": "10.0.50.20",
                    "fwAction": "detected",
                    "hostName": "10.0.50.20",
                    "logLevel": "alert",
                    "memberID": "0419016384",
                    "totFlows": "1",
                    "direction": "outgoing",
                    "eventName": "PhpMoAdmin.moadmin.php.Unauthenticated.Remote.Code.Execution",
                    "eventType": "FortiGate-ips-signature-40243",
                    "reptModel": "FortiOS",
                    "sessionId": "1148457",
                    "srcIpAddr": "{{TR_MALICIOUS_IP}}",
                    "srcIpPort": "52848",
                    "attackName": "PhpMoAdmin.moadmin.php.Unauthenticated.Remote.Code.Execution",
                    "destIpAddr": "10.0.50.20",
                    "destIpPort": "80 (HTTP)",
                    "deviceTime": "Sat May 16 16:24:41 CEST 2020",
                    "parserName": "FortiGateParser",
                    "phRecvTime": "Mon May 25 08:35:06 CEST 2020",
                    "reptVendor": "Fortinet",
                    "srcGeoCity": "Brisbane",
                    "collectorId": "1",
                    "eventAction": "0 (Permit)",
                    "profileName": "protect_http_server",
                    "rawEventMsg": "<185>date=2020-05-16 time=16:24:41 devname=\"FortiGate-Core\" devid=\"FGVM02TM19008304\" logid=\"0419016384\" type=\"utm\" subtype=\"ips\" eventtype=\"signature\" level=\"alert\" vd=\"root\" eventtime=1589639081585852711 tz=\"+0200\" severity=\"high\" srcip={{TR_MALICIOUS_IP}} srccountry=\"Reserved\" dstip=10.0.50.20 srcintf=\"port5\" srcintfrole=\"wan\" dstintf=\"port2\" dstintfrole=\"dmz\" sessionid=1148457 action=\"detected\" proto=6 service=\"HTTP\" policyid=4 attack=\"PhpMoAdmin.moadmin.php.Unauthenticated.Remote.Code.Execution\" srcport=52848 dstport=80 hostname=\"10.0.50.20\" url=\" /html/index.php?collection=secpulse&action=listRows&find=array();phpinfo();exit;\" direction=\"outgoing\" attackid=40243 profile=\"protect_http_server\" ref=\"http://www.fortinet.com/ids/VID40243\" incidentserialno=7828925 msg=\"web_app: PhpMoAdmin.moadmin.php.Unauthenticated.Remote.Code.Execution,\" crscore=30 craction=8192 crlevel=\"high\"",
                    "reptDevName": "FortiGate-Core",
                    "serviceName": "HTTP",
                    "srcGeoState": "Queensland",
                    "srcIntfName": "port5",
                    "timeSkewSec": "749425",
                    "destIntfName": "port2",
                    "eventParsedOk": "1",
                    "eventSeverity": "8",
                    "reptDevIpAddr": "10.222.249.200",
                    "srcGeoCountry": "Australia",
                    "ipsSignatureId": "40243",
                    "profileDetails": "protect_http_server",
                    "relayDevIpAddr": "10.222.248.254",
                    "srcGeoLatitude": "-27.46977",
                    "attackContextId": "40243",
                    "phEventCategory": "0 (External)",
                    "srcGeoLongitude": "153.02512",
                    "eventRuleTrigger": "1",
                    "eventSeverityCat": "MEDIUM",
                    "ipsFPCheckStatus": "0 (Couldnot determine)",
                    "extEventRecvProto": "Syslog",
                    "srcGeoCountryCodeStr": "AU",
                    "clientReputationLevel": "high",
                    "clientReputationScore": "30",
                    "clientReputationAction": "8192"
                  },
                  "receiveTime": "2020-05-25T08:35:06+02:00"
                }
              ]
            ]
          }
        }
      }
    ]
  },
  {
    "data": [
      {
        "sleep": 5,
        "name": "Agent FIM - Linux File Changed From Baseline",
        "source": "FSMSIM-CWS-2",
        "demo_message": "2) index.php file has been modified by the attacker to include a redirection to a malicious website",
        "sourcedata": {
          "incident_data": {
            "id": "0",
            "nid": "1131",
            "index": "2",
            "custId": "1",
            "dataStr": null,
            "eventType": "PH_RULE_WIN_AGENT_FILE_BASELINE_CHANGE",
            "attributes": {
              "user": "{{TR_USERNAME}}",
              "count": "1",
              "customer": "Super",
              "hostName": "centos",
              "eventName": "Agent FIM - Linux File Changed From Baseline",
              "eventType": "PH_RULE_WIN_AGENT_FILE_BASELINE_CHANGE",
              "bizService": "",
              "incidentId": "1131",
              "phRecvTime": "Mon May 25 08:04:00 CEST 2020",
              "incidentSrc": "",
              "incidentReso": "1 (Open)",
              "eventSeverity": "7",
              "incidentRptIp": "10.222.248.254",
              "incidentTitle": "User {{TR_USERNAME}} modified /var/www/html/index.php from baseline on centos",
              "incidentDetail": "fileName: /var/www/html/index.php, hashCode:d41d8cd98f00b204e9800998ecf8427e, hashAlgo:MD5,",
              "incidentStatus": "0 (Active)",
              "incidentTarget": "hostName:centos, user:{{TR_USERNAME}}, targetHashCode:8549468684834f53b36db05ba45ff5ac,",
              "incidentExtUser": "",
              "phEventCategory": "1 (Incident)",
              "eventSeverityCat": "MEDIUM",
              "incidentComments": "",
              "incidentLastSeen": "Mon May 25 08:04:00 CEST 2020",
              "incidentTicketId": "",
              "incidentFirstSeen": "{{TR_T-1}}",
              "incidentViewUsers": "",
              "phIncidentImpacts": "Server",
              "incidentNotiStatus": "",
              "incidentRptDevName": "centos",
              "incidentTicketUser": "",
              "incidentViewStatus": "1 (Read)",
              "phIncidentCategory": "3",
              "incidentClearedTime": "Thu Jan 01 01:00:00 CET 1970",
              "incidentClearedUser": "",
              "incidentExtTicketId": "",
              "incidentRptDevStatus": "1 (Pending)",
              "incidentTicketStatus": "6 (None)",
              "incidentClearedReason": "",
              "incidentExtTicketType": "",
              "phSubIncidentCategory": "PH_RULE_CHANGE_Audit",
              "incidentExtClearedTime": "Thu Jan 01 01:00:00 CET 1970",
              "incidentExtTicketState": "",
              "incidentNotiRecipients": ""
            },
            "receiveTime": "2020-05-25T08:04:00+02:00"
          },
          "associated_events": {
            "event_ids": "4524147300685146494",
            "event_details": [
              [
                {
                  "id": "4524147300685146494",
                  "nid": "4524147300685146494",
                  "index": "0",
                  "custId": "1",
                  "dataStr": null,
                  "eventType": "FSM_LINUX_FILE_CHANGE_BASELINE",
                  "attributes": {
                    "user": "{{TR_USERNAME}}",
                    "count": "1",
                    "eventId": "4524147300685146494",
                    "customer": "Super",
                    "fileName": " /var/www/html/index.php",
                    "hashAlgo": "MD5",
                    "hashCode": "d41d8cd98f00b204e9800998ecf8427e",
                    "hostName": "centos",
                    "eventName": "A monitored file's content is different from its baseline version",
                    "eventType": "FSM_LINUX_FILE_CHANGE_BASELINE",
                    "reptModel": "Linux",
                    "deviceTime": "Fri May 15 20:28:04 CEST 2020",
                    "parserName": "LinuxInotifyParser",
                    "phRecvTime": "Mon May 25 08:03:28 CEST 2020",
                    "reptVendor": "Generic",
                    "collectorId": "1",
                    "rawEventMsg": "FSM <> Fri May 15 20:28:04 2020 centos: [FSM_LINUX_FILE_CHANGE_BASELINE]: [fileName]= /var/www/html/index.php,[targetHashCode]=\"d41d8cd98f00b204e9800998ecf8427e\",[hashCode]=\"8549468684834f53b36db05ba45ff5ac\",[hashAlgo]=\"MD5\",[user]={{TR_USERNAME}}",
                    "reptDevName": "centos",
                    "timeSkewSec": "819324",
                    "eventParsedOk": "1",
                    "eventSeverity": "5",
                    "reptDevIpAddr": "10.222.248.254",
                    "relayDevIpAddr": "10.222.248.254",
                    "targetHashCode": "8549468684834f53b36db05ba45ff5ac",
                    "phEventCategory": "0 (External)",
                    "eventRuleTrigger": "1",
                    "eventSeverityCat": "MEDIUM",
                    "extEventRecvProto": "Syslog"
                  },
                  "receiveTime": "2020-05-25T08:03:28+02:00"
                }
              ]
            ]
          }
        }
      }
    ]
  }
]