{
  "body": {
    "html": "<html xmlns:v=\"urn:schemas-microsoft-com:vml\" xmlns:o=\"urn:schemas-microsoft-com:office:office\" xmlns:w=\"urn:schemas-microsoft-com:office:word\" xmlns:m=\"http://schemas.microsoft.com/office/2004/12/omml\" xmlns=\"http://www.w3.org/TR/REC-html40\"><head>\r\n<meta http-equiv=\"Content-Type\" content=\"text/html; charset=utf-8\">\r\n<meta name=\"Generator\" content=\"Microsoft Word 15 (filtered medium)\">\r\n<style><!--\r\n/* Font Definitions */\r\n@font-face\r\n\t{font-family:\"Cambria Math\";\r\n\tpanose-1:2 4 5 3 5 4 6 3 2 4;}\r\n@font-face\r\n\t{font-family:Calibri;\r\n\tpanose-1:2 15 5 2 2 2 4 3 2 4;}\r\n/* Style Definitions */\r\np.MsoNormal, li.MsoNormal, div.MsoNormal\r\n\t{margin:0cm;\r\n\tmargin-bottom:.0001pt;\r\n\tfont-size:12.0pt;\r\n\tfont-family:\"Calibri\",sans-serif;}\r\nspan.EmailStyle17\r\n\t{mso-style-type:personal-compose;\r\n\tfont-family:\"Calibri\",sans-serif;\r\n\tcolor:windowtext;}\r\n.MsoChpDefault\r\n\t{mso-style-type:export-only;\r\n\tfont-size:12.0pt;\r\n\tfont-family:\"Calibri\",sans-serif;}\r\n@page WordSection1\r\n\t{size:612.0pt 792.0pt;\r\n\tmargin:72.0pt 72.0pt 72.0pt 72.0pt;}\r\ndiv.WordSection1\r\n\t{page:WordSection1;}\r\n--></style>\r\n</head>\r\n<body lang=\"en-AE\" link=\"#0563C1\" vlink=\"#954F72\">\r\n<div class=\"WordSection1\">\r\n<p class=\"MsoNormal\"><span lang=\"EN-US\" style=\"font-size:11.0pt\">ssss</span><span lang=\"EN-US\"><o:p></o:p></span></p>\r\n</div>\r\n<div><br></div>\n<font bgcolor=\"#ffffff\" color=\"#000000\"><b><br><hr>\n***  Please note that this message and any attachments may contain confidential \nand proprietary material and information and are intended only for the use of \nthe intended recipient(s). If you are not the intended recipient, you are hereby \nnotified that any review, use, disclosure, dissemination, distribution or copying \nof this message and any attachments is strictly prohibited. If you have received \nthis email in error, please immediately notify the sender and destroy this e-mail \nand any attachments and all copies, whether electronic or printed.\nPlease also note that any views, opinions, conclusions or commitments expressed \nin this message are those of the individual sender and do not necessarily reflect \nthe views of Fortinet, Inc., its affiliates, and emails are not binding on \nFortinet and only a writing manually signed by Fortinet's General Counsel can be \na binding commitment of Fortinet to Fortinet's customers or partners. Thank you. ***\n<br><hr></b></font>\n</body>\r\n</html>\r\n",
    "json": null,
    "text": "ssss\r\n\n\n***  Please note that this message and any attachments may contain confidential and proprietary material and information and are intended only for the use of the intended recipient(s). If you are not the intended recipient, you are hereby notified that any review, use, disclosure, dissemination, distribution or copying of this message and any attachments is strictly prohibited. If you have received this email in error, please immediately notify the sender and destroy this e-mail and any attachments and all copies, whether electronic or printed. Please also note that any views, opinions, conclusions or commitments expressed in this message are those of the individual sender and do not necessarily reflect the views of Fortinet, Inc., its affiliates, and emails are not binding on Fortinet and only a writing manually signed by Fortinet's General Counsel can be a binding commitment of Fortinet to Fortinet's customers or partners. Thank you. *** \n\n"
  },
  "headers": {
    "cc": "adam smith <asmith@fortielab.com>, \"dricardo@fortielab.com\" <dricardo@fortielab.com>",
    "to": "\"e.awle@fortielab.com\" <e.awle@fortielab.com>, \"sysadmin@fortielab.com\" <sysadmin@fortielab.com>",
    "date": "Wed, 17 Jun 2020 10:01:54 +0000",
    "from": "Mahdi Naili <mnaili@fortinet.com>",
    "subject": "testing",
    "received": "from FortiMail.fortielab.com (10.222.248.64) by Exch19.fortielab.com (10.222.248.67) with Microsoft SMTP Server (version=TLS1_2, cipher=TLS_ECDHE_RSA_WITH_AES_256_GCM_SHA384) id 15.2.529.5 via Frontend Transport; Wed, 17 Jun 2020 12:01:43 -0700",
    "message-id": "<93760CFF-74ED-4476-B3F4-5034F2FDB295@fortinet.com>",
    "user-agent": "Microsoft-MacOutlook/16.37.20051002",
    "x-feas-spf": "spf-result=pass, ip=208.91.113.81, helo=smtp.fortinet.com, mailFrom=mnaili@fortinet.com",
    "x-feas-swl": "208.91.113.81",
    "return-path": "mnaili@fortinet.com",
    "x-feas-dkim": "Valid",
    "content-type": "multipart/alternative; boundary=\"_000_93760CFF74ED4476B3F45034F2FDB295fortinetcom_\"",
    "mime-version": "1.0",
    "thread-index": "AQHWRI5U4kFn//R87ESJR6SM4lG3iA==",
    "thread-topic": "testing",
    "dkim-signature": "v=1; a=rsa-sha256; q=dns/txt; d=fortinet.com; s=dkim; c=relaxed/relaxed; h=from:to:cc:subject:date:message-id:content-type:mime-version; bh=01LQX0Np+3QIaMzmlyd0v9wceBOVVIRbrioPxGVUOK0=; b=adZgO+kPVk7nR45m0pj99nqgAyUtiM70yWhFmygVkfxwNdhY4t/1VFcDlznrMnDwrtQETID9xVBe\tVE8znQNWRVqTBOvGAMJJuCTK9s3/FnmaMIwgShHzvGBFVx9GLsZJqdKryznQ3syFxln2lCs8LJYq\tZVRXeyrcS6l1fbBtbvMezrBHW0BCCaLdTiLalXm7pYeMHor34maQPBAN0ZmldVEAcbzSVcO08E+o\tViOhBklNOjdeLSvUclLCsCtzy2+Y2IW1uFvjKWRCacmQupV5uMW/n8QD3HbYwtmg74eQ5S5WGBN5\tKHvnVVmrT0g3rpoeGcWGJiBGkznJw5Xm+2zBFw==",
    "accept-language": "en-US",
    "x-ms-has-attach": "",
    "content-language": "en-US",
    "x-originating-ip": "[91.74.34.189]",
    "x-ms-tnef-correlator": "",
    "authentication-results": "fortimail.fortielab.com;\tspf=pass (fortielab.com: domain of mnaili@fortinet.com designates 208.91.113.81 as permitted sender) smtp.mailfrom=mnaili@fortinet.com;\tdkim=pass header.i=@fortinet.com",
    "x-fe-policy-id-smtp.fortinet.com": "392:1:4:SYSTEM",
    "x-ms-exchange-organization-authas": "Anonymous",
    "x-ms-exchange-organization-authsource": "Exch19.fortielab.com",
    "x-ms-exchange-processed-by-bccfoldering": "15.02.0529.005",
    "x-ms-exchange-transport-endtoendlatency": "00:00:00.2803112",
    "x-ms-exchange-organization-network-message-id": "ca9fd9b6-131d-4c06-53aa-08d812f0dffc"
  },
  "item_id": "AAMkADZlMDUzMTg3LTExNDItNGI5ZC05Y2Q3LWMxZmVkNmE1YmFhMwBGAAAAAABzZXpOu00yT74x97UacTW9BwBFcsYwZw3XQ4GsCA56I3BFAAAAAAEMAABFcsYwZw3XQ4GsCA56I3BFAAAAAAobAAA=",
  "epilogue": "",
  "preamble": "",
  "attachments": [],
  "folder_path": "/root/Top of Information Store/Inbox",
  "attachment_files": [],
  "extract_attach_data": true,
  "parsed_attachment_data": []
}