[
  {
    "data": [
      {
        "sleep": 0,
        "name": "Traffic to FortiGuard Malware IP List",
        "source": "FSMSIM-FDLA",
        "demo_message": "1) Highlight Alert: Heavy UDP Host Scan from 10.0.130.98 explain why it has critical severity while 10.20.0.23 is High severity [Asset Playbook > Asset@critical infra], CVE",
        "sourcedata": {
          "incident_data": {
            "id": "0",
            "nid": "{{TR_RANDOM_INTEGER}}1",
            "index": "9",
            "custId": "2000",
            "dataStr": null,
            "eventType": "PH_RULE_TO_FORTIGUARD_MALWARE_IP",
            "attributes": {
              "count": "2",
              "customer": "hulu",
              "eventName": "Traffic to FortiGuard Malware IP List",
              "eventType": "PH_RULE_TO_FORTIGUARD_MALWARE_IP",
              "srcIpAddr": "10.10.0.2",
              "bizService": "",
              "destGeoOrg": "HINET Data Communication Business Group  TW",
              "destIpAddr": "1.171.166.13",
              "incidentId": "{{TR_RANDOM_INTEGER}}1",
              "phRecvTime": "Tue Jul 21 09:33:00 CEST 2020",
              "destGeoCity": "Taipei City",
              "incidentSrc": "srcIpAddr:10.10.0.2,",
              "destGeoState": "Taipei City",
              "incidentReso": "1 (Open)",
              "eventSeverity": "9",
              "incidentRptIp": "10.222.249.200",
              "incidentTitle": "Traffic from 10.10.0.2 to FortiGuard Malware IP 1.171.166.13",
              "destGeoCountry": "Taiwan",
              "incidentDetail": "",
              "incidentStatus": "0 (Active)",
              "incidentTarget": "destIpAddr:1.171.166.13,",
              "destGeoLatitude": "25.03297",
              "incidentExtUser": "",
              "phEventCategory": "1 (Incident)",
              "destGeoLongitude": "121.56542",
              "eventSeverityCat": "HIGH",
              "incidentComments": "T1573",
              "incidentLastSeen": "",
              "incidentTicketId": "",
              "incidentFirstSeen": "{{TR_T-6}}",
              "incidentViewUsers": "",
              "phIncidentImpacts": "Network",
              "incidentNotiStatus": "",
              "incidentRptDevName": "FortiGate-Core",
              "incidentTicketUser": "",
              "incidentViewStatus": "1 (Read)",
              "phIncidentCategory": "4",
              "incidentClearedTime": "Thu Jan 01 01:00:00 CET 1970",
              "incidentClearedUser": "",
              "incidentExtTicketId": "",
              "incidentRptDevStatus": "1 (Pending)",
              "incidentTicketStatus": "6 (None)",
              "incidentClearedReason": "",
              "incidentExtTicketType": "",
              "phSubIncidentCategory": "PH_RULE_SECURITY_COMMAND_AND_CONTROL",
              "incidentExtClearedTime": "Thu Jan 01 01:00:00 CET 1970",
              "incidentExtTicketState": "",
              "incidentNotiRecipients": "",
              "user":"masha"
            },
            "receiveTime": "2020-07-21T09:33:00+02:00"
          },
          "associated_events": [
            {
              "id": "7922253957023722751",
              "nid": "7922253957023722751",
              "index": "0",
              "custId": "2000",
              "dataStr": null,
              "eventType": "FortiGate-traffic-allowed",
              "attributes": {
                "uuid": "a1cdcc14-f7e0-51e9-2c1c-0be23092896e",
                "vdom": "root",
                "count": "1",
                "fwRule": "3",
                "appName": "HTTP.BROWSER",
                "appRisk": "medium",
                "eventId": "7922253957023722751",
                "ipProto": "6 (TCP)",
                "srcName": "Lite",
                "subtype": "forward",
                "customer": "hulu",
                "destName": "HOST-1.171.166.13",
                "fwAction": "allow",
                "logLevel": "notice",
                "memberID": "0000000013",
                "totFlows": "1",
                "trandisp": "snat",
                "eventName": "Permitted traffic",
                "eventType": "FortiGate-traffic-allowed",
                "reptModel": "FortiOS",
                "sessionId": "5599641",
                "srcIpAddr": "10.10.0.2",
                "srcIpPort": "60652",
                "totPkts64": "8",
                "destGeoOrg": "HINET Data Communication Business Group  TW",
                "destIpAddr": "1.171.166.13",
                "destIpPort": "80 (HTTP)",
                "deviceTime": "",
                "parserName": "FortiGateParser",
                "phRecvTime": "{{TR_T-6}}",
                "recvPkts64": "4",
                "reptVendor": "Fortinet",
                "sentPkts64": "4",
                "srcMACAddr": "52:54:00:4e:6e:7c",
                "totBytes64": "456",
                "collectorId": "10000",
                "destGeoCity": "Taipei City",
                "eventAction": "0 (Permit)",
                "rawEventMsg": "<189>date=2020-07-21 time=09:31:58 devname=\"FortiGate-Core\" devid=\"FGVM02TM19008304\" logid=\"0000000013\" type=\"traffic\" subtype=\"forward\" level=\"notice\" vd=\"root\" eventtime=1595316718882194788 tz=\"+0200\" srcip=10.10.0.2 srcport=60652 srcintf=\"port3\" srcintfrole=\"lan\" dstip=1.171.166.13 dstport=80 dstintf=\"port5\" dstintfrole=\"wan\" srccountry=\"Reserved\" dstcountry=\"Taiwan\" sessionid=5599641 proto=6 action=\"server-rst\" policyid=3 policytype=\"policy\" poluuid=\"a1cdcc14-f7e0-51e9-2c1c-0be23092896e\" policyname=\"Lab -> Internet\" service=\"HTTP\" trandisp=\"snat\" transip=198.18.0.200 transport=60652 appid=15893 app=\"HTTP.BROWSER\" appcat=\"Web.Client\" apprisk=\"medium\" applist=\"default\" appact=\"detected\" duration=24 sentbyte=240 rcvdbyte=216 sentpkt=4 rcvdpkt=4 wanin=0 wanout=0 lanin=0 lanout=0 utmaction=\"allow\" countapp=1 mastersrcmac=\"52:54:00:4e:6e:7c\" srcmac=\"52:54:00:4e:6e:7c\" srcserver=0",
                "recvBytes64": "216",
                "reptDevName": "FortiGate-Core",
                "sentBytes64": "240",
                "serviceName": "HTTP",
                "srcIntfName": "port3",
                "timeSkewSec": "0",
                "appGroupName": "Web.Client",
                "destGeoState": "Taipei City",
                "destIntfName": "port5",
                "durationMSec": "24000",
                "eventParsedOk": "1",
                "eventSeverity": "3",
                "reptDevIpAddr": "10.222.249.200",
                "destGeoCountry": "Taiwan",
                "profileDetails": "policy",
                "relayDevIpAddr": "10.222.249.200",
                "destGeoLatitude": "25.03297",
                "phEventCategory": "4 (Traffic)",
                "webFilterAction": "allow",
                "destGeoLongitude": "121.56542",
                "eventRuleTrigger": "1",
                "eventSeverityCat": "LOW",
                "masterSrcMACAddr": "52:54:00:4e:6e:7c",
                "postNATSrcIpAddr": "198.18.0.200",
                "postNATSrcIpPort": "60652",
                "extEventRecvProto": "Syslog",
                "destGeoCountryCodeStr": "TW"
              },
              "receiveTime": "2020-07-21T09:31:58+02:00"
            }
          ]
        }
      }
    ]
  },
  {
    "data": [
      {
        "sleep": 0,
        "name": "Heavy UDP Host Scan from 10.10.0.2 on fixed port 445",
        "source": "FSMSIM-FDLA",
        "demo_message": "2) Alert Malware IP List-From: 10.0.130.98 > Indicators, MITRE Technique, Correlation, Playbook comments, User Enrichment Playbook",
        "sourcedata": {
          "incident_data": {
            "id": "0",
            "nid": "{{TR_RANDOM_INTEGER}}2",
            "index": "43",
            "custId": "2000",
            "dataStr": null,
            "eventType": "PH_RULE_HEAVY_UDP_HOST_SCAN_FIXED_PORT",
            "attributes": {
              "count": "1",
              "customer": "hulu",
              "eventName": "Heavy UDP Host Scan On Fixed Port",
              "eventType": "PH_RULE_HEAVY_UDP_HOST_SCAN_FIXED_PORT",
              "srcIpAddr": "10.10.0.2",
              "bizService": "",
              "incidentId": "{{TR_RANDOM_INTEGER}}2",
              "phRecvTime": "Tue Jul 21 09:34:30 CEST 2020",
              "incidentSrc": "srcIpAddr:10.10.0.2,",
              "incidentReso": "1 (Open)",
              "eventSeverity": "9",
              "incidentRptIp": "10.222.249.200",
              "incidentTitle": "Heavy UDP Host Scan from 10.10.0.2 on fixed port 445",
              "incidentDetail": "incidentCount:119,",
              "incidentStatus": "0 (Active)",
              "incidentTarget": "destIpPort:445,",
              "incidentExtUser": "",
              "phEventCategory": "1 (Incident)",
              "eventSeverityCat": "HIGH",
              "incidentComments": "T1570",
              "incidentLastSeen": "",
              "incidentTicketId": "",
              "incidentFirstSeen": "{{TR_T-5}}",
              "incidentViewUsers": "",
              "phIncidentImpacts": "Network",
              "incidentNotiStatus": "",
              "incidentRptDevName": "FortiGate-Core",
              "incidentTicketUser": "",
              "incidentViewStatus": "1 (Read)",
              "phIncidentCategory": "4",
              "incidentClearedTime": "Thu Jan 01 01:00:00 CET 1970",
              "incidentClearedUser": "",
              "incidentExtTicketId": "",
              "incidentRptDevStatus": "1 (Pending)",
              "incidentTicketStatus": "6 (None)",
              "incidentClearedReason": "",
              "incidentExtTicketType": "",
              "phSubIncidentCategory": "PH_RULE_SECURITY_DISCOVERY",
              "incidentExtClearedTime": "Thu Jan 01 01:00:00 CET 1970",
              "incidentExtTicketState": "",
              "incidentNotiRecipients": "",
              "user":"masha"
            },
            "receiveTime": "2020-07-21T09:34:30+02:00"
          },
          "associated_events": [
            {
              "id": "7922253957023576491",
              "nid": "7922253957023576491",
              "index": "0",
              "custId": "2000",
              "dataStr": null,
              "eventType": "FortiGate-traffic-forward",
              "attributes": {
                "uuid": "a1cdcc14-f7e0-51e9-2c1c-0be23092896e",
                "vdom": "root",
                "count": "1",
                "fwRule": "3",
                "eventId": "7922253957023576491",
                "ipProto": "17 (UDP)",
                "srcName": "Lite",
                "subtype": "forward",
                "customer": "hulu",
                "destName": "HOST-10.20.0.23",
                "fwAction": "accept",
                "logLevel": "notice",
                "memberID": "0000000013",
                "totFlows": "1",
                "trandisp": "snat",
                "eventName": "Forwarded traffic",
                "eventType": "FortiGate-traffic-forward",
                "reptModel": "FortiOS",
                "sessionId": "5593011",
                "srcIpAddr": "10.10.0.2",
                "srcIpPort": "52896",
                "totPkts64": "1",
                "destIpAddr": "10.20.0.23",
                "destIpPort": "445",
                "deviceTime": "",
                "parserName": "FortiGateParser",
                "phRecvTime": "{{TR_T-5}}",
                "recvPkts64": "0",
                "reptVendor": "Fortinet",
                "sentPkts64": "1",
                "srcMACAddr": "52:54:00:4e:6e:7c",
                "totBytes64": "28",
                "collectorId": "10000",
                "eventAction": "0 (Permit)",
                "rawEventMsg": "<189>date=2020-07-21 time=09:33:40 devname=\"FortiGate-Core\" devid=\"FGVM02TM19008304\" logid=\"0000000013\" type=\"traffic\" subtype=\"forward\" level=\"notice\" vd=\"root\" eventtime=1595316821282191980 tz=\"+0200\" srcip=10.10.0.2 srcport=52896 srcintf=\"port3\" srcintfrole=\"lan\" dstip=10.20.0.23 dstport=445 dstintf=\"port5\" dstintfrole=\"wan\" srccountry=\"Reserved\" dstcountry=\"Reserved\" sessionid=5593011 proto=17 action=\"accept\" policyid=3 policytype=\"policy\" poluuid=\"a1cdcc14-f7e0-51e9-2c1c-0be23092896e\" policyname=\"Lab -> Internet\" service=\"udp/445\" trandisp=\"snat\" transip=198.18.0.200 transport=52896 appcat=\"unknown\" applist=\"default\" duration=180 sentbyte=28 rcvdbyte=0 sentpkt=1 rcvdpkt=0 mastersrcmac=\"52:54:00:4e:6e:7c\" srcmac=\"52:54:00:4e:6e:7c\" srcserver=0",
                "recvBytes64": "0",
                "reptDevName": "FortiGate-Core",
                "sentBytes64": "28",
                "serviceName": "udp/445",
                "srcIntfName": "port3",
                "timeSkewSec": "1",
                "appGroupName": "unknown",
                "destIntfName": "port5",
                "durationMSec": "180000",
                "eventParsedOk": "1",
                "eventSeverity": "3",
                "reptDevIpAddr": "10.222.249.200",
                "profileDetails": "policy",
                "relayDevIpAddr": "10.222.249.200",
                "phEventCategory": "4 (Traffic)",
                "eventRuleTrigger": "1",
                "eventSeverityCat": "LOW",
                "masterSrcMACAddr": "52:54:00:4e:6e:7c",
                "postNATSrcIpAddr": "10.20.0.200",
                "postNATSrcIpPort": "52896",
                "extEventRecvProto": "Syslog"
              },
              "receiveTime": "2020-07-21T09:33:41+02:00"
            },
            {
              "id": "7922253957023723288",
              "nid": "7922253957023723288",
              "index": "1",
              "custId": "2000",
              "dataStr": null,
              "eventType": "FortiGate-traffic-forward",
              "attributes": {
                "uuid": "a1cdcc14-f7e0-51e9-2c1c-0be23092896e",
                "vdom": "root",
                "count": "1",
                "fwRule": "3",
                "eventId": "7922253957023723288",
                "ipProto": "17 (UDP)",
                "srcName": "Lite",
                "subtype": "forward",
                "customer": "hulu",
                "destName": "HOST-10.20.0.24",
                "fwAction": "accept",
                "logLevel": "notice",
                "memberID": "0000000013",
                "totFlows": "1",
                "trandisp": "snat",
                "eventName": "Forwarded traffic",
                "eventType": "FortiGate-traffic-forward",
                "reptModel": "FortiOS",
                "sessionId": "5592988",
                "srcIpAddr": "10.10.0.2",
                "srcIpPort": "52897",
                "totPkts64": "1",
                "destIpAddr": "10.20.0.24",
                "destIpPort": "445",
                "deviceTime": "",
                "parserName": "FortiGateParser",
                "phRecvTime": "{{TR_T-5}}",
                "recvPkts64": "0",
                "reptVendor": "Fortinet",
                "sentPkts64": "1",
                "srcMACAddr": "52:54:00:4e:6e:7c",
                "totBytes64": "28",
                "collectorId": "10000",
                "eventAction": "0 (Permit)",
                "rawEventMsg": "<189>date=2020-07-21 time=09:33:40 devname=\"FortiGate-Core\" devid=\"FGVM02TM19008304\" logid=\"0000000013\" type=\"traffic\" subtype=\"forward\" level=\"notice\" vd=\"root\" eventtime=1595316821282172637 tz=\"+0200\" srcip=10.10.0.2 srcport=52897 srcintf=\"port3\" srcintfrole=\"lan\" dstip=10.20.0.24 dstport=445 dstintf=\"port5\" dstintfrole=\"wan\" srccountry=\"Reserved\" dstcountry=\"Reserved\" sessionid=5592988 proto=17 action=\"accept\" policyid=3 policytype=\"policy\" poluuid=\"a1cdcc14-f7e0-51e9-2c1c-0be23092896e\" policyname=\"Lab -> Internet\" service=\"udp/445\" trandisp=\"snat\" transip=198.18.0.200 transport=52897 appcat=\"unknown\" applist=\"default\" duration=180 sentbyte=28 rcvdbyte=0 sentpkt=1 rcvdpkt=0 mastersrcmac=\"52:54:00:4e:6e:7c\" srcmac=\"52:54:00:4e:6e:7c\" srcserver=0",
                "recvBytes64": "0",
                "reptDevName": "FortiGate-Core",
                "sentBytes64": "28",
                "serviceName": "udp/445",
                "srcIntfName": "port3",
                "timeSkewSec": "1",
                "appGroupName": "unknown",
                "destIntfName": "port5",
                "durationMSec": "180000",
                "eventParsedOk": "1",
                "eventSeverity": "3",
                "reptDevIpAddr": "10.222.249.200",
                "profileDetails": "policy",
                "relayDevIpAddr": "10.222.249.200",
                "phEventCategory": "4 (Traffic)",
                "eventRuleTrigger": "1",
                "eventSeverityCat": "LOW",
                "masterSrcMACAddr": "52:54:00:4e:6e:7c",
                "postNATSrcIpAddr": "10.20.0.200",
                "postNATSrcIpPort": "52897",
                "extEventRecvProto": "Syslog"
              },
              "receiveTime": "2020-07-21T09:33:41+02:00"
            }
          ]
        }
      }
    ]
  },
  {
    "data": [
      {
        "sleep": 0,
        "name": "Traffic to FortiGuard Malware IP List",
        "source": "FSMSIM-FDLA",
        "demo_message": "3) Highlight Alert similarity and its configuration, Escalate Alert",
        "sourcedata": {
          "incident_data": {
            "id": "0",
            "nid": "{{TR_RANDOM_INTEGER}}3",
            "index": "9",
            "custId": "2000",
            "dataStr": null,
            "eventType": "PH_RULE_TO_FORTIGUARD_MALWARE_IP",
            "attributes": {
              "count": "2",
              "customer": "hulu",
              "eventName": "Traffic to FortiGuard Malware IP List",
              "eventType": "PH_RULE_TO_FORTIGUARD_MALWARE_IP",
              "srcIpAddr": "10.20.0.23",
              "bizService": "",
              "destGeoOrg": "HINET Data Communication Business Group  TW",
              "destIpAddr": "1.171.166.13",
              "incidentId": "{{TR_RANDOM_INTEGER}}3",
              "phRecvTime": "Tue Jul 21 09:33:00 CEST 2020",
              "destGeoCity": "Taipei City",
              "incidentSrc": "srcIpAddr:10.20.0.23,",
              "destGeoState": "Taipei City",
              "incidentReso": "1 (Open)",
              "eventSeverity": "9",
              "incidentRptIp": "10.222.249.200",
              "incidentTitle": "Traffic from 10.20.0.23 to FortiGuard Malware IP 1.171.166.13",
              "destGeoCountry": "Taiwan",
              "incidentDetail": "",
              "incidentStatus": "0 (Active)",
              "incidentTarget": "destIpAddr:1.171.166.13,",
              "destGeoLatitude": "25.03297",
              "incidentExtUser": "",
              "phEventCategory": "1 (Incident)",
              "destGeoLongitude": "121.56542",
              "eventSeverityCat": "HIGH",
              "incidentComments": "T1573",
              "incidentLastSeen": "",
              "incidentTicketId": "",
              "incidentFirstSeen": "{{TR_T-4}}",
              "incidentViewUsers": "",
              "phIncidentImpacts": "Network",
              "incidentNotiStatus": "",
              "incidentRptDevName": "FortiGate-Core",
              "incidentTicketUser": "",
              "incidentViewStatus": "1 (Read)",
              "phIncidentCategory": "4",
              "incidentClearedTime": "Thu Jan 01 01:00:00 CET 1970",
              "incidentClearedUser": "",
              "incidentExtTicketId": "",
              "incidentRptDevStatus": "1 (Pending)",
              "incidentTicketStatus": "6 (None)",
              "incidentClearedReason": "",
              "incidentExtTicketType": "",
              "phSubIncidentCategory": "PH_RULE_SECURITY_COMMAND_AND_CONTROL",
              "incidentExtClearedTime": "Thu Jan 01 01:00:00 CET 1970",
              "incidentExtTicketState": "",
              "incidentNotiRecipients": "",
              "user":"dricardo"
            },
            "receiveTime": "2020-07-21T09:33:00+02:00"
          },
          "associated_events": [
            {
              "id": "7922253957023722751",
              "nid": "7922253957023722751",
              "index": "0",
              "custId": "2000",
              "dataStr": null,
              "eventType": "FortiGate-traffic-allowed",
              "attributes": {
                "uuid": "a1cdcc14-f7e0-51e9-2c1c-0be23092896e",
                "vdom": "root",
                "count": "1",
                "fwRule": "3",
                "appName": "HTTP.BROWSER",
                "appRisk": "medium",
                "eventId": "7922253957023722751",
                "ipProto": "6 (TCP)",
                "srcName": "Lite",
                "subtype": "forward",
                "customer": "hulu",
                "destName": "HOST-1.171.166.13",
                "fwAction": "allow",
                "logLevel": "notice",
                "memberID": "0000000013",
                "totFlows": "1",
                "trandisp": "snat",
                "eventName": "Permitted traffic",
                "eventType": "FortiGate-traffic-allowed",
                "reptModel": "FortiOS",
                "sessionId": "5599641",
                "srcIpAddr": "10.20.0.23",
                "srcIpPort": "60652",
                "totPkts64": "8",
                "destGeoOrg": "HINET Data Communication Business Group  TW",
                "destIpAddr": "1.171.166.13",
                "destIpPort": "80 (HTTP)",
                "deviceTime": "",
                "parserName": "FortiGateParser",
                "phRecvTime": "{{TR_T-4}}",
                "recvPkts64": "4",
                "reptVendor": "Fortinet",
                "sentPkts64": "4",
                "srcMACAddr": "52:54:00:4e:6e:7c",
                "totBytes64": "456",
                "collectorId": "10000",
                "destGeoCity": "Taipei City",
                "eventAction": "0 (Permit)",
                "rawEventMsg": "<189>date=2020-07-21 time=09:31:58 devname=\"FortiGate-Core\" devid=\"FGVM02TM19008304\" logid=\"0000000013\" type=\"traffic\" subtype=\"forward\" level=\"notice\" vd=\"root\" eventtime=1595316718882194788 tz=\"+0200\" srcip=10.20.0.23 srcport=60652 srcintf=\"port3\" srcintfrole=\"lan\" dstip=1.171.166.13 dstport=80 dstintf=\"port5\" dstintfrole=\"wan\" srccountry=\"Reserved\" dstcountry=\"Taiwan\" sessionid=5599641 proto=6 action=\"server-rst\" policyid=3 policytype=\"policy\" poluuid=\"a1cdcc14-f7e0-51e9-2c1c-0be23092896e\" policyname=\"Lab -> Internet\" service=\"HTTP\" trandisp=\"snat\" transip=198.18.0.200 transport=60652 appid=15893 app=\"HTTP.BROWSER\" appcat=\"Web.Client\" apprisk=\"medium\" applist=\"default\" appact=\"detected\" duration=24 sentbyte=240 rcvdbyte=216 sentpkt=4 rcvdpkt=4 wanin=0 wanout=0 lanin=0 lanout=0 utmaction=\"allow\" countapp=1 mastersrcmac=\"52:54:00:4e:6e:7c\" srcmac=\"52:54:00:4e:6e:7c\" srcserver=0",
                "recvBytes64": "216",
                "reptDevName": "FortiGate-Core",
                "sentBytes64": "240",
                "serviceName": "HTTP",
                "srcIntfName": "port3",
                "timeSkewSec": "0",
                "appGroupName": "Web.Client",
                "destGeoState": "Taipei City",
                "destIntfName": "port5",
                "durationMSec": "24000",
                "eventParsedOk": "1",
                "eventSeverity": "3",
                "reptDevIpAddr": "10.222.249.200",
                "destGeoCountry": "Taiwan",
                "profileDetails": "policy",
                "relayDevIpAddr": "10.222.249.200",
                "destGeoLatitude": "25.03297",
                "phEventCategory": "4 (Traffic)",
                "webFilterAction": "allow",
                "destGeoLongitude": "121.56542",
                "eventRuleTrigger": "1",
                "eventSeverityCat": "LOW",
                "masterSrcMACAddr": "52:54:00:4e:6e:7c",
                "postNATSrcIpAddr": "198.18.0.200",
                "postNATSrcIpPort": "60652",
                "extEventRecvProto": "Syslog",
                "destGeoCountryCodeStr": "TW"
              },
              "receiveTime": "2020-07-21T09:31:58+02:00"
            }
          ]
        }
      }
    ]
  },
  {
    "data": [
      {
        "sleep": 0,
        "name": "Heavy UDP Host Scan from 10.20.0.23 on fixed port 445",
        "source": "FSMSIM-FDLA",
        "demo_message": "4) Incident > Run Investigation playbook, explain the description content",
        "sourcedata": {
          "incident_data": {
            "id": "0",
            "nid": "{{TR_RANDOM_INTEGER}}4",
            "index": "43",
            "custId": "2000",
            "dataStr": null,
            "eventType": "PH_RULE_HEAVY_UDP_HOST_SCAN_FIXED_PORT",
            "attributes": {
              "count": "1",
              "customer": "hulu",
              "eventName": "Heavy UDP Host Scan On Fixed Port",
              "eventType": "PH_RULE_HEAVY_UDP_HOST_SCAN_FIXED_PORT",
              "srcIpAddr": "10.20.0.23",
              "bizService": "",
              "incidentId": "{{TR_RANDOM_INTEGER}}4",
              "phRecvTime": "Tue Jul 21 09:34:30 CEST 2020",
              "incidentSrc": "srcIpAddr:10.20.0.23,",
              "incidentReso": "1 (Open)",
              "eventSeverity": "9",
              "incidentRptIp": "10.222.249.200",
              "incidentTitle": "Heavy UDP Host Scan from 10.20.0.23 on fixed port 445",
              "incidentDetail": "incidentCount:119,",
              "incidentStatus": "0 (Active)",
              "incidentTarget": "destIpPort:445,",
              "incidentExtUser": "",
              "phEventCategory": "1 (Incident)",
              "eventSeverityCat": "HIGH",
              "incidentComments": "T1570",
              "incidentLastSeen": "",
              "incidentTicketId": "",
              "incidentFirstSeen": "{{TR_T-3}}",
              "incidentViewUsers": "",
              "phIncidentImpacts": "Network",
              "incidentNotiStatus": "",
              "incidentRptDevName": "FortiGate-Core",
              "incidentTicketUser": "",
              "incidentViewStatus": "1 (Read)",
              "phIncidentCategory": "4",
              "incidentClearedTime": "Thu Jan 01 01:00:00 CET 1970",
              "incidentClearedUser": "",
              "incidentExtTicketId": "",
              "incidentRptDevStatus": "1 (Pending)",
              "incidentTicketStatus": "6 (None)",
              "incidentClearedReason": "",
              "incidentExtTicketType": "",
              "phSubIncidentCategory": "PH_RULE_SECURITY_DISCOVERY",
              "incidentExtClearedTime": "Thu Jan 01 01:00:00 CET 1970",
              "incidentExtTicketState": "",
              "incidentNotiRecipients": "",
              "user":"dricardo"              
            },
            "receiveTime": "2020-07-21T09:34:30+02:00"
          },
          "associated_events": [
            {
              "id": "7922253957023576491",
              "nid": "7922253957023576491",
              "index": "0",
              "custId": "2000",
              "dataStr": null,
              "eventType": "FortiGate-traffic-forward",
              "attributes": {
                "uuid": "a1cdcc14-f7e0-51e9-2c1c-0be23092896e",
                "vdom": "root",
                "count": "1",
                "fwRule": "3",
                "eventId": "7922253957023576491",
                "ipProto": "17 (UDP)",
                "srcName": "Lite",
                "subtype": "forward",
                "customer": "hulu",
                "destName": "HOST-10.0.130.98",
                "fwAction": "accept",
                "logLevel": "notice",
                "memberID": "0000000013",
                "totFlows": "1",
                "trandisp": "snat",
                "eventName": "Forwarded traffic",
                "eventType": "FortiGate-traffic-forward",
                "reptModel": "FortiOS",
                "sessionId": "5593011",
                "srcIpAddr": "10.20.0.23",
                "srcIpPort": "52896",
                "totPkts64": "1",
                "destIpAddr": "10.0.130.98",
                "destIpPort": "445",
                "deviceTime": "",
                "parserName": "FortiGateParser",
                "phRecvTime": "{{TR_T-3}}",
                "recvPkts64": "0",
                "reptVendor": "Fortinet",
                "sentPkts64": "1",
                "srcMACAddr": "52:54:00:4e:6e:7c",
                "totBytes64": "28",
                "collectorId": "10000",
                "eventAction": "0 (Permit)",
                "rawEventMsg": "<189>date=2020-07-21 time=09:33:40 devname=\"FortiGate-Core\" devid=\"FGVM02TM19008304\" logid=\"0000000013\" type=\"traffic\" subtype=\"forward\" level=\"notice\" vd=\"root\" eventtime=1595316821282191980 tz=\"+0200\" srcip=10.20.0.23 srcport=52896 srcintf=\"port3\" srcintfrole=\"lan\" dstip=10.0.130.98 dstport=445 dstintf=\"port5\" dstintfrole=\"wan\" srccountry=\"Reserved\" dstcountry=\"Reserved\" sessionid=5593011 proto=17 action=\"accept\" policyid=3 policytype=\"policy\" poluuid=\"a1cdcc14-f7e0-51e9-2c1c-0be23092896e\" policyname=\"Lab -> Internet\" service=\"udp/445\" trandisp=\"snat\" transip=198.18.0.200 transport=52896 appcat=\"unknown\" applist=\"default\" duration=180 sentbyte=28 rcvdbyte=0 sentpkt=1 rcvdpkt=0 mastersrcmac=\"52:54:00:4e:6e:7c\" srcmac=\"52:54:00:4e:6e:7c\" srcserver=0",
                "recvBytes64": "0",
                "reptDevName": "FortiGate-Core",
                "sentBytes64": "28",
                "serviceName": "udp/445",
                "srcIntfName": "port3",
                "timeSkewSec": "1",
                "appGroupName": "unknown",
                "destIntfName": "port5",
                "durationMSec": "180000",
                "eventParsedOk": "1",
                "eventSeverity": "3",
                "reptDevIpAddr": "10.222.249.200",
                "profileDetails": "policy",
                "relayDevIpAddr": "10.222.249.200",
                "phEventCategory": "4 (Traffic)",
                "eventRuleTrigger": "1",
                "eventSeverityCat": "LOW",
                "masterSrcMACAddr": "52:54:00:4e:6e:7c",
                "postNATSrcIpAddr": "10.0.130.200",
                "postNATSrcIpPort": "52896",
                "extEventRecvProto": "Syslog"
              },
              "receiveTime": "2020-07-21T09:33:41+02:00"
            },
            {
              "id": "7922253957023723288",
              "nid": "7922253957023723288",
              "index": "1",
              "custId": "2000",
              "dataStr": null,
              "eventType": "FortiGate-traffic-forward",
              "attributes": {
                "uuid": "a1cdcc14-f7e0-51e9-2c1c-0be23092896e",
                "vdom": "root",
                "count": "1",
                "fwRule": "3",
                "eventId": "7922253957023723288",
                "ipProto": "17 (UDP)",
                "srcName": "Lite",
                "subtype": "forward",
                "customer": "hulu",
                "destName": "HOST-10.0.130.97",
                "fwAction": "accept",
                "logLevel": "notice",
                "memberID": "0000000013",
                "totFlows": "1",
                "trandisp": "snat",
                "eventName": "Forwarded traffic",
                "eventType": "FortiGate-traffic-forward",
                "reptModel": "FortiOS",
                "sessionId": "5592988",
                "srcIpAddr": "10.20.0.23",
                "srcIpPort": "52897",
                "totPkts64": "1",
                "destIpAddr": "10.0.130.97",
                "destIpPort": "445",
                "deviceTime": "",
                "parserName": "FortiGateParser",
                "phRecvTime": "{{TR_T-3}}",
                "recvPkts64": "0",
                "reptVendor": "Fortinet",
                "sentPkts64": "1",
                "srcMACAddr": "52:54:00:4e:6e:7c",
                "totBytes64": "28",
                "collectorId": "10000",
                "eventAction": "0 (Permit)",
                "rawEventMsg": "<189>date=2020-07-21 time=09:33:40 devname=\"FortiGate-Core\" devid=\"FGVM02TM19008304\" logid=\"0000000013\" type=\"traffic\" subtype=\"forward\" level=\"notice\" vd=\"root\" eventtime=1595316821282172637 tz=\"+0200\" srcip=10.20.0.23 srcport=52897 srcintf=\"port3\" srcintfrole=\"lan\" dstip=10.0.130.97 dstport=445 dstintf=\"port5\" dstintfrole=\"wan\" srccountry=\"Reserved\" dstcountry=\"Reserved\" sessionid=5592988 proto=17 action=\"accept\" policyid=3 policytype=\"policy\" poluuid=\"a1cdcc14-f7e0-51e9-2c1c-0be23092896e\" policyname=\"Lab -> Internet\" service=\"udp/445\" trandisp=\"snat\" transip=198.18.0.200 transport=52897 appcat=\"unknown\" applist=\"default\" duration=180 sentbyte=28 rcvdbyte=0 sentpkt=1 rcvdpkt=0 mastersrcmac=\"52:54:00:4e:6e:7c\" srcmac=\"52:54:00:4e:6e:7c\" srcserver=0",
                "recvBytes64": "0",
                "reptDevName": "FortiGate-Core",
                "sentBytes64": "28",
                "serviceName": "udp/445",
                "srcIntfName": "port3",
                "timeSkewSec": "1",
                "appGroupName": "unknown",
                "destIntfName": "port5",
                "durationMSec": "180000",
                "eventParsedOk": "1",
                "eventSeverity": "3",
                "reptDevIpAddr": "10.222.249.200",
                "profileDetails": "policy",
                "relayDevIpAddr": "10.222.249.200",
                "phEventCategory": "4 (Traffic)",
                "eventRuleTrigger": "1",
                "eventSeverityCat": "LOW",
                "masterSrcMACAddr": "52:54:00:4e:6e:7c",
                "postNATSrcIpAddr": "10.0.130.200",
                "postNATSrcIpPort": "52897",
                "extEventRecvProto": "Syslog"
              },
              "receiveTime": "2020-07-21T09:33:41+02:00"
            }
          ]
        }
      }
    ]
  },  
  {
    "data": [
      {
        "sleep": 0,
        "name": "Traffic to FortiGuard Malware IP List",
        "source": "FSMSIM-FDLA",
        "demo_message": "5) Incident Graphical Correlation [Full Screen], Highlight UDP scan alerts correlation via the infected Asset",
        "sourcedata": {
          "incident_data": {
            "id": "0",
            "nid": "{{TR_RANDOM_INTEGER}}5",
            "index": "9",
            "custId": "2000",
            "dataStr": null,
            "eventType": "PH_RULE_TO_FORTIGUARD_MALWARE_IP",
            "attributes": {
              "count": "2",
              "customer": "hulu",
              "eventName": "Traffic to FortiGuard Malware IP List",
              "eventType": "PH_RULE_TO_FORTIGUARD_MALWARE_IP",
              "srcIpAddr": "10.0.130.98",
              "bizService": "",
              "destGeoOrg": "HINET Data Communication Business Group  TW",
              "destIpAddr": "1.171.166.13",
              "incidentId": "{{TR_RANDOM_INTEGER}}5",
              "phRecvTime": "Tue Jul 21 09:33:00 CEST 2020",
              "destGeoCity": "Taipei City",
              "incidentSrc": "srcIpAddr:10.0.130.98,",
              "destGeoState": "Taipei City",
              "incidentReso": "1 (Open)",
              "eventSeverity": "9",
              "incidentRptIp": "10.222.249.200",
              "incidentTitle": "Traffic from 10.0.130.98 to FortiGuard Malware IP 1.171.166.13",
              "destGeoCountry": "Taiwan",
              "incidentDetail": "",
              "incidentStatus": "0 (Active)",
              "incidentTarget": "destIpAddr:1.171.166.13,",
              "destGeoLatitude": "25.03297",
              "incidentExtUser": "",
              "phEventCategory": "1 (Incident)",
              "destGeoLongitude": "121.56542",
              "eventSeverityCat": "HIGH",
              "incidentComments": "T1573",
              "incidentLastSeen": "",
              "incidentTicketId": "",
              "incidentFirstSeen": "{{TR_T-2}}",
              "incidentViewUsers": "",
              "phIncidentImpacts": "Network",
              "incidentNotiStatus": "",
              "incidentRptDevName": "FortiGate-Core",
              "incidentTicketUser": "",
              "incidentViewStatus": "1 (Read)",
              "phIncidentCategory": "4",
              "incidentClearedTime": "Thu Jan 01 01:00:00 CET 1970",
              "incidentClearedUser": "",
              "incidentExtTicketId": "",
              "incidentRptDevStatus": "1 (Pending)",
              "incidentTicketStatus": "6 (None)",
              "incidentClearedReason": "",
              "incidentExtTicketType": "",
              "phSubIncidentCategory": "PH_RULE_SECURITY_COMMAND_AND_CONTROL",
              "incidentExtClearedTime": "Thu Jan 01 01:00:00 CET 1970",
              "incidentExtTicketState": "",
              "incidentNotiRecipients": "",
              "user":"asmith"
            },
            "receiveTime": "2020-07-21T09:33:00+02:00"
          },
          "associated_events": [
            {
              "id": "7922253957023722751",
              "nid": "7922253957023722751",
              "index": "0",
              "custId": "2000",
              "dataStr": null,
              "eventType": "FortiGate-traffic-allowed",
              "attributes": {
                "uuid": "a1cdcc14-f7e0-51e9-2c1c-0be23092896e",
                "vdom": "root",
                "count": "1",
                "fwRule": "3",
                "appName": "HTTP.BROWSER",
                "appRisk": "medium",
                "eventId": "7922253957023722751",
                "ipProto": "6 (TCP)",
                "srcName": "Lite",
                "subtype": "forward",
                "customer": "hulu",
                "destName": "HOST-1.171.166.13",
                "fwAction": "allow",
                "logLevel": "notice",
                "memberID": "0000000013",
                "totFlows": "1",
                "trandisp": "snat",
                "eventName": "Permitted traffic",
                "eventType": "FortiGate-traffic-allowed",
                "reptModel": "FortiOS",
                "sessionId": "5599641",
                "srcIpAddr": "10.0.130.98",
                "srcIpPort": "60652",
                "totPkts64": "8",
                "destGeoOrg": "HINET Data Communication Business Group  TW",
                "destIpAddr": "1.171.166.13",
                "destIpPort": "80 (HTTP)",
                "deviceTime": "",
                "parserName": "FortiGateParser",
                "phRecvTime": "{{TR_T-2}}",
                "recvPkts64": "4",
                "reptVendor": "Fortinet",
                "sentPkts64": "4",
                "srcMACAddr": "52:54:00:4e:6e:7c",
                "totBytes64": "456",
                "collectorId": "10000",
                "destGeoCity": "Taipei City",
                "eventAction": "0 (Permit)",
                "rawEventMsg": "<189>date=2020-07-21 time=09:31:58 devname=\"FortiGate-Core\" devid=\"FGVM02TM19008304\" logid=\"0000000013\" type=\"traffic\" subtype=\"forward\" level=\"notice\" vd=\"root\" eventtime=1595316718882194788 tz=\"+0200\" srcip=10.0.130.98 srcport=60652 srcintf=\"port3\" srcintfrole=\"lan\" dstip=1.171.166.13 dstport=80 dstintf=\"port5\" dstintfrole=\"wan\" srccountry=\"Reserved\" dstcountry=\"Taiwan\" sessionid=5599641 proto=6 action=\"server-rst\" policyid=3 policytype=\"policy\" poluuid=\"a1cdcc14-f7e0-51e9-2c1c-0be23092896e\" policyname=\"Lab -> Internet\" service=\"HTTP\" trandisp=\"snat\" transip=198.18.0.200 transport=60652 appid=15893 app=\"HTTP.BROWSER\" appcat=\"Web.Client\" apprisk=\"medium\" applist=\"default\" appact=\"detected\" duration=24 sentbyte=240 rcvdbyte=216 sentpkt=4 rcvdpkt=4 wanin=0 wanout=0 lanin=0 lanout=0 utmaction=\"allow\" countapp=1 mastersrcmac=\"52:54:00:4e:6e:7c\" srcmac=\"52:54:00:4e:6e:7c\" srcserver=0",
                "recvBytes64": "216",
                "reptDevName": "FortiGate-Core",
                "sentBytes64": "240",
                "serviceName": "HTTP",
                "srcIntfName": "port3",
                "timeSkewSec": "0",
                "appGroupName": "Web.Client",
                "destGeoState": "Taipei City",
                "destIntfName": "port5",
                "durationMSec": "24000",
                "eventParsedOk": "1",
                "eventSeverity": "3",
                "reptDevIpAddr": "10.222.249.200",
                "destGeoCountry": "Taiwan",
                "profileDetails": "policy",
                "relayDevIpAddr": "10.222.249.200",
                "destGeoLatitude": "25.03297",
                "phEventCategory": "4 (Traffic)",
                "webFilterAction": "allow",
                "destGeoLongitude": "121.56542",
                "eventRuleTrigger": "1",
                "eventSeverityCat": "LOW",
                "masterSrcMACAddr": "52:54:00:4e:6e:7c",
                "postNATSrcIpAddr": "198.18.0.200",
                "postNATSrcIpPort": "60652",
                "extEventRecvProto": "Syslog",
                "destGeoCountryCodeStr": "TW"
              },
              "receiveTime": "2020-07-21T09:31:58+02:00"
            }
          ]
        }
      }
    ]
  },
  {
    "data": [
      {
        "sleep": 0,
        "name": "Heavy UDP Host Scan from 10.0.130.98 on fixed port 445",
        "source": "FSMSIM-FDLA",
        "demo_message": "6) Incident > Describe the FSM report: Most used protocols, List of DROPPED files",
        "sourcedata": {
          "incident_data": {
            "id": "0",
            "nid": "{{TR_RANDOM_INTEGER}}6",
            "index": "43",
            "custId": "2000",
            "dataStr": null,
            "eventType": "PH_RULE_HEAVY_UDP_HOST_SCAN_FIXED_PORT",
            "attributes": {
              "count": "1",
              "customer": "hulu",
              "eventName": "Heavy UDP Host Scan On Fixed Port",
              "eventType": "PH_RULE_HEAVY_UDP_HOST_SCAN_FIXED_PORT",
              "srcIpAddr": "10.0.130.98",
              "bizService": "",
              "incidentId": "{{TR_RANDOM_INTEGER}}6",
              "phRecvTime": "Tue Jul 21 09:34:30 CEST 2020",
              "incidentSrc": "srcIpAddr:10.0.130.98,",
              "incidentReso": "1 (Open)",
              "eventSeverity": "9",
              "incidentRptIp": "10.222.249.200",
              "incidentTitle": "Heavy UDP Host Scan from 10.0.130.98 on fixed port 445",
              "incidentDetail": "incidentCount:119,",
              "incidentStatus": "0 (Active)",
              "incidentTarget": "destIpPort:445,",
              "incidentExtUser": "",
              "phEventCategory": "1 (Incident)",
              "eventSeverityCat": "HIGH",
              "incidentComments": "T1570",
              "incidentLastSeen": "",
              "incidentTicketId": "",
              "incidentFirstSeen": "{{TR_T-1}}",
              "incidentViewUsers": "",
              "phIncidentImpacts": "Network",
              "incidentNotiStatus": "",
              "incidentRptDevName": "FortiGate-Core",
              "incidentTicketUser": "",
              "incidentViewStatus": "1 (Read)",
              "phIncidentCategory": "4",
              "incidentClearedTime": "Thu Jan 01 01:00:00 CET 1970",
              "incidentClearedUser": "",
              "incidentExtTicketId": "",
              "incidentRptDevStatus": "1 (Pending)",
              "incidentTicketStatus": "6 (None)",
              "incidentClearedReason": "",
              "incidentExtTicketType": "",
              "phSubIncidentCategory": "PH_RULE_SECURITY_DISCOVERY",
              "incidentExtClearedTime": "Thu Jan 01 01:00:00 CET 1970",
              "incidentExtTicketState": "",
              "incidentNotiRecipients": "",
              "user":"asmith"
            },
            "receiveTime": "2020-07-21T09:34:30+02:00"
          },
          "associated_events": [
            {
              "id": "7922253957023576491",
              "nid": "7922253957023576491",
              "index": "0",
              "custId": "2000",
              "dataStr": null,
              "eventType": "FortiGate-traffic-forward",
              "attributes": {
                "uuid": "a1cdcc14-f7e0-51e9-2c1c-0be23092896e",
                "vdom": "root",
                "count": "1",
                "fwRule": "3",
                "eventId": "7922253957023576491",
                "ipProto": "17 (UDP)",
                "srcName": "Lite",
                "subtype": "forward",
                "customer": "hulu",
                "destName": "HOST-10.0.130.90",
                "fwAction": "accept",
                "logLevel": "notice",
                "memberID": "0000000013",
                "totFlows": "1",
                "trandisp": "snat",
                "eventName": "Forwarded traffic",
                "eventType": "FortiGate-traffic-forward",
                "reptModel": "FortiOS",
                "sessionId": "5593011",
                "srcIpAddr": "10.0.130.98",
                "srcIpPort": "52896",
                "totPkts64": "1",
                "destIpAddr": "10.0.130.90",
                "destIpPort": "445",
                "deviceTime": "",
                "parserName": "FortiGateParser",
                "phRecvTime": "{{TR_T-1}}",
                "recvPkts64": "0",
                "reptVendor": "Fortinet",
                "sentPkts64": "1",
                "srcMACAddr": "52:54:00:4e:6e:7c",
                "totBytes64": "28",
                "collectorId": "10000",
                "eventAction": "0 (Permit)",
                "rawEventMsg": "<189>date=2020-07-21 time=09:33:40 devname=\"FortiGate-Core\" devid=\"FGVM02TM19008304\" logid=\"0000000013\" type=\"traffic\" subtype=\"forward\" level=\"notice\" vd=\"root\" eventtime=1595316821282191980 tz=\"+0200\" srcip=10.0.130.98 srcport=52896 srcintf=\"port3\" srcintfrole=\"lan\" dstip=10.0.130.90 dstport=445 dstintf=\"port5\" dstintfrole=\"wan\" srccountry=\"Reserved\" dstcountry=\"Reserved\" sessionid=5593011 proto=17 action=\"accept\" policyid=3 policytype=\"policy\" poluuid=\"a1cdcc14-f7e0-51e9-2c1c-0be23092896e\" policyname=\"Lab -> Internet\" service=\"udp/445\" trandisp=\"snat\" transip=198.18.0.200 transport=52896 appcat=\"unknown\" applist=\"default\" duration=180 sentbyte=28 rcvdbyte=0 sentpkt=1 rcvdpkt=0 mastersrcmac=\"52:54:00:4e:6e:7c\" srcmac=\"52:54:00:4e:6e:7c\" srcserver=0",
                "recvBytes64": "0",
                "reptDevName": "FortiGate-Core",
                "sentBytes64": "28",
                "serviceName": "udp/445",
                "srcIntfName": "port3",
                "timeSkewSec": "1",
                "appGroupName": "unknown",
                "destIntfName": "port5",
                "durationMSec": "180000",
                "eventParsedOk": "1",
                "eventSeverity": "3",
                "reptDevIpAddr": "10.222.249.200",
                "profileDetails": "policy",
                "relayDevIpAddr": "10.222.249.200",
                "phEventCategory": "4 (Traffic)",
                "eventRuleTrigger": "1",
                "eventSeverityCat": "LOW",
                "masterSrcMACAddr": "52:54:00:4e:6e:7c",
                "postNATSrcIpAddr": "10.0.130.200",
                "postNATSrcIpPort": "52896",
                "extEventRecvProto": "Syslog"
              },
              "receiveTime": "2020-07-21T09:33:41+02:00"
            },
            {
              "id": "7922253957023723288",
              "nid": "7922253957023723288",
              "index": "1",
              "custId": "2000",
              "dataStr": null,
              "eventType": "FortiGate-traffic-forward",
              "attributes": {
                "uuid": "a1cdcc14-f7e0-51e9-2c1c-0be23092896e",
                "vdom": "root",
                "count": "1",
                "fwRule": "3",
                "eventId": "7922253957023723288",
                "ipProto": "17 (UDP)",
                "srcName": "Lite",
                "subtype": "forward",
                "customer": "hulu",
                "destName": "HOST-10.0.130.69",
                "fwAction": "accept",
                "logLevel": "notice",
                "memberID": "0000000013",
                "totFlows": "1",
                "trandisp": "snat",
                "eventName": "Forwarded traffic",
                "eventType": "FortiGate-traffic-forward",
                "reptModel": "FortiOS",
                "sessionId": "5592988",
                "srcIpAddr": "10.0.130.98",
                "srcIpPort": "52897",
                "totPkts64": "1",
                "destIpAddr": "10.0.130.69",
                "destIpPort": "445",
                "deviceTime": "",
                "parserName": "FortiGateParser",
                "phRecvTime": "{{TR_T-1}}",
                "recvPkts64": "0",
                "reptVendor": "Fortinet",
                "sentPkts64": "1",
                "srcMACAddr": "52:54:00:4e:6e:7c",
                "totBytes64": "28",
                "collectorId": "10000",
                "eventAction": "0 (Permit)",
                "rawEventMsg": "<189>date=2020-07-21 time=09:33:40 devname=\"FortiGate-Core\" devid=\"FGVM02TM19008304\" logid=\"0000000013\" type=\"traffic\" subtype=\"forward\" level=\"notice\" vd=\"root\" eventtime=1595316821282172637 tz=\"+0200\" srcip=10.0.130.98 srcport=52897 srcintf=\"port3\" srcintfrole=\"lan\" dstip=198.18.0.117 dstport=445 dstintf=\"port5\" dstintfrole=\"wan\" srccountry=\"Reserved\" dstcountry=\"Reserved\" sessionid=5592988 proto=17 action=\"accept\" policyid=3 policytype=\"policy\" poluuid=\"a1cdcc14-f7e0-51e9-2c1c-0be23092896e\" policyname=\"Lab -> Internet\" service=\"udp/445\" trandisp=\"snat\" transip=10.0.130.69 transport=52897 appcat=\"unknown\" applist=\"default\" duration=180 sentbyte=28 rcvdbyte=0 sentpkt=1 rcvdpkt=0 mastersrcmac=\"52:54:00:4e:6e:7c\" srcmac=\"52:54:00:4e:6e:7c\" srcserver=0",
                "recvBytes64": "0",
                "reptDevName": "FortiGate-Core",
                "sentBytes64": "28",
                "serviceName": "udp/445",
                "srcIntfName": "port3",
                "timeSkewSec": "1",
                "appGroupName": "unknown",
                "destIntfName": "port5",
                "durationMSec": "180000",
                "eventParsedOk": "1",
                "eventSeverity": "3",
                "reptDevIpAddr": "10.222.249.200",
                "profileDetails": "policy",
                "relayDevIpAddr": "10.222.249.200",
                "phEventCategory": "4 (Traffic)",
                "eventRuleTrigger": "1",
                "eventSeverityCat": "LOW",
                "masterSrcMACAddr": "52:54:00:4e:6e:7c",
                "postNATSrcIpAddr": "10.0.130.200",
                "postNATSrcIpPort": "52897",
                "extEventRecvProto": "Syslog"
              },
              "receiveTime": "2020-07-21T09:33:41+02:00"
            }
          ]
        }
      }
    ]
  },
  {
    "data": [
      {
        "sleep": 0,
        "name": "Suspicious eMail Inline",
        "source": "FSMSIM-EMAIL-FDLA",
        "demo_message": "7) FortiSOAR wide Search the originally dropped file",
        "sourcedata": {
          "body": {
            "html": "<html>MIS Team, Please investigate the forwarded email below, it looks suspicious. Thank you <br>Masha<br>Marketing Dept<br>+9754235452<br><hr>From: CTO Office <cto_office@domain.co.nz> <br>Date: {{TR_PAST}}<br>To: Masha <masha@fortielab.com><br>CC: \"dricardo@fortielab.com\" <dricardo@fortielab.com><br>Subject:immediate action requiredÔ<br>A Critical vulnerability has been found in our internal ERP client application<br>, a patch has been made available in our internal website <a href=https://domain.co.nz//wef2323/instructions.pdf>Windows Patch</a><br>.It is mandatory for all employes to download it and install it immediately.<br>Office of the CTO</html>",
            "json": null,
            "text": ""
          },
          "headers": {
            "date": "{{TR_PAST}}+0000",
            "from": "masha <masha@fortielab.com>",
            "subject": "Fw: immediate action required",
            "received": "from Exch19.fortielab.com ([::1]) by Exch19.fortielab.com ([::1]) with mapi id 15.02.0529.005; {{TR_PAST}}",
            "message-id": "<3d608901d41a4b9cac6c28aa2f7{{TR_RANDOM_INTEGER}}@fortielab.com>",
            "references": "\\t<trinity-bd6386d6-bd3b-450a-b891-568a58bb9451-1589777406906@3c-app-mailcom-bs14>",
            "in-reply-to": "\\t<trinity-bd6386d6-bd3b-450a-b891-568a58bb9451-1589777406906@3c-app-mailcom-bs14>",
            "content-type": "multipart/mixed; boundary=\"_004_3d608901d41a4b9cac6c28aa2f7f6482fortielabcom_\"",
            "mime-version": "1.0",
            "thread-index": "AQHWLRs8LbaV7JClfk+OJUM6d1glXait3Lq+",
            "thread-topic": "Important Patch",
            "accept-language": "en-US",
            "x-ms-has-attach": "yes",
            "content-language": "en-US",
            "x-ms-tnef-correlator": "",
            "x-ms-exchange-organization-scl": "-1",
            "x-ms-exchange-organization-authas": "Internal",
            "x-ms-exchange-organization-authsource": "Exch19.fortielab.com",
            "x-ms-exchange-organization-authmechanism": "04",
            "x-ms-exchange-organization-network-message-id": "\\tef9b53ec-dab9-4ed9-9348-08d7fb32b227",
            "x-ms-exchange-organization-recordreviewcfmtype": "0"
          },
          "item_id": "AAMkADZlMDUzMTg3LTExNDItNGI5ZC05Y2Q3LWMxZmVkNmE1YmFhMwBGAAAAAABzZXpOu00yT74x97UacTW9BwBFcsYwZw3XQ4GsCA56I3BFAAAAAAEMAABFcsYwZw3XQ4GsCA56I3BFAAAAAAn6AAA=",
          "epilogue": "",
          "preamble": "",
          "attachments": [
            {
              "file": "instructions.pdf",
              "json": null,
              "text": "<data expunged>",
              "metadata": {
                "md5": "{{TR_MALICIOUS_FILE_MD5}}",
                "sha1": "{{TR_MALICIOUS_FILE_SHA1}}",
                "sha256": "{{TR_MALICIOUS_FILE_SHA256}}",
                "filename": "instructions.pdf",
                "content_type": "application/pdf",
                "content_length": 29004
              }
            }
          ],
          "folder_path": "/root/Top of Information Store/Inbox",
          "attachment_files": [
            "e97a56113c1c4820a8b77da92a80ac91"
          ],
          "extract_attach_data": true,
          "parsed_attachment_data": []
        }
      }
    ]
  },  
  {
    "data": [
      {
        "sleep": 0,
        "name": "Data leak detected",
        "source": "FSMSIM-DLP-1",
        "demo_message": "8) place holder",
        "sourcedata": {
          "incident_data": {
            "id": "0",
            "nid": "{{TR_RANDOM_INTEGER}}1",
            "index": "0",
            "custId": "2000",
            "dataStr": null,
            "eventType": "Data_leak_detected",
            "attributes": {
              "count": "1",
              "user": "a.belgooda",
              "customer": "hulu",
              "eventName": "Data leak detected",
              "eventType": "Data_leak_detected",
              "bizService": "",
              "incidentId": "1824",
              "phRecvTime": "Wed Jun 10 20:06:30 CEST 2020",
              "incidentSrc": "",
              "incidentReso": "1 (Open)",
              "eventSeverity": "7",
              "incidentRptIp": "10.222.249.200",
              "incidentTitle": "Detected Data Leak by FortiGate via File secret_doc.docx",
              "incidentDetail": "fileName:secret_doc.docx, reptDevIpAddr:10.222.249.200,",
              "incidentStatus": "0 (Active)",
              "incidentTarget": "",
              "incidentExtUser": "",
              "phEventCategory": "1 (Incident)",
              "eventSeverityCat": "MEDIUM",
              "incidentComments": "",
              "incidentLastSeen": "Wed Jun 10 20:06:30 CEST 2020",
              "incidentTicketId": "",
              "incidentFirstSeen": "Wed Jun 10 20:06:30 CEST 2020",
              "incidentViewUsers": "",
              "phIncidentImpacts": "Other",
              "incidentNotiStatus": "",
              "incidentRptDevName": "FortiGate-Core",
              "incidentTicketUser": "",
              "incidentViewStatus": "1 (Read)",
              "phIncidentCategory": "5",
              "incidentClearedTime": "Thu Jan 01 01:00:00 CET 1970",
              "incidentClearedUser": "",
              "incidentExtTicketId": "",
              "incidentRptDevStatus": "1 (Pending)",
              "incidentTicketStatus": "6 (None)",
              "incidentClearedReason": "",
              "incidentExtTicketType": "",
              "phSubIncidentCategory": "PH_RULE_Other_Suspicious_Activity",
              "incidentExtClearedTime": "Thu Jan 01 01:00:00 CET 1970",
              "incidentExtTicketState": "",
              "incidentNotiRecipients": ""
            },
            "receiveTime": "2020-06-10T20:06:30+02:00"
          },
          "associated_events": [
            {
              "id": "7922253957014718957",
              "nid": "7922253957014718957",
              "index": "0",
              "custId": "2000",
              "dataStr": null,
              "eventType": "FortiGate-dlp-leak-detected",
              "attributes": {
                "vdom": "root",
                "count": "1",
                "fwRule": "5",
                "eventId": "7922253957014718957",
                "ipProto": "6 (TCP)",
                "srcName": "HOST-{{TR_ASSET_IP}}",
                "subtype": "dlp",
                "customer": "hulu",
                "destName": "HOST-10.168.11.33",
                "fileName": "secret_doc.docx",
                "fwAction": "log-only",
                "logLevel": "notice",
                "memberID": "0954024577",
                "totFlows": "1",
                "direction": "outgoing",
                "eventName": "A data leak was detected by a specified DLP sensor rule",
                "eventType": "FortiGate-dlp-leak-detected",
                "reptModel": "FortiOS",
                "sessionId": "182388",
                "srcIpAddr": "{{TR_ASSET_IP}}",
                "srcIpPort": "57442",
                "destIpAddr": "10.200.3.16",
                "destIpPort": "21 (FTP)",
                "deviceTime": "Wed Jun 10 20:05:26 CEST 2020",
                "parserName": "FortiGateParser",
                "phRecvTime": "Wed Jun 10 20:05:27 CEST 2020",
                "reptVendor": "Fortinet",
                "collectorId": "10000",
                "eventAction": "0 (Permit)",
                "profileName": "dlp_profile",
                "rawEventMsg": "<189>date=2020-06-10 time=20:05:26 devname=\"FortiGate-Core\" devid=\"FGVM02TM19008304\" logid=\"0954024577\" type=\"utm\" subtype=\"dlp\" eventtype=\"dlp\" level=\"notice\" vd=\"root\" eventtime=1591812327419319166 tz=\"+0200\" filteridx=1 filtername=\"Encrypted files\" filtertype=\"encrypted\" filtercat=\"file\" severity=\"high\" policyid=5 sessionid=182388 epoch=749638347 eventid=0 srcip={{TR_ASSET_IP}} srcport=57442 srcintf=\"port3\" srcintfrole=\"lan\" dstip=\"10.200.3.16\" dstport=21 dstintf=\"port2\" dstintfrole=\"dmz\" proto=6 service=\"FTP\" filetype=\"msofficex\" direction=\"outgoing\" action=\"log-only\" filename=\"secret_doc.docx\" filesize=54784 profile=\"dlp_profile\"",
                "reptDevName": "FortiGate-Core",
                "serviceName": "FTP",
                "srcIntfName": "port3",
                "timeSkewSec": "1",
                "destIntfName": "port2",
                "eventParsedOk": "1",
                "eventSeverity": "3",
                "reptDevIpAddr": "10.222.249.200",
                "profileDetails": "dlp_profile",
                "relayDevIpAddr": "10.222.249.200",
                "phEventCategory": "0 (External)",
                "eventRuleTrigger": "1",
                "eventSeverityCat": "LOW",
                "extEventRecvProto": "Syslog"
              },
              "receiveTime": "2020-06-10T20:05:27+02:00"
            }
          ]
        }
      }
    ]
  },
  {
    "data": [
      {
        "sleep": 0,
        "name": "Data leak detected",
        "source": "FSMSIM-DLP-1",
        "demo_message": "9) place holder",
        "sourcedata": {
          "incident_data": {
            "id": "0",
            "nid": "{{TR_RANDOM_INTEGER}}2",
            "index": "2",
            "custId": "2000",
            "dataStr": null,
            "eventType": "Data_leak_detected",
            "attributes": {
              "count": "2",
              "user": "m.goodspeed",              
              "customer": "hulu",
              "eventName": "Data leak detected",
              "eventType": "Data_leak_detected",
              "bizService": "",
              "incidentId": "1846",
              "phRecvTime": "Wed Jun 10 20:59:30 CEST 2020",
              "incidentSrc": "",
              "incidentReso": "1 (Open)",
              "eventSeverity": "7",
              "incidentRptIp": "10.222.249.200",
              "incidentTitle": "Detected Data Leak by FortiGate via File Traduction.docx",
              "incidentDetail": "fileName:Traduction.docx, reptDevIpAddr:10.222.249.200,",
              "incidentStatus": "0 (Active)",
              "incidentTarget": "",
              "incidentExtUser": "",
              "phEventCategory": "1 (Incident)",
              "eventSeverityCat": "MEDIUM",
              "incidentComments": "",
              "incidentLastSeen": "Wed Jun 10 20:59:30 CEST 2020",
              "incidentTicketId": "",
              "incidentFirstSeen": "Wed Jun 10 20:51:00 CEST 2020",
              "incidentViewUsers": "",
              "phIncidentImpacts": "Other",
              "incidentNotiStatus": "",
              "incidentRptDevName": "FortiGate-Core",
              "incidentTicketUser": "",
              "incidentViewStatus": "1 (Read)",
              "phIncidentCategory": "5",
              "incidentClearedTime": "Thu Jan 01 01:00:00 CET 1970",
              "incidentClearedUser": "",
              "incidentExtTicketId": "",
              "incidentRptDevStatus": "1 (Pending)",
              "incidentTicketStatus": "6 (None)",
              "incidentClearedReason": "",
              "incidentExtTicketType": "",
              "phSubIncidentCategory": "PH_RULE_Other_Suspicious_Activity",
              "incidentExtClearedTime": "Thu Jan 01 01:00:00 CET 1970",
              "incidentExtTicketState": "",
              "incidentNotiRecipients": ""
            },
            "receiveTime": "2020-06-10T20:59:30+02:00"
          },
          "associated_events": [
            {
              "id": "7922253957014019513",
              "nid": "7922253957014019513",
              "index": "0",
              "custId": "2000",
              "dataStr": null,
              "eventType": "FortiGate-dlp-leak-detected",
              "attributes": {
                "vdom": "root",
                "count": "1",
                "fwRule": "5",
                "eventId": "7922253957014019513",
                "ipProto": "6 (TCP)",
                "srcName": "HOST-{{TR_ASSET_IP}}",
                "subtype": "dlp",
                "customer": "hulu",
                "destName": "HOST-10.168.11.33",
                "fileName": "Traduction.docx",
                "fwAction": "log-only",
                "logLevel": "notice",
                "memberID": "0954024577",
                "totFlows": "1",
                "direction": "outgoing",
                "eventName": "A data leak was detected by a specified DLP sensor rule",
                "eventType": "FortiGate-dlp-leak-detected",
                "reptModel": "FortiOS",
                "sessionId": "189656",
                "srcIpAddr": "{{TR_ASSET_IP}}",
                "srcIpPort": "57492",
                "destIpAddr": "{{TR_MALICIOUS_IP}}",
                "destIpPort": "21 (FTP)",
                "deviceTime": "Wed Jun 10 20:58:14 CEST 2020",
                "parserName": "FortiGateParser",
                "phRecvTime": "Wed Jun 10 20:58:14 CEST 2020",
                "reptVendor": "Fortinet",
                "collectorId": "10000",
                "dlpCategory": "top_secret: Critical",
                "eventAction": "0 (Permit)",
                "profileName": "dlp_profile",
                "rawEventMsg": "<189>date=2020-06-10 time=20:58:14 devname=\"FortiGate-Core\" devid=\"FGVM02TM19008304\" logid=\"0954024577\" type=\"utm\" subtype=\"dlp\" eventtype=\"dlp\" level=\"notice\" vd=\"root\" eventtime=1591815494749154664 tz=\"+0200\" filteridx=3 filtername=\"watermark_private\" dlpextra=\"top_secret: Critical\" filtertype=\"watermark\" filtercat=\"file\" severity=\"high\" policyid=5 sessionid=189656 epoch=2125573460 eventid=0 srcip={{TR_ASSET_IP}} srcport=57492 srcintf=\"port3\" srcintfrole=\"lan\" dstip={{TR_MALICIOUS_IP}} dstport=21 dstintf=\"port2\" dstintfrole=\"dmz\" proto=6 service=\"FTP\" filetype=\"msofficex\" direction=\"outgoing\" action=\"log-only\" filename=\"Traduction.docx\" filesize=96090 profile=\"dlp_profile\" infectedfilename=\"docProps/custom.xml\" infectedfilesize=473 infectedfiletype=\"html\" infectedfilelevel=1",
                "reptDevName": "FortiGate-Core",
                "serviceName": "FTP",
                "srcIntfName": "port3",
                "timeSkewSec": "0",
                "destIntfName": "port2",
                "eventParsedOk": "1",
                "eventSeverity": "3",
                "reptDevIpAddr": "10.222.249.200",
                "profileDetails": "dlp_profile",
                "relayDevIpAddr": "10.222.249.200",
                "phEventCategory": "0 (External)",
                "eventRuleTrigger": "1",
                "eventSeverityCat": "LOW",
                "extEventRecvProto": "Syslog"
              },
              "receiveTime": "2020-06-10T20:58:14+02:00"
            }
          ]
        }
      }
    ]
  },
  {
    "data": [
      {
        "sleep": 0,
        "name": "Malicious URL Detected",
        "source": "FSMSIM-Malicious-URL-Access",
        "demo_message": "10) place holder",
        "sourcedata": {
          "incident_data": {
            "id": "0",
            "nid": "{{TR_RANDOM_INTEGER}}1",
            "index": "0",
            "custId": "2000",
            "dataStr": "",
            "eventType": "Malicious_URL_detected_6_18_2020",
            "attributes": {
              "count": "1",
              "user": "s.badaracco",
              "customer": "hulu",
              "eventName": "Detected attempted client access to Malicious URL www.brainky.net",
              "eventType": "Malicious_URL_detected_6_18_2020",
              "bizService": "",
              "incidentId": "24060",
              "phRecvTime": "Thu Jun 18 17:24:00 BST 2020",
              "incidentSrc": "srcIpAddr:10.16.100.196,",
              "incidentReso": "1 (Open)",
              "eventSeverity": "7",
              "incidentRptIp": "10.222.249.200",
              "incidentTitle": "FortiGate detected client accessing Malicious URL www.brainky.net",
              "incidentDetail": "webCategory:Unrated,",
              "incidentStatus": "0 (Active)",
              "incidentTarget": "",
              "incidentExtUser": "",
              "phEventCategory": "1 (Incident)",
              "eventSeverityCat": "MEDIUM",
              "incidentComments": "",
              "incidentLastSeen": "Thu Jun 18 17:24:00 BST 2020",
              "incidentTicketId": "",
              "incidentFirstSeen": "Thu Jun 18 17:09:30 BST 2020",
              "incidentViewUsers": "",
              "phIncidentImpacts": "Application",
              "incidentNotiStatus": "",
              "incidentRptDevName": "FortiGate-Core",
              "incidentTicketUser": "",
              "incidentViewStatus": "1 (Read)",
              "phIncidentCategory": "5",
              "incidentClearedTime": "Thu Jan 01 01:00:00 CET 1970",
              "incidentClearedUser": "",
              "incidentExtTicketId": "",
              "incidentRptDevStatus": "2 (Approved)",
              "incidentTicketStatus": "6 (None)",
              "incidentClearedReason": "",
              "incidentExtTicketType": "",
              "phSubIncidentCategory": "PH_RULE_SECURITY_Policy_Violation",
              "incidentExtClearedTime": "Thu Jan 01 01:00:00 CET 1970",
              "incidentExtTicketState": "",
              "incidentNotiRecipients": ""
            },
            "receiveTime": "2020-06-10T20:06:30+02:00"
          },
          "associated_events": [
            {
              "id": "149463214295348149",
              "nid": "149463214295348149",
              "index": "3",
              "custId": "1",
              "dataStr": "",
              "eventType": "FortiGate-webfilter-url-firewall-deny",
              "attributes": {
                "user": "a.belgooda",
                "vdom": "root",
                "count": "1",
                "fwRule": "39",
                "usrMsg": "URL belongs to a denied category in policy",
                "eventId": "149463214295348149",
                "infoURL": "http://www.brainky.net/",
                "ipProto": "6 (TCP)",
                "srcName": "HOST-10.16.100.196",
                "subtype": "webfilter",
                "uriStem": "http://www.brainky.net/",
                "customer": "Super",
                "destName": "www.brainky.net",
                "fwAction": "blocked",
                "hostName": "www.brainky.net",
                "logLevel": "warning",
                "memberID": "0317013312",
                "totFlows": "1",
                "direction": "outgoing",
                "eventName": "The URL belongs to a denied category in the firewall policy",
                "eventType": "FortiGate-webfilter-url-firewall-deny",
                "reptModel": "FortiOS",
                "sessionId": "835495",
                "srcIpAddr": "10.16.100.196",
                "srcIpPort": "57538",
                "destIpAddr": "83.223.106.13",
                "destIpPort": "80 (HTTP)",
                "deviceTime": "Thu Jun 18 17:22:42 BST 2020",
                "parserName": "FortiGateParser",
                "phRecvTime": "Thu Jun 18 17:22:42 BST 2020",
                "reptVendor": "Fortinet",
                "totBytes64": "922950",
                "collectorId": "1",
                "destGeoCity": "Hemel Hempstead",
                "eventAction": "1 (Deny)",
                "profileName": "Monitor-All",
                "rawEventMsg": "<188>date=2020-06-18 time=19:31:34 devname=\"FortiGate-Core\" devid=\"FGVM01TM19007099\" logid=\"0316013056\" type=\"utm\" subtype=\"webfilter\" eventtype=\"ftgd_blk\" level=\"warning\" vd=\"root\" eventtime=1592505094701284669 tz=\"+0100\" policyid=39 sessionid=876718 user=\"a.belgooda\" authserver=\"FSSO\" srcip=10.16.100.196 srcport=51433 srcintf=\"port3\" srcintfrole=\"lan\" dstip=83.223.106.13 dstport=80 dstintf=\"port1\" dstintfrole=\"wan\" proto=6 service=\"HTTP\" hostname=\"www.brainky.net\" profile=\"Monitor-All\" action=\"blocked\" reqtype=\"direct\" url=\"http://www.brainky.net/\" sentbyte=462 rcvdbyte=0 direction=\"outgoing\" msg=\"URL belongs to a denied category in policy\" method=\"domain\" cat=26 catdesc=\"Unrated\" crscore=30 craction=4194304 crlevel=\"high\"",
                "recvBytes64": "918909",
                "reptDevName": "FortiGate-Core",
                "sentBytes64": "4041",
                "serviceName": "HTTP",
                "srcIntfName": "port3",
                "timeSkewSec": "0",
                "webCategory": "Unrated",
                "destGeoState": "England",
                "destIntfName": "port1",
                "domainEntropy": "6.71",
                "eventParsedOk": "1",
                "eventSeverity": "5",
                "reptDevIpAddr": "10.222.249.200",
                "destGeoCountry": "United Kingdom",
                "profileDetails": "Monitor-All",
                "relayDevIpAddr": "10.222.249.200",
                "destGeoLatitude": "51.75324",
                "phEventCategory": "0 (External)",
                "destGeoLongitude": "-0.44863",
                "eventRuleTrigger": "1",
                "eventSeverityCat": "MEDIUM",
                "extEventRecvProto": "Syslog",
                "destGeoCountryCodeStr": "GB"
              },
              "receiveTime": "2020-06-18T17:22:42+01:00"
            }
          ]
        }
      }
    ]
  },
  {
    "data": [
      {
        "sleep": 0,
        "name": "Malicious URL Detected",
        "source": "FSMSIM-Malicious-URL-Access",
        "demo_message": "11) place holder",
        "sourcedata": {
          "incident_data": {
            "id": "0",
            "nid": "{{TR_RANDOM_INTEGER}}2",
            "index": "0",
            "custId": "2000",
            "dataStr": "",
            "eventType": "Malicious_URL_detected_6_18_2020",
            "attributes": {
              "count": "1",
              "user": "s.badaracco",
              "customer": "hulu",
              "eventName": "Detected attempted client access to Malicious URL thewolves.uk",
              "eventType": "Malicious_URL_detected_6_18_2020",
              "bizService": "",
              "incidentId": "24060",
              "phRecvTime": "Thu Jun 18 17:24:00 BST 2020",
              "incidentSrc": "srcIpAddr:10.16.100.196,",
              "incidentReso": "1 (Open)",
              "eventSeverity": "7",
              "incidentRptIp": "10.222.249.200",
              "incidentTitle": "FortiGate detected client accessing Malicious URL thewolves.uk",
              "incidentDetail": "webCategory:Unrated,",
              "incidentStatus": "0 (Active)",
              "incidentTarget": "",
              "incidentExtUser": "",
              "phEventCategory": "1 (Incident)",
              "eventSeverityCat": "MEDIUM",
              "incidentComments": "",
              "incidentLastSeen": "Thu Jun 18 17:24:00 BST 2020",
              "incidentTicketId": "",
              "incidentFirstSeen": "Thu Jun 18 17:09:30 BST 2020",
              "incidentViewUsers": "",
              "phIncidentImpacts": "Application",
              "incidentNotiStatus": "",
              "incidentRptDevName": "FortiGate-Core",
              "incidentTicketUser": "",
              "incidentViewStatus": "1 (Read)",
              "phIncidentCategory": "5",
              "incidentClearedTime": "Thu Jan 01 01:00:00 CET 1970",
              "incidentClearedUser": "",
              "incidentExtTicketId": "",
              "incidentRptDevStatus": "2 (Approved)",
              "incidentTicketStatus": "6 (None)",
              "incidentClearedReason": "",
              "incidentExtTicketType": "",
              "phSubIncidentCategory": "PH_RULE_SECURITY_Policy_Violation",
              "incidentExtClearedTime": "Thu Jan 01 01:00:00 CET 1970",
              "incidentExtTicketState": "",
              "incidentNotiRecipients": ""
            },
            "receiveTime": "2020-06-10T20:06:30+02:00"
          },
          "associated_events": [
            {
              "id": "149463214295348149",
              "nid": "149463214295348149",
              "index": "3",
              "custId": "1",
              "dataStr": "",
              "eventType": "FortiGate-webfilter-url-firewall-deny",
              "attributes": {
                "user": "a.belgooda",
                "vdom": "root",
                "count": "1",
                "fwRule": "39",
                "usrMsg": "URL belongs to a denied category in policy",
                "eventId": "149463214295348149",
                "infoURL": "http://thewolves.uk/",
                "ipProto": "6 (TCP)",
                "srcName": "HOST-10.16.100.196",
                "subtype": "webfilter",
                "uriStem": "http://thewolves.uk/",
                "customer": "Super",
                "destName": "thewolves.uk",
                "fwAction": "blocked",
                "hostName": "thewolves.uk",
                "logLevel": "warning",
                "memberID": "0317013312",
                "totFlows": "1",
                "direction": "outgoing",
                "eventName": "The URL belongs to a denied category in the firewall policy",
                "eventType": "FortiGate-webfilter-url-firewall-deny",
                "reptModel": "FortiOS",
                "sessionId": "835495",
                "srcIpAddr": "10.16.100.196",
                "srcIpPort": "57538",
                "destIpAddr": "83.223.106.13",
                "destIpPort": "80 (HTTP)",
                "deviceTime": "Thu Jun 18 17:22:42 BST 2020",
                "parserName": "FortiGateParser",
                "phRecvTime": "Thu Jun 18 17:22:42 BST 2020",
                "reptVendor": "Fortinet",
                "totBytes64": "922950",
                "collectorId": "1",
                "destGeoCity": "Hemel Hempstead",
                "eventAction": "1 (Deny)",
                "profileName": "Monitor-All",
                "rawEventMsg": "<188>date=2020-06-18 time=19:31:34 devname=\"FortiGate-Core\" devid=\"FGVM01TM19007099\" logid=\"0316013056\" type=\"utm\" subtype=\"webfilter\" eventtype=\"ftgd_blk\" level=\"warning\" vd=\"root\" eventtime=1592505094701284669 tz=\"+0100\" policyid=39 sessionid=876718 user=\"a.belgooda\" authserver=\"FSSO\" srcip=10.16.100.196 srcport=51433 srcintf=\"port3\" srcintfrole=\"lan\" dstip=83.223.106.13 dstport=80 dstintf=\"port1\" dstintfrole=\"wan\" proto=6 service=\"HTTP\" hostname=\"thewolves.uk\" profile=\"Monitor-All\" action=\"blocked\" reqtype=\"direct\" url=\"http://thewolves.uk/\" sentbyte=462 rcvdbyte=0 direction=\"outgoing\" msg=\"URL belongs to a denied category in policy\" method=\"domain\" cat=26 catdesc=\"Unrated\" crscore=30 craction=4194304 crlevel=\"high\"",
                "recvBytes64": "918909",
                "reptDevName": "FortiGate-Core",
                "sentBytes64": "4041",
                "serviceName": "HTTP",
                "srcIntfName": "port3",
                "timeSkewSec": "0",
                "webCategory": "Unrated",
                "destGeoState": "England",
                "destIntfName": "port1",
                "domainEntropy": "6.71",
                "eventParsedOk": "1",
                "eventSeverity": "5",
                "reptDevIpAddr": "10.222.249.200",
                "destGeoCountry": "United Kingdom",
                "profileDetails": "Monitor-All",
                "relayDevIpAddr": "10.222.249.200",
                "destGeoLatitude": "51.75324",
                "phEventCategory": "0 (External)",
                "destGeoLongitude": "-0.44863",
                "eventRuleTrigger": "1",
                "eventSeverityCat": "MEDIUM",
                "extEventRecvProto": "Syslog",
                "destGeoCountryCodeStr": "GB"
              },
              "receiveTime": "2020-06-18T17:22:42+01:00"
            }
          ]
        }
      }
    ]
  }
]