[
  {
    "data": [
      {
        "sleep": 0,
        "name": "Data leak detected",
        "source": "FSMSIM-DLP-1",
        "demo_message": "1) [Alerts view] User Belgooda shares a secret file: top_secret.docx \n2) [Playbooks Logs] The File is Encrypted\n3) [Users View] The user is not a known offender\n4) [Alerts View] Destination compliant with InfoSec policy\n5) [Alerts > tasks View] Start Customer InfoSec Whitelist",
        "sourcedata": {
          "incident_data": {
            "id": "0",
            "nid": "{{TR_RANDOM_INTEGER}}1",
            "index": "0",
            "custId": "2000",
            "dataStr": null,
            "eventType": "Data_leak_detected",
            "attributes": {
              "count": "1",
              "user": "a.belgooda",
              "customer": "hulu",
              "eventName": "Data leak detected",
              "eventType": "Data_leak_detected",
              "bizService": "",
              "incidentId": "1824",
              "phRecvTime": "Wed Jun 10 20:06:30 CEST 2020",
              "incidentSrc": "",
              "incidentReso": "1 (Open)",
              "eventSeverity": "7",
              "incidentRptIp": "10.222.249.200",
              "incidentTitle": "Detected Data Leak by FortiGate via File secret_doc.docx",
              "incidentDetail": "fileName:secret_doc.docx, reptDevIpAddr:10.222.249.200,",
              "incidentStatus": "0 (Active)",
              "incidentTarget": "",
              "incidentExtUser": "",
              "phEventCategory": "1 (Incident)",
              "eventSeverityCat": "MEDIUM",
              "incidentComments": "",
              "incidentLastSeen": "Wed Jun 10 20:06:30 CEST 2020",
              "incidentTicketId": "",
              "incidentFirstSeen": "Wed Jun 10 20:06:30 CEST 2020",
              "incidentViewUsers": "",
              "phIncidentImpacts": "Other",
              "incidentNotiStatus": "",
              "incidentRptDevName": "FortiGate-Core",
              "incidentTicketUser": "",
              "incidentViewStatus": "1 (Read)",
              "phIncidentCategory": "5",
              "incidentClearedTime": "Thu Jan 01 01:00:00 CET 1970",
              "incidentClearedUser": "",
              "incidentExtTicketId": "",
              "incidentRptDevStatus": "1 (Pending)",
              "incidentTicketStatus": "6 (None)",
              "incidentClearedReason": "",
              "incidentExtTicketType": "",
              "phSubIncidentCategory": "PH_RULE_Other_Suspicious_Activity",
              "incidentExtClearedTime": "Thu Jan 01 01:00:00 CET 1970",
              "incidentExtTicketState": "",
              "incidentNotiRecipients": ""
            },
            "receiveTime": "2020-06-10T20:06:30+02:00"
          },
          "associated_events": [
            {
              "id": "7922253957014718957",
              "nid": "7922253957014718957",
              "index": "0",
              "custId": "2000",
              "dataStr": null,
              "eventType": "FortiGate-dlp-leak-detected",
              "attributes": {
                "vdom": "root",
                "count": "1",
                "fwRule": "5",
                "eventId": "7922253957014718957",
                "ipProto": "6 (TCP)",
                "srcName": "HOST-{{TR_ASSET_IP}}",
                "subtype": "dlp",
                "customer": "hulu",
                "destName": "HOST-10.168.11.33",
                "fileName": "secret_doc.docx",
                "fwAction": "log-only",
                "logLevel": "notice",
                "memberID": "0954024577",
                "totFlows": "1",
                "direction": "outgoing",
                "eventName": "A data leak was detected by a specified DLP sensor rule",
                "eventType": "FortiGate-dlp-leak-detected",
                "reptModel": "FortiOS",
                "sessionId": "182388",
                "srcIpAddr": "{{TR_ASSET_IP}}",
                "srcIpPort": "57442",
                "destIpAddr": "10.200.3.16",
                "destIpPort": "21 (FTP)",
                "deviceTime": "Wed Jun 10 20:05:26 CEST 2020",
                "parserName": "FortiGateParser",
                "phRecvTime": "Wed Jun 10 20:05:27 CEST 2020",
                "reptVendor": "Fortinet",
                "collectorId": "10000",
                "eventAction": "0 (Permit)",
                "profileName": "dlp_profile",
                "rawEventMsg": "<189>date=2020-06-10 time=20:05:26 devname=\"FortiGate-Core\" devid=\"FGVM02TM19008304\" logid=\"0954024577\" type=\"utm\" subtype=\"dlp\" eventtype=\"dlp\" level=\"notice\" vd=\"root\" eventtime=1591812327419319166 tz=\"+0200\" filteridx=1 filtername=\"Encrypted files\" filtertype=\"encrypted\" filtercat=\"file\" severity=\"high\" policyid=5 sessionid=182388 epoch=749638347 eventid=0 srcip={{TR_ASSET_IP}} srcport=57442 srcintf=\"port3\" srcintfrole=\"lan\" dstip=\"10.200.3.16\" dstport=21 dstintf=\"port2\" dstintfrole=\"dmz\" proto=6 service=\"FTP\" filetype=\"msofficex\" direction=\"outgoing\" action=\"log-only\" filename=\"secret_doc.docx\" filesize=54784 profile=\"dlp_profile\"",
                "reptDevName": "FortiGate-Core",
                "serviceName": "FTP",
                "srcIntfName": "port3",
                "timeSkewSec": "1",
                "destIntfName": "port2",
                "eventParsedOk": "1",
                "eventSeverity": "3",
                "reptDevIpAddr": "10.222.249.200",
                "profileDetails": "dlp_profile",
                "relayDevIpAddr": "10.222.249.200",
                "phEventCategory": "0 (External)",
                "eventRuleTrigger": "1",
                "eventSeverityCat": "LOW",
                "extEventRecvProto": "Syslog"
              },
              "receiveTime": "2020-06-10T20:05:27+02:00"
            }
          ]
        }
      }
    ]
  },
  {
    "data": [
      {
        "sleep": -1,
        "name": "Data leak detected",
        "source": "FSMSIM-DLP-1",
        "demo_message": "1) [Alerts View] User m.goodspeed Shares Traduction.docx with Internet recipient\n2) [Playbooks Logs] The file Traduction.docx data classification is: Top Secret\n3) [Alerts View] Severity set to Critical\n4) [Playbooks Logs] Playbook walkthrough\n5) [Alerts > Comments View/FortiGate GUI] User blocked on FortiGate",
        "sourcedata": {
          "incident_data": {
            "id": "0",
            "nid": "{{TR_RANDOM_INTEGER}}2",
            "index": "2",
            "custId": "2000",
            "dataStr": null,
            "eventType": "Data_leak_detected",
            "attributes": {
              "count": "2",
              "user": "m.goodspeed",              
              "customer": "hulu",
              "eventName": "Data leak detected",
              "eventType": "Data_leak_detected",
              "bizService": "",
              "incidentId": "1846",
              "phRecvTime": "Wed Jun 10 20:59:30 CEST 2020",
              "incidentSrc": "",
              "incidentReso": "1 (Open)",
              "eventSeverity": "7",
              "incidentRptIp": "10.222.249.200",
              "incidentTitle": "Detected Data Leak by FortiGate via File Traduction.docx",
              "incidentDetail": "fileName:Traduction.docx, reptDevIpAddr:10.222.249.200,",
              "incidentStatus": "0 (Active)",
              "incidentTarget": "",
              "incidentExtUser": "",
              "phEventCategory": "1 (Incident)",
              "eventSeverityCat": "MEDIUM",
              "incidentComments": "",
              "incidentLastSeen": "Wed Jun 10 20:59:30 CEST 2020",
              "incidentTicketId": "",
              "incidentFirstSeen": "Wed Jun 10 20:51:00 CEST 2020",
              "incidentViewUsers": "",
              "phIncidentImpacts": "Other",
              "incidentNotiStatus": "",
              "incidentRptDevName": "FortiGate-Core",
              "incidentTicketUser": "",
              "incidentViewStatus": "1 (Read)",
              "phIncidentCategory": "5",
              "incidentClearedTime": "Thu Jan 01 01:00:00 CET 1970",
              "incidentClearedUser": "",
              "incidentExtTicketId": "",
              "incidentRptDevStatus": "1 (Pending)",
              "incidentTicketStatus": "6 (None)",
              "incidentClearedReason": "",
              "incidentExtTicketType": "",
              "phSubIncidentCategory": "PH_RULE_Other_Suspicious_Activity",
              "incidentExtClearedTime": "Thu Jan 01 01:00:00 CET 1970",
              "incidentExtTicketState": "",
              "incidentNotiRecipients": ""
            },
            "receiveTime": "2020-06-10T20:59:30+02:00"
          },
          "associated_events": [
            {
              "id": "7922253957014019513",
              "nid": "7922253957014019513",
              "index": "0",
              "custId": "2000",
              "dataStr": null,
              "eventType": "FortiGate-dlp-leak-detected",
              "attributes": {
                "vdom": "root",
                "count": "1",
                "fwRule": "5",
                "eventId": "7922253957014019513",
                "ipProto": "6 (TCP)",
                "srcName": "HOST-{{TR_ASSET_IP}}",
                "subtype": "dlp",
                "customer": "hulu",
                "destName": "HOST-10.168.11.33",
                "fileName": "Traduction.docx",
                "fwAction": "log-only",
                "logLevel": "notice",
                "memberID": "0954024577",
                "totFlows": "1",
                "direction": "outgoing",
                "eventName": "A data leak was detected by a specified DLP sensor rule",
                "eventType": "FortiGate-dlp-leak-detected",
                "reptModel": "FortiOS",
                "sessionId": "189656",
                "srcIpAddr": "{{TR_ASSET_IP}}",
                "srcIpPort": "57492",
                "destIpAddr": "{{TR_MALICIOUS_IP}}",
                "destIpPort": "21 (FTP)",
                "deviceTime": "Wed Jun 10 20:58:14 CEST 2020",
                "parserName": "FortiGateParser",
                "phRecvTime": "Wed Jun 10 20:58:14 CEST 2020",
                "reptVendor": "Fortinet",
                "collectorId": "10000",
                "dlpCategory": "top_secret: Critical",
                "eventAction": "0 (Permit)",
                "profileName": "dlp_profile",
                "rawEventMsg": "<189>date=2020-06-10 time=20:58:14 devname=\"FortiGate-Core\" devid=\"FGVM02TM19008304\" logid=\"0954024577\" type=\"utm\" subtype=\"dlp\" eventtype=\"dlp\" level=\"notice\" vd=\"root\" eventtime=1591815494749154664 tz=\"+0200\" filteridx=3 filtername=\"watermark_private\" dlpextra=\"top_secret: Critical\" filtertype=\"watermark\" filtercat=\"file\" severity=\"high\" policyid=5 sessionid=189656 epoch=2125573460 eventid=0 srcip={{TR_ASSET_IP}} srcport=57492 srcintf=\"port3\" srcintfrole=\"lan\" dstip={{TR_MALICIOUS_IP}} dstport=21 dstintf=\"port2\" dstintfrole=\"dmz\" proto=6 service=\"FTP\" filetype=\"msofficex\" direction=\"outgoing\" action=\"log-only\" filename=\"Traduction.docx\" filesize=96090 profile=\"dlp_profile\" infectedfilename=\"docProps/custom.xml\" infectedfilesize=473 infectedfiletype=\"html\" infectedfilelevel=1",
                "reptDevName": "FortiGate-Core",
                "serviceName": "FTP",
                "srcIntfName": "port3",
                "timeSkewSec": "0",
                "destIntfName": "port2",
                "eventParsedOk": "1",
                "eventSeverity": "3",
                "reptDevIpAddr": "10.222.249.200",
                "profileDetails": "dlp_profile",
                "relayDevIpAddr": "10.222.249.200",
                "phEventCategory": "0 (External)",
                "eventRuleTrigger": "1",
                "eventSeverityCat": "LOW",
                "extEventRecvProto": "Syslog"
              },
              "receiveTime": "2020-06-10T20:58:14+02:00"
            }
          ]
        }
      }
    ]
  },
  {
    "data": [
      {
        "sleep": -1,
        "name": "Data leak detected",
        "source": "FSMSIM-DLP-1",
        "demo_message": "1) [Alerts View] User: Kolbad sends an unclassified file: Benchmarks_f.docx over the internet\n2) [Playbooks Logs] Playbook Flow\n3) [Playbooks Logs] Analyst to set markings after investigation\n4) [Users View] Look for the user in the Tracking DB\n5) [Users View] Update Trackign DB: open User page, show security ID Value\n6) [Playbooks View] User is a repeated Offender => Find previous offenses\n7) [Alerts > Tasks View] Start Repeated Offense procedure",
        "sourcedata": {
          "incident_data": {
            "id": "0",
            "nid": "{{TR_RANDOM_INTEGER}}3",
            "index": "2",
            "custId": "2000",
            "dataStr": null,
            "eventType": "Data_leak_detected",
            "attributes": {
              "count": "2",
              "user": "l.kolbad",              
              "customer": "hulu",
              "eventName": "Data leak detected",
              "eventType": "Data_leak_detected",
              "bizService": "",
              "incidentId": "1846",
              "phRecvTime": "Wed Jun 10 20:59:30 CEST 2020",
              "incidentSrc": "",
              "incidentReso": "1 (Open)",
              "eventSeverity": "7",
              "incidentRptIp": "10.222.249.200",
              "incidentTitle": "Detected Data Leak by FortiGate via File Benchmarks_f.docx",
              "incidentDetail": "fileName:Benchmarks_f.docx, reptDevIpAddr:10.222.249.200,",
              "incidentStatus": "0 (Active)",
              "incidentTarget": "",
              "incidentExtUser": "",
              "phEventCategory": "1 (Incident)",
              "eventSeverityCat": "MEDIUM",
              "incidentComments": "",
              "incidentLastSeen": "Wed Jun 10 22:50:30 CEST 2020",
              "incidentTicketId": "",
              "incidentFirstSeen": "Wed Jun 10 22:50:30 CEST 2020",
              "incidentViewUsers": "",
              "phIncidentImpacts": "Other",
              "incidentNotiStatus": "",
              "incidentRptDevName": "FortiGate-Core",
              "incidentTicketUser": "",
              "incidentViewStatus": "1 (Read)",
              "phIncidentCategory": "5",
              "incidentClearedTime": "Thu Jan 01 01:00:00 CET 1970",
              "incidentClearedUser": "",
              "incidentExtTicketId": "",
              "incidentRptDevStatus": "1 (Pending)",
              "incidentTicketStatus": "6 (None)",
              "incidentClearedReason": "",
              "incidentExtTicketType": "",
              "phSubIncidentCategory": "PH_RULE_Other_Suspicious_Activity",
              "incidentExtClearedTime": "Thu Jan 01 01:00:00 CET 1970",
              "incidentExtTicketState": "",
              "incidentNotiRecipients": ""
            },
            "receiveTime": "2020-06-10T20:59:30+02:00"
          },
          "associated_events": [
            {
              "id": "7922253957014019514",
              "nid": "7922253957014019514",
              "index": "0",
              "custId": "2000",
              "dataStr": null,
              "eventType": "FortiGate-dlp-leak-detected",
              "attributes": {
                "vdom": "root",
                "count": "1",
                "fwRule": "5",
                "eventId": "7922253957014019514",
                "ipProto": "6 (TCP)",
                "srcName": "HOST-{{TR_ASSET_IP}}",
                "subtype": "dlp",
                "customer": "hulu",
                "destName": "HOST-10.168.11.33",
                "fileName": "Benchmarks_f.docx",
                "fwAction": "log-only",
                "logLevel": "notice",
                "memberID": "0954024577",
                "totFlows": "1",
                "direction": "outgoing",
                "eventName": "A data leak was detected by a specified DLP sensor rule",
                "eventType": "FortiGate-dlp-leak-detected",
                "reptModel": "FortiOS",
                "sessionId": "189656",
                "srcIpAddr": "{{TR_ASSET_IP}}",
                "srcIpPort": "57492",
                "destIpAddr": "80.222.32.1",
                "destIpPort": "21 (FTP)",
                "deviceTime": "Wed Jun 10 22:50:30 CEST 2020",
                "parserName": "FortiGateParser",
                "phRecvTime": "Wed Jun 10 22:50:30 CEST 2020",
                "reptVendor": "Fortinet",
                "collectorId": "10000",
                "dlpCategory": "",
                "eventAction": "0 (Permit)",
                "profileName": "dlp_profile",
                "rawEventMsg": "<189>date=2020-06-10 time=20:58:14 devname=\"FortiGate-Core\" devid=\"FGVM02TM19008304\" logid=\"0954024577\" type=\"utm\" subtype=\"dlp\" eventtype=\"dlp\" level=\"notice\" vd=\"root\" eventtime=1591815494749154664 tz=\"+0200\" filteridx=3 filtername=\"watermark_private\" dlpextra=\"\" filtertype=\"watermark\" filtercat=\"file\" severity=\"high\" policyid=5 sessionid=189656 epoch=2125573460 eventid=0 srcip={{TR_ASSET_IP}} srcport=57492 srcintf=\"port3\" srcintfrole=\"lan\" dstip=\"80.222.32.1\" dstport=21 dstintf=\"port2\" dstintfrole=\"dmz\" proto=6 service=\"FTP\" filetype=\"msofficex\" direction=\"outgoing\" action=\"log-only\" filename=\"Traduction.docx\" filesize=96090 profile=\"dlp_profile\" infectedfilename=\"docProps/custom.xml\" infectedfilesize=473 infectedfiletype=\"html\" infectedfilelevel=1",
                "reptDevName": "FortiGate-Core",
                "serviceName": "FTP",
                "srcIntfName": "port3",
                "timeSkewSec": "0",
                "destIntfName": "port2",
                "eventParsedOk": "1",
                "eventSeverity": "3",
                "reptDevIpAddr": "10.222.249.200",
                "profileDetails": "dlp_profile",
                "relayDevIpAddr": "10.222.249.200",
                "phEventCategory": "0 (External)",
                "eventRuleTrigger": "1",
                "eventSeverityCat": "LOW",
                "extEventRecvProto": "Syslog"
              },
              "receiveTime": "2020-06-10T20:58:14+02:00"
            }
          ]
        }
      }
    ]
  },  
  {
    "data": [
      {
        "sleep": -1,
        "name": "Data leak detected",
        "source": "FSMSIM-DLP-1",
        "demo_message": "1) [Alerts View] User Baddler sharing a torrent file over the internet\n2) [Playbooks Logs] Sharing torrents is against InfoSec policy\n3) [Playbooks Logs] Playbook walkthrough\n4) [Playbooks Logs > Email Step] Email sent to HR",
        "sourcedata": {
          "incident_data": {
            "id": "0",
            "nid": "{{TR_RANDOM_INTEGER}}4",
            "index": "2",
            "custId": "2000",
            "dataStr": null,
            "eventType": "Data_leak_detected",
            "attributes": {
              "count": "1",
              "user": "f.baddler",
              "customer": "hulu",
              "eventName": "Data leak detected",
              "eventType": "Data_leak_detected",
              "bizService": "",
              "incidentId": "1854",
              "phRecvTime": "Wed Jun 10 21:46:00 CEST 2020",
              "incidentSrc": "",
              "incidentReso": "1 (Open)",
              "eventSeverity": "7",
              "incidentRptIp": "10.222.249.200",
              "incidentTitle": "Detected Data Leak by FortiGate via File Dark.Tower.torrent",
              "incidentDetail": "fileName:Dark.Tower.torrent, reptDevIpAddr:10.222.249.200,",
              "incidentStatus": "0 (Active)",
              "incidentTarget": "",
              "incidentExtUser": "",
              "phEventCategory": "1 (Incident)",
              "eventSeverityCat": "MEDIUM",
              "incidentComments": "",
              "incidentLastSeen": "Wed Jun 10 21:46:00 CEST 2020",
              "incidentTicketId": "",
              "incidentFirstSeen": "Wed Jun 10 21:46:00 CEST 2020",
              "incidentViewUsers": "",
              "phIncidentImpacts": "Other",
              "incidentNotiStatus": "",
              "incidentRptDevName": "FortiGate-Core",
              "incidentTicketUser": "",
              "incidentViewStatus": "1 (Read)",
              "phIncidentCategory": "5",
              "incidentClearedTime": "Thu Jan 01 01:00:00 CET 1970",
              "incidentClearedUser": "",
              "incidentExtTicketId": "",
              "incidentRptDevStatus": "1 (Pending)",
              "incidentTicketStatus": "6 (None)",
              "incidentClearedReason": "",
              "incidentExtTicketType": "",
              "phSubIncidentCategory": "PH_RULE_Other_Suspicious_Activity",
              "incidentExtClearedTime": "Thu Jan 01 01:00:00 CET 1970",
              "incidentExtTicketState": "",
              "incidentNotiRecipients": ""
            },
            "receiveTime": "2020-06-10T21:46:00+02:00"
          },
          "associated_events": [
            {
              "id": "7922253957014169951",
              "nid": "7922253957014169951",
              "index": "0",
              "custId": "2000",
              "dataStr": null,
              "eventType": "FortiGate-dlp-leak-detected",
              "attributes": {
                "vdom": "root",
                "count": "1",
                "fwRule": "5",
                "eventId": "7922253957014169951",
                "ipProto": "6 (TCP)",
                "srcName": "HOST-{{TR_ASSET_IP}}",
                "subtype": "dlp",
                "customer": "hulu",
                "destName": "HOST-10.168.11.33",
                "fileName": "Dark.Tower.torrent",
                "fwAction": "log-only",
                "logLevel": "notice",
                "memberID": "0954024577",
                "totFlows": "1",
                "direction": "outgoing",
                "eventName": "A data leak was detected by a specified DLP sensor rule",
                "eventType": "FortiGate-dlp-leak-detected",
                "reptModel": "FortiOS",
                "sessionId": "196625",
                "srcIpAddr": "{{TR_ASSET_IP}}",
                "srcIpPort": "57498",
                "destIpAddr": "{{TR_MALICIOUS_IP}}",
                "destIpPort": "21 (FTP)",
                "deviceTime": "Wed Jun 10 21:44:52 CEST 2020",
                "parserName": "FortiGateParser",
                "phRecvTime": "Wed Jun 10 21:44:52 CEST 2020",
                "reptVendor": "Fortinet",
                "collectorId": "10000",
                "dlpCategory": "All_files",
                "eventAction": "0 (Permit)",
                "profileName": "dlp_profile",
                "rawEventMsg": "<189>date=2020-06-10 time=21:44:52 devname=\"FortiGate-Core\" devid=\"FGVM02TM19008304\" logid=\"0954024577\" type=\"utm\" subtype=\"dlp\" eventtype=\"dlp\" level=\"notice\" vd=\"root\" eventtime=1591818293024005770 tz=\"+0200\" filteridx=5 filtername=\"log_all_files\" dlpextra=\"All_files\" filtertype=\"file-type\" filtercat=\"file\" severity=\"medium\" policyid=5 sessionid=196625 epoch=749638349 eventid=0 srcip={{TR_ASSET_IP}} srcport=57498 srcintf=\"port3\" srcintfrole=\"lan\" dstip={{TR_MALICIOUS_IP}} dstport=21 dstintf=\"port2\" dstintfrole=\"dmz\" proto=6 service=\"FTP\" filetype=\"torrent\" direction=\"outgoing\" action=\"log-only\" filename=\"Dark.Tower.torrent\" filesize=11903 profile=\"dlp_profile\"",
                "reptDevName": "FortiGate-Core",
                "serviceName": "FTP",
                "srcIntfName": "port3",
                "timeSkewSec": "0",
                "destIntfName": "port2",
                "eventParsedOk": "1",
                "eventSeverity": "3",
                "reptDevIpAddr": "10.222.249.200",
                "profileDetails": "dlp_profile",
                "relayDevIpAddr": "10.222.249.200",
                "phEventCategory": "0 (External)",
                "eventRuleTrigger": "1",
                "eventSeverityCat": "LOW",
                "extEventRecvProto": "Syslog"
              },
              "receiveTime": "2020-06-10T21:44:52+02:00"
            }
          ]
        }
      }
    ]
  }
]