{
  "type": "workflow_collections",
  "data": [
    {
      "@context": "/api/3/contexts/WorkflowCollection",
      "@type": "WorkflowCollection",
      "name": "000-CollectionOne",
      "description": null,
      "visible": true,
      "image": null,
      "id": 104,
      "createDate": 1588405479,
      "modifyDate": 1588405479,
      "recordTags": [],
      "workflows": [
        {
          "@type": "Workflow",
          "triggerLimit": null,
          "name": "FSM-SIM-Mapper",
          "aliasName": null,
          "description": null,
          "collection": "/api/3/workflow_collections/ed16e7d8-553f-4bfa-8aa9-6d6096069035",
          "tag": null,
          "isActive": true,
          "singleRecordExecution": false,
          "remoteExecutableFlag": false,
          "parameters": [],
          "synchronous": false,
          "triggerStep": "/api/3/workflow_steps/a092fda8-78b8-476a-9c38-648c9fbe86a9",
          "steps": [
            {
              "@type": "WorkflowStep",
              "name": "Start",
              "description": null,
              "arguments": {
                "resource": "alerts",
                "resources": [
                  "alerts"
                ],
                "step_variables": {
                  "input": {
                    "records": [
                      "{{vars.input.records[0]}}"
                    ]
                  }
                },
                "fieldbasedtrigger": {
                  "sort": [],
                  "limit": 30,
                  "logic": "AND",
                  "filters": [
                    {
                      "type": "primitive",
                      "field": "source",
                      "value": "%SOC-SIM-%",
                      "operator": "like",
                      "_operator": "like"
                    },
                    {
                      "type": "primitive",
                      "field": "source",
                      "value": "SOC-SIM-MAIL",
                      "operator": "neq",
                      "_operator": "neq"
                    }
                  ]
                }
              },
              "status": null,
              "left": "125",
              "top": "30",
              "stepType": "/api/3/workflow_step_types/ea155646-3821-4542-9702-b246da430a8d",
              "uuid": "a092fda8-78b8-476a-9c38-648c9fbe86a9"
            },
            {
              "@type": "WorkflowStep",
              "name": "Set Source Data",
              "description": null,
              "arguments": {
                "source_data": "{{vars.input.records[0].sourcedata}}"
              },
              "status": null,
              "left": "126",
              "top": "160",
              "stepType": "/api/3/workflow_step_types/04d0cf46-b6a8-42c4-8683-60a7eaa69e8f",
              "uuid": "360b70be-9732-405c-a13c-69f3b3b9199e"
            },
            {
              "@type": "WorkflowStep",
              "name": "Set Variables",
              "description": null,
              "arguments": {
                "custId": "{{vars.source_data.incident.custId}}",
                "domain": "{{vars.source_data.incident.domain}}",
                "alertiri": "{{vars.input.records[0]['@id']}}",
                "hostName": "{{vars.source_data.incident.hostName}}",
                "ruleDesc": "{{vars.source_data.incident.ruleDesc}}",
                "ruleName": "{{vars.source_data.incident.ruleName}}",
                "severity": "{{vars.source_data.incident.severity}}",
                "username": "{{vars.source_data.incident.user}}",
                "origDevIp": "{{vars.source_data.incident.origDevIp}}",
                "source_ip": "{{vars.source_data.incident.srcIpAddr}}",
                "alert_name": "{{vars.input.records[0].name}}",
                "cacheIndex": "{{vars.source_data.incident.cacheIndex}}",
                "deviceType": "{{vars.source_data.incident.deviceType}}",
                "incidentEt": "{{vars.source_data.incident.incidentEt}}",
                "incidentId": "{{vars.source_data.incident.incidentId}}",
                "resolution": "{{vars.source_data.incident.resolution}}",
                "sourceUser": "{{vars.source_data.incident.sourceUser}}",
                "clearedTime": "{{vars.source_data.incident.clearedTime}}",
                "incidentSrc": "{{vars.source_data.incident.incidentSrc}}",
                "origDevName": "{{vars.source_data.incident.origDevName}}",
                "severityCat": "{{vars.source_data.incident.severityCat}}",
                "creationTime": "{{vars.source_data.incident.creationTime}}",
                "deviceStatus": "{{vars.source_data.incident.deviceStatus}}",
                "lastModified": "{{vars.source_data.incident.lastModified}}",
                "lastSeenTime": "{{vars.source_data.incident.lastSeenTime}}",
                "ticketStatus": "{{vars.source_data.incident.ticketStatus}}",
                "detination_ip": "{{vars.source_data.incident.destIpAddr}}",
                "devImportance": "{{vars.source_data.incident.devImportance}}",
                "firstSeenTime": "{{vars.source_data.incident.firstSeenTime}}",
                "incidentCount": "{{vars.source_data.incident.incidentCount}}",
                "incidentDetail": "{{vars.source_data.incident.incidentDetail}}",
                "incidentStatus": "{{vars.source_data.incident.incidentStatus}}",
                "incidentTarget": "{{vars.source_data.incident.incidentTarget}}",
                "origDevIpFirst": "{{vars.source_data.incident.origDevIpFirst}}",
                "incidentCategory": "{{vars.source_data.incident.incidentCategory}}",
                "phIncidentCategory": "{{vars.source_data.incident.phIncidentCategory}}"
              },
              "status": null,
              "left": "126",
              "top": "300",
              "stepType": "/api/3/workflow_step_types/04d0cf46-b6a8-42c4-8683-60a7eaa69e8f",
              "uuid": "4e2b3f4f-0045-4351-acca-0028010d09f8"
            },
            {
              "@type": "WorkflowStep",
              "name": "Update Alert Attributes",
              "description": null,
              "arguments": {
                "resource": {
                  "name": "{{vars.source_data.incident.ruleName}}-{{vars.source_data.incident.id}}",
                  "type": "{{vars.incidentCategory | resolveRange(vars.v_Type_Map)}}",
                  "state": {
                    "id": 220,
                    "@id": "/api/3/picklists/a1bac09b-1441-45aa-ad1b-c88744e48e72",
                    "icon": null,
                    "@type": "Picklist",
                    "color": null,
                    "display": "New",
                    "listName": "/api/3/picklist_names/2f9ed741-25fe-475a-9f12-64336288eebf",
                    "itemValue": "New",
                    "orderIndex": 0
                  },
                  "domain": "{{vars.v_Domain}}",
                  "status": "{{vars.v_Status}}",
                  "reporter": "{{vars.v_Reporter}}",
                  "severity": "{{vars.severity | resolveRange(vars.v_Severity_map)}}",
                  "sourceId": "{{vars.v_Source_ID}}",
                  "sourceIp": "{{vars.v_Source_IP}}",
                  "userName": "{{vars.v_Username}}",
                  "epochTime": "{{vars.v_Epoch_Time}}",
                  "eventTime": "{{arrow.get(vars.v_Epoch_Time).to(\"UTC\").format(\"YYYY-MM-DD HH:mm:ss ZZ\")}}",
                  "assignedTo": "/api/3/people/3451141c-bac6-467c-8d72-85e0fab569ce",
                  "sourceType": "{{vars.v_Source_Type}}",
                  "sourcedata": "{{vars.source_data}}",
                  "description": "<p>{{vars.v_Description}}<br />Incident Category:&nbsp;{{vars.v_Source_Type}}<br />{%if vars.v_Source_IP%}Source IP:{{vars.v_Source_IP}}{%endif%}<br />{%if vars.v_Destination_IP%}Destination IP:&nbsp;{{vars.v_Destination_IP}}{%endif%}<br />{%if vars.v_Reporter %} Reporting Device: {{vars.v_Reporter}}{%endif%}<br />{%if vars.v_Username %} Username: {{vars.v_Username}}{%endif%}</p>",
                  "assigneddate": "{{vars.v_Event_Time}}",
                  "emailSubject": "None",
                  "destinationIp": "{{vars.v_Destination_IP}}",
                  "killChainPhase": "{{ incidentCategory | resolveRange(vars.v_Kill_Chain_Phase_Map)}}"
                },
                "_showJson": false,
                "operation": "Overwrite",
                "collection": "{{vars.input.records[0]['@id']}}",
                "collectionType": "/api/3/alerts",
                "fieldOperation": {
                  "recordTags": "Overwrite"
                },
                "step_variables": []
              },
              "status": null,
              "left": "126",
              "top": "569",
              "stepType": "/api/3/workflow_step_types/b593663d-7d13-40ce-a3a3-96dece928722",
              "uuid": "16ceaadb-02e8-4122-bfd0-afe6a15a9294"
            },
            {
              "@type": "WorkflowStep",
              "name": "Fields Mapping",
              "description": null,
              "arguments": {
                "v_URL": "",
                "v_Email": "",
                "v_Domain": "{{vars.domain}}",
                "v_Status": "{% if vars.source_data.incident.resolution == 'Open' %}{{(\"AlertStatus\" | picklist(\"Open\"))[\"@id\"]}}{% endif %}",
                "v_Metrics": "",
                "v_Service": "",
                "v_Ack_Date": "",
                "v_Reporter": "{%if vars.origDevName%}{{vars.origDevName}}\n{% elif vars.origDevIp %}\n{{vars.origDevIp}}\n{%endif%}",
                "v_Type_Map": "{'Availability/Application': {{\"AlertType\" | picklist(\"Other / Unknown\")}},'Availability/Database': {{\"AlertType\" | picklist(\"Other / Unknown\")}},'Availability/Domain Controller': {{\"AlertType\" | picklist(\"Other / Unknown\")}},'Availability/Environmental': {{\"AlertType\" | picklist(\"Other / Unknown\")}},'Availability/FortiSIEM': {{\"AlertType\" | picklist(\"Other / Unknown\")}},'Availability/HVAC': {{\"AlertType\" | picklist(\"Other / Unknown\")}},'Availability/Hardware': {{\"AlertType\" | picklist(\"Other / Unknown\")}},'Availability/License': {{\"AlertType\" | picklist(\"Other / Unknown\")}},'Availability/Mail Server': {{\"AlertType\" | picklist(\"Other / Unknown\")}},'Availability/Network': {{\"AlertType\" | picklist(\"Other / Unknown\")}},'Availability/SDN': {{\"AlertType\" | picklist(\"Other / Unknown\")}},'Availability/Server': {{\"AlertType\" | picklist(\"Other / Unknown\")}},'Availability/Storage': {{\"AlertType\" | picklist(\"Other / Unknown\")}},'Availability/Suspicious Activity': {{\"AlertType\" | picklist(\"Other / Unknown\")}},'Availability/UPS': {{\"AlertType\" | picklist(\"Other / Unknown\")}},'Availability/Video Conferencing': {{\"AlertType\" | picklist(\"Other / Unknown\")}},'Availability/VoIP': {{\"AlertType\" | picklist(\"Other / Unknown\")}},'Availability/WAN': {{\"AlertType\" | picklist(\"Other / Unknown\")}},'Availability/Windows Cluster Service': {{\"AlertType\" | picklist(\"Other / Unknown\")}},'Availability/Windows File System Replication': {{\"AlertType\" | picklist(\"Other / Unknown\")}},'Change/Audit': {{\"AlertType\" | picklist(\"Compliance\")}},'Change/Policy Violation': {{\"AlertType\" | picklist(\"Policy Violation\")}},'Change/UserAccount': {{\"AlertType\" | picklist(\"Compliance\")}},'Other/Suspicious Activity': {{\"AlertType\" | picklist(\"Other / Unknown\")}},'Other/VoIP': {{\"AlertType\" | picklist(\"Other / Unknown\")}},'Performance/Application': {{\"AlertType\" | picklist(\"Other / Unknown\")}},'Performance/CPU': {{\"AlertType\" | picklist(\"Other / Unknown\")}},'Performance/Database': {{\"AlertType\" | picklist(\"Other / Unknown\")}},'Performance/FortiSIEM': {{\"AlertType\" | picklist(\"Other / Unknown\")}},'Performance/IPSLA': {{\"AlertType\" | picklist(\"Other / Unknown\")}},'Performance/Interface': {{\"AlertType\" | picklist(\"Other / Unknown\")}},'Performance/Mail Server': {{\"AlertType\" | picklist(\"Other / Unknown\")}},'Performance/Memory': {{\"AlertType\" | picklist(\"Other / Unknown\")}},'Performance/Network': {{\"AlertType\" | picklist(\"Other / Unknown\")}},'Performance/SDN': {{\"AlertType\" | picklist(\"Other / Unknown\")}},'Performance/Server': {{\"AlertType\" | picklist(\"Other / Unknown\")}},'Performance/Storage': {{\"AlertType\" | picklist(\"Other / Unknown\")}},'Performance/Storage I/O': {{\"AlertType\" | picklist(\"Other / Unknown\")}},'Performance/Storage Space': {{\"AlertType\" | picklist(\"Other / Unknown\")}},'Performance/Suspicious Activity': {{\"AlertType\" | picklist(\"Other / Unknown\")}},'Performance/Virtualization': {{\"AlertType\" | picklist(\"Other / Unknown\")}},'Performance/VoIP': {{\"AlertType\" | picklist(\"Other / Unknown\")}},'Security/Airline': {{\"AlertType\" | picklist(\"Other / Unknown\")}},'Security/Application': {{\"AlertType\" | picklist(\"Other / Unknown\")}},'Security/Audit': {{\"AlertType\" | picklist(\"Compliance\")}},'Security/Authentication': {{\"AlertType\" | picklist(\"Other / Unknown\")}},'Security/Behavioral Anomaly': {{\"AlertType\" | picklist(\"Other / Unknown\")}},'Security/BotNet': {{\"AlertType\" | picklist(\"Malware\")}},'Security/Collection': {{\"AlertType\" | picklist(\"Other / Unknown\")}},'Security/Command and Control': {{\"AlertType\" | picklist(\"Beaconing\")}},'Security/Compromised Host': {{\"AlertType\" | picklist(\"Malware\")}},'Security/Credential Access': {{\"AlertType\" | picklist(\"Lost / Stolen\")}},'Security/DDoS': {{\"AlertType\" | picklist(\"Denial of Service\")}},'Security/Defense Evasion': {{\"AlertType\" | picklist(\"Other / Unknown\")}},'Security/Discovery': {{\"AlertType\" | picklist(\"Reconnaissance\")}},'Security/DoS': {{\"AlertType\" | picklist(\"Denial of Service\")}},'Security/Execution': {{\"AlertType\" | picklist(\"Other / Unknown\")}},'Security/Exfiltration': {{\"AlertType\" | picklist(\"Data Exfiltration\")}},'Security/Exploit': {{\"AlertType\" | picklist(\"Other / Unknown\")}},'Security/Impact': {{\"AlertType\" | picklist(\"Other / Unknown\")}},'Security/Initial Access': {{\"AlertType\" | picklist(\"Other / Unknown\")}},'Security/Lateral Movement': {{\"AlertType\" | picklist(\"Lateral Movement\")}},'Security/Malware': {{\"AlertType\" | picklist(\"Malware\")}},'Security/Network': {{\"AlertType\" | picklist(\"Other / Unknown\")}},'Security/Persistence': {{\"AlertType\" | picklist(\"Other / Unknown\")}},'Security/Policy Violation': {{\"AlertType\" | picklist(\"Policy Violation\")}},'Security/Privilege Escalation': {{\"AlertType\" | picklist(\"\")}},'Security/Ransomware': {{\"AlertType\" | picklist(\"Ransomware\")}},'Security/Reconnaissance': {{\"AlertType\" | picklist(\"Reconnaissance\")}},'Security/SQL Injection': {{\"AlertType\" | picklist(\"Other / Unknown\")}},'Security/Suspicious Activity': {{\"AlertType\" | picklist(\"Other / Unknown\")}},'Security/Website defacement': {{\"AlertType\" | picklist(\"Other / Unknown\")}}}",
                "v_Username": "{{vars.username}}",
                "v_File_Hash": "",
                "v_File_Name": "",
                "v_File_Path": "",
                "v_Source_ID": "{{vars.incidentId}}",
                "v_Source_IP": "{{vars.source_ip}}",
                "v_Device_UID": "",
                "v_Email_Body": "",
                "v_Email_From": "",
                "v_Epoch_Time": "{{vars.creationTime}}",
                "v_Event_Time": "{{vars.lastSeenTime}}",
                "v_File_Names": "",
                "v_Process_ID": "",
                "v_cacheIndex": "{%if vars.cacheIndex%}{{vars.cacheIndex | extract_artifacts}}{%endif%}",
                "v_Description": "{{vars.ruleDesc}}",
                "v_Return_Path": "",
                "v_Source_Port": "",
                "v_Source_Tool": "",
                "v_Source_Type": "{{vars.incidentCategory}}",
                "v_incidentSrc": "{%if vars.incidentSrc%}{{vars.incidentSrc | extract_artifacts}}{%endif%}",
                "v_Command_Line": "",
                "v_Latest_Login": "",
                "v_Process_GUID": "",
                "v_Process_Name": "",
                "v_Process_Tree": "",
                "v_Registry_Key": "",
                "v_Response_SLA": "",
                "v_Severity_map": "{\n0: {{\"Severity\" | picklist(\"Minimal\")}},\n1: {{\"Severity\" | picklist(\"Minimal\")}},\n2: {{\"Severity\" | picklist(\"Low\")}},\n3: {{\"Severity\" | picklist(\"Low\")}},\n4: {{\"Severity\" | picklist(\"Medium\")}},\n5: {{\"Severity\" | picklist(\"Medium\")}},\n6: {{\"Severity\" | picklist(\"Medium\")}},\n7: {{\"Severity\" | picklist(\"High\")}},\n8: {{\"Severity\" | picklist(\"High\")}},\n9: {{\"Severity\" | picklist(\"Critical\")}},\n10:{{\"Severity\" | picklist(\"Critical\")}}\n}",
                "v_Target_Asset": "",
                "v_User_Details": "",
                "v_Computer_Name": "{%if vars.incidentCategory =='Change/UserAccount'%}{{vars.origDevName}}{%endif%}",
                "v_Email_Headers": "",
                "v_Email_Subject": "",
                "v_Sender_Domain": "",
                "v_Destination_IP": "{{vars.detination_ip}}",
                "v_Scheduled_Task": "",
                "v_Source_Process": "",
                "v_Target_Process": "",
                "v_incidentTarget": "{%if vars.incidentTarget%}{{vars.incidentTarget | extract_artifacts}}{%endif%}",
                "v_Attachment_Names": "",
                "v_Destination_Port": "",
                "v_Bytes_Transferred": "",
                "v_Escalation_Reason": "",
                "v_Parent_Process_ID": "",
                "v_Registry_Key_Value": "",
                "v_Email_Recipients_To": "",
                "v_Parent_Process_Name": "",
                "v_Reporter_Email_Body": "",
                "v_Decoded_Command_Line": "",
                "v_Kill_Chain_Phase_Map": "{\n'Availability/Application': {{\"KillChainPhases\" | picklist(\"Not Applicable\")}},\n'Availability/Database': {{\"KillChainPhases\" | picklist(\"Not Applicable\")}},\n'Availability/Domain Controller': {{\"KillChainPhases\" | picklist(\"Not Applicable\")}},\n'Availability/Environmental': {{\"KillChainPhases\" | picklist(\"Not Applicable\")}},\n'Availability/FortiSIEM': {{\"KillChainPhases\" | picklist(\"Not Applicable\")}},\n'Availability/HVAC': {{\"KillChainPhases\" | picklist(\"Not Applicable\")}},\n'Availability/Hardware': {{\"KillChainPhases\" | picklist(\"Not Applicable\")}},\n'Availability/License': {{\"KillChainPhases\" | picklist(\"Not Applicable\")}},\n'Availability/Mail Server': {{\"KillChainPhases\" | picklist(\"Not Applicable\")}},\n'Availability/Network': {{\"KillChainPhases\" | picklist(\"Not Applicable\")}},\n'Availability/SDN': {{\"KillChainPhases\" | picklist(\"Not Applicable\")}},\n'Availability/Server': {{\"KillChainPhases\" | picklist(\"Not Applicable\")}},\n'Availability/Storage': {{\"KillChainPhases\" | picklist(\"Not Applicable\")}},\n'Availability/Suspicious Activity': {{\"KillChainPhases\" | picklist(\"Not Applicable\")}},\n'Availability/UPS': {{\"KillChainPhases\" | picklist(\"Not Applicable\")}},\n'Availability/Video Conferencing': {{\"KillChainPhases\" | picklist(\"Not Applicable\")}},\n'Availability/VoIP': {{\"KillChainPhases\" | picklist(\"Not Applicable\")}},\n'Availability/WAN': {{\"KillChainPhases\" | picklist(\"Not Applicable\")}},\n'Availability/Windows Cluster Service': {{\"KillChainPhases\" | picklist(\"Not Applicable\")}},\n'Availability/Windows File System Replication': {{\"KillChainPhases\" | picklist(\"Not Applicable\")}},\n'Change/Audit': {{\"KillChainPhases\" | picklist(\"Not Applicable\")}},\n'Change/Policy Violation': {{\"KillChainPhases\" | picklist(\"Installation\")}},\n'Change/UserAccount': {{\"KillChainPhases\" | picklist(\"Not Applicable\")}},\n'Other/Suspicious Activity': {{\"KillChainPhases\" | picklist(\"Delivery\")}},\n'Other/VoIP': {{\"KillChainPhases\" | picklist(\"Not Applicable\")}},\n'Performance/Application': {{\"KillChainPhases\" | picklist(\"Not Applicable\")}},\n'Performance/CPU': {{\"KillChainPhases\" | picklist(\"Not Applicable\")}},\n'Performance/Database': {{\"KillChainPhases\" | picklist(\"Not Applicable\")}},\n'Performance/FortiSIEM': {{\"KillChainPhases\" | picklist(\"Not Applicable\")}},\n'Performance/IPSLA': {{\"KillChainPhases\" | picklist(\"Not Applicable\")}},\n'Performance/Interface': {{\"KillChainPhases\" | picklist(\"Not Applicable\")}},\n'Performance/Mail Server': {{\"KillChainPhases\" | picklist(\"Not Applicable\")}},\n'Performance/Memory': {{\"KillChainPhases\" | picklist(\"Not Applicable\")}},\n'Performance/Network': {{\"KillChainPhases\" | picklist(\"Not Applicable\")}},\n'Performance/SDN': {{\"KillChainPhases\" | picklist(\"Not Applicable\")}},\n'Performance/Server': {{\"KillChainPhases\" | picklist(\"Not Applicable\")}},\n'Performance/Storage': {{\"KillChainPhases\" | picklist(\"Not Applicable\")}},\n'Performance/Storage I/O': {{\"KillChainPhases\" | picklist(\"Not Applicable\")}},\n'Performance/Storage Space': {{\"KillChainPhases\" | picklist(\"Not Applicable\")}},\n'Performance/Suspicious Activity': {{\"KillChainPhases\" | picklist(\"Not Applicable\")}},\n'Performance/Virtualization': {{\"KillChainPhases\" | picklist(\"Not Applicable\")}},\n'Performance/VoIP': {{\"KillChainPhases\" | picklist(\"Not Applicable\")}},\n'Security/Airline': {{\"KillChainPhases\" | picklist(\"Not Applicable\")}},\n'Security/Application': {{\"KillChainPhases\" | picklist(\"Exploitation\")}},\n'Security/Audit': {{\"KillChainPhases\" | picklist(\"Not Applicable\")}},\n'Security/Authentication': {{\"KillChainPhases\" | picklist(\"Exploitation\")}},\n'Security/Behavioral Anomaly': {{\"KillChainPhases\" | picklist(\"Exploitation\")}},\n'Security/BotNet': {{\"KillChainPhases\" | picklist(\"Command & Control\")}},\n'Security/Collection': {{\"KillChainPhases\" | picklist(\"Actions on Objectives\")}},\n'Security/Command and Control': {{\"KillChainPhases\" | picklist(\"Command & Control\")}},\n'Security/Compromised Host': {{\"KillChainPhases\" | picklist(\"Actions on Objectives\")}},\n'Security/Credential Access': {{\"KillChainPhases\" | picklist(\"Actions on Objectives\")}},\n'Security/DDoS': {{\"KillChainPhases\" | picklist(\"Delivery\")}},\n'Security/Defense Evasion': {{\"KillChainPhases\" | picklist(\"Exploitation\")}},\n'Security/Discovery': {{\"KillChainPhases\" | picklist(\"Reconnaissance\")}},\n'Security/DoS': {{\"KillChainPhases\" | picklist(\"Delivery\")}},\n'Security/Execution': {{\"KillChainPhases\" | picklist(\"Installation\")}},\n'Security/Exfiltration': {{\"KillChainPhases\" | picklist(\"Actions on Objectives\")}},\n'Security/Exploit': {{\"KillChainPhases\" | picklist(\"Exploitation\")}},\n'Security/Impact': {{\"KillChainPhases\" | picklist(\"Actions on Objectives\")}},\n'Security/Initial Access': {{\"KillChainPhases\" | picklist(\"Delivery\")}},\n'Security/Lateral Movement': {{\"KillChainPhases\" | picklist(\"Installation\")}},\n'Security/Malware': {{\"KillChainPhases\" | picklist(\"Weaponization\")}},\n'Security/Network': {{\"KillChainPhases\" | picklist(\"Exploitation\")}},\n'Security/Persistence': {{\"KillChainPhases\" | picklist(\"Installation\")}},\n'Security/Policy Violation': {{\"KillChainPhases\" | picklist(\"Exploitation\")}},\n'Security/Privilege Escalation': {{\"KillChainPhases\" | picklist(\"Exploitation\")}},\n'Security/Ransomware': {{\"KillChainPhases\" | picklist(\"Actions on Objectives\")}},\n'Security/Reconnaissance': {{\"KillChainPhases\" | picklist(\"Reconnaissance\")}},\n'Security/SQL Injection': {{\"KillChainPhases\" | picklist(\"Exploitation\")}},\n'Security/Suspicious Activity': {{\"KillChainPhases\" | picklist(\"Exploitation\")}},\n'Security/Website defacement': {{\"KillChainPhases\" | picklist(\"Actions on Objectives\")}}\n}",
                "v_Sender_Email_Address": "",
                "v_Recipient_Email_Address": "",
                "v_Parent_Process_Command_Line": ""
              },
              "status": null,
              "left": "126",
              "top": "429",
              "stepType": "/api/3/workflow_step_types/04d0cf46-b6a8-42c4-8683-60a7eaa69e8f",
              "uuid": "979bccb9-a4c1-4aff-9a5e-5d0b8d606cb2"
            }
          ],
          "routes": [
            {
              "@type": "WorkflowRoute",
              "uuid": "0764d5ba-2411-439a-b585-c0dbe2dadd30",
              "name": "Start -> Set Source Data",
              "label": null,
              "isExecuted": false,
              "targetStep": "/api/3/workflow_steps/360b70be-9732-405c-a13c-69f3b3b9199e",
              "sourceStep": "/api/3/workflow_steps/a092fda8-78b8-476a-9c38-648c9fbe86a9"
            },
            {
              "@type": "WorkflowRoute",
              "uuid": "183ac5e7-ea01-4b22-8762-10c64adee5c1",
              "name": "Set Source Data -> Copy  of Set Variables",
              "label": null,
              "isExecuted": false,
              "targetStep": "/api/3/workflow_steps/4e2b3f4f-0045-4351-acca-0028010d09f8",
              "sourceStep": "/api/3/workflow_steps/360b70be-9732-405c-a13c-69f3b3b9199e"
            },
            {
              "@type": "WorkflowRoute",
              "uuid": "77d115bc-66d0-424e-b47b-34483a172d9b",
              "name": "Set Variables -> Fields Mapping",
              "label": null,
              "isExecuted": false,
              "targetStep": "/api/3/workflow_steps/979bccb9-a4c1-4aff-9a5e-5d0b8d606cb2",
              "sourceStep": "/api/3/workflow_steps/4e2b3f4f-0045-4351-acca-0028010d09f8"
            },
            {
              "@type": "WorkflowRoute",
              "uuid": "4fe256fb-cf1b-4f88-99d7-109e3252250f",
              "name": "Fields Mapping -> Update Alert Attributes",
              "label": null,
              "isExecuted": false,
              "targetStep": "/api/3/workflow_steps/16ceaadb-02e8-4122-bfd0-afe6a15a9294",
              "sourceStep": "/api/3/workflow_steps/979bccb9-a4c1-4aff-9a5e-5d0b8d606cb2"
            }
          ],
          "versions": null,
          "lastModifyDate": 1589033958,
          "uuid": "eb18ed3b-cfcb-4c57-9546-01065e879cfe",
          "recordTags": [],
          "isPrivate": false,
          "owners": []
        }
      ]
    }
  ],
  "exported_tags": []
}