{
  "type": "workflow_collections",
  "data": [
    {
      "@context": "/api/3/contexts/WorkflowCollection",
      "@type": "WorkflowCollection",
      "name": "00 - SIM Malware Lateral Movement",
      "description": "FortiSIEM Playbooks",
      "visible": true,
      "image": null,
      "id": 89,
      "createDate": 1586800389,
      "modifyDate": 1586800389,
      "recordTags": [
        "/api/3/tags/FSM"
      ],
      "workflows": [
        {
          "@type": "Workflow",
          "triggerLimit": null,
          "name": "Auto - Investigate CnC Malware Indicator",
          "aliasName": null,
          "description": "Investigate observed connection to C2",
          "collection": "/api/3/workflow_collections/05974cc4-129b-4412-a2ab-3a67efc6f402",
          "tag": "VirusTotal",
          "isActive": true,
          "singleRecordExecution": false,
          "remoteExecutableFlag": false,
          "parameters": [],
          "synchronous": false,
          "triggerStep": "/api/3/workflow_steps/e9d45edd-48c0-424b-854e-49b48929be3a",
          "steps": [
            {
              "@type": "WorkflowStep",
              "name": "Is Malicious",
              "description": "Is Malicious",
              "arguments": {
                "conditions": [
                  {
                    "option": "yes",
                    "step_iri": "/api/3/workflow_steps/0363a3ae-15a3-4886-946f-b5e205eb16e7",
                    "condition": "{{ vars.reputation == 'Malicious' }}"
                  },
                  {
                    "option": "no",
                    "default": true,
                    "step_iri": "/api/3/workflow_steps/617a2b49-1640-4847-9ae3-edc3465dd627"
                  }
                ]
              },
              "status": null,
              "left": "680",
              "top": "80",
              "stepType": "/api/3/workflow_step_types/12254cf5-5db7-4b1a-8cb1-3af081924b28",
              "uuid": "15902c1a-8b8e-4aec-8589-e9145c6670d6"
            },
            {
              "@type": "WorkflowStep",
              "name": "Escalate Alert",
              "description": null,
              "arguments": {
                "resource": {
                  "assets": "{{vars.steps.Create_Asset['@id']}}",
                  "severity": {
                    "id": 61,
                    "@id": "/api/3/picklists/7efa2220-39bb-44e4-961f-ac368776e3b0",
                    "icon": null,
                    "@type": "Picklist",
                    "color": "#e31b1d",
                    "display": "Critical",
                    "listName": "/api/3/picklist_names/4e80cba3-032f-48b4-ac03-17e3ec247aac",
                    "itemValue": "Critical",
                    "orderIndex": 4
                  },
                  "indicators": "{{vars.steps.Create_Indicator['@id']}}",
                  "description": "<p>{{vars.detination_ip}}&nbsp;is found to be malicious by VirusToal.com</p>",
                  "killchainphase": {
                    "id": 8540,
                    "@id": "/api/3/picklists/8153c438-9fe4-4eef-b3af-752e26f665ab",
                    "icon": null,
                    "@type": "Picklist",
                    "color": null,
                    "display": "Command & Control",
                    "listName": "/api/3/picklist_names/c7e9666b-e5e0-4e4f-8f5a-7163323c8222",
                    "itemValue": "Command & Control",
                    "orderIndex": 6
                  },
                  "escalatedtoincident": {
                    "id": 6807,
                    "@id": "/api/3/picklists/fa12313b-66af-4a2e-864e-a5f19241b734",
                    "icon": null,
                    "@type": "Picklist",
                    "color": "#bf0a0a",
                    "display": "Yes",
                    "listName": "/api/3/picklist_names/e131cc54-9ae4-43c9-b830-af6e331fe024",
                    "itemValue": "Yes",
                    "orderIndex": 0
                  }
                },
                "_showJson": false,
                "operation": "Overwrite",
                "collection": "{{vars.alertiri}}",
                "collectionType": "/api/3/alerts",
                "fieldOperation": [],
                "step_variables": []
              },
              "status": null,
              "left": "1040",
              "top": "180",
              "stepType": "/api/3/workflow_step_types/b593663d-7d13-40ce-a3a3-96dece928722",
              "uuid": "46cbe761-7165-4e0f-8051-528e4628e7a2"
            },
            {
              "@type": "WorkflowStep",
              "name": "Create Indicator",
              "description": null,
              "arguments": {
                "resource": {
                  "value": "{{vars.detination_ip}}",
                  "alerts": "{{vars.alertiri}}",
                  "assets": "{{vars.steps.Create_Asset['@id']}}",
                  "__replace": "",
                  "reputation": {
                    "id": 6433,
                    "@id": "/api/3/picklists/7074e547-7785-4979-be32-c6d0c863e4bd",
                    "icon": null,
                    "@type": "Picklist",
                    "color": "#c42323",
                    "display": "Malicious",
                    "listName": "/api/3/picklist_names/e75ed3c3-9f23-4a43-832b-0daf236209ba",
                    "itemValue": "Malicious",
                    "orderIndex": 1
                  },
                  "description": "<p>{{vars.enrichment_summary}}</p>",
                  "typeofindicator": {
                    "id": 433,
                    "@id": "/api/3/picklists/c0beeda4-2c7a-4214-b7e5-53ba1649539c",
                    "icon": null,
                    "@type": "Picklist",
                    "color": null,
                    "display": "IP Address",
                    "listName": "/api/3/picklist_names/50ee5bfa-e18f-49ba-8af9-dcca25b0f9c0",
                    "itemValue": "IP Address",
                    "orderIndex": 7
                  }
                },
                "_showJson": false,
                "operation": "Overwrite",
                "collection": "/api/3/indicators",
                "ignore_errors": true,
                "fieldOperation": {
                  "recordTags": "Overwrite"
                },
                "step_variables": []
              },
              "status": null,
              "left": "680",
              "top": "180",
              "stepType": "/api/3/workflow_step_types/2597053c-e718-44b4-8394-4d40fe26d357",
              "uuid": "0363a3ae-15a3-4886-946f-b5e205eb16e7"
            },
            {
              "@type": "WorkflowStep",
              "name": "Set Variables",
              "description": null,
              "arguments": {
                "alertiri": "{{vars.input.records[0]['@id']}}",
                "source_ip": "{{vars.input.records[0].sourceIp}}",
                "alert_name": "{{vars.input.records[0].name}}",
                "detination_ip": "{{vars.input.records[0].destinationIp}}"
              },
              "status": null,
              "left": "20",
              "top": "120",
              "stepType": "/api/3/workflow_step_types/04d0cf46-b6a8-42c4-8683-60a7eaa69e8f",
              "uuid": "d06bdbed-3ef2-4815-a315-b069381e6960"
            },
            {
              "@type": "WorkflowStep",
              "name": "Find Existing Indicators",
              "description": null,
              "arguments": {
                "query": {
                  "sort": [],
                  "limit": 30,
                  "logic": "AND",
                  "filters": [
                    {
                      "type": "primitive",
                      "field": "value",
                      "value": "{{vars.detination_ip}}",
                      "operator": "eq",
                      "_operator": "eq"
                    }
                  ]
                },
                "module": "indicators?$limit=30",
                "step_variables": {
                  "resultRecordscount": "{{vars.result | length}}"
                }
              },
              "status": null,
              "left": "340",
              "top": "407",
              "stepType": "/api/3/workflow_step_types/b593663d-7d13-40ce-a3a3-96dece928770",
              "uuid": "1420d503-b9ff-42be-a805-7949e5347a85"
            },
            {
              "@type": "WorkflowStep",
              "name": "Existing Indicator",
              "description": null,
              "arguments": {
                "conditions": [
                  {
                    "option": "Yes",
                    "step_iri": "/api/3/workflow_steps/95faa290-50b1-4a4d-83fc-50dfd1dd8a7b",
                    "condition": "{{ vars.resultRecordscount >= 1 }}"
                  },
                  {
                    "option": "No",
                    "default": true,
                    "step_iri": "/api/3/workflow_steps/3f42fceb-dca3-4942-953d-4f030d892cc6"
                  }
                ]
              },
              "status": null,
              "left": "340",
              "top": "293",
              "stepType": "/api/3/workflow_step_types/12254cf5-5db7-4b1a-8cb1-3af081924b28",
              "uuid": "412beb6c-fc1a-4d97-9c22-b7d5408afc62"
            },
            {
              "@type": "WorkflowStep",
              "name": "Create Incident",
              "description": null,
              "arguments": {
                "resource": {
                  "name": "{{vars.steps.Escalate_Alert.name}}-{{vars.detination_ip}}",
                  "phase": {
                    "id": 147,
                    "@id": "/api/3/picklists/bb7407e0-f699-11e7-8c3f-9a214cf093ae",
                    "icon": null,
                    "@type": "Picklist",
                    "color": null,
                    "display": "Containment",
                    "listName": "/api/3/picklist_names/b862eb1f-b385-40ca-baa7-5a1b1f91a651",
                    "itemValue": "Containment",
                    "orderIndex": 3
                  },
                  "alerts": "{{vars.alertiri}}",
                  "assets": "{{vars.steps.Create_Asset['@id']}}",
                  "source": "{{vars.steps.Escalate_Alert.source}}",
                  "status": {
                    "id": 7210,
                    "@id": "/api/3/picklists/bb7402d6-f699-11e7-8c3f-9a214cf093ae",
                    "icon": null,
                    "@type": "Picklist",
                    "color": null,
                    "display": "In Progress",
                    "listName": "/api/3/picklist_names/a549e41c-31ca-406d-89ae-eab3de5c06c4",
                    "itemValue": "In Progress",
                    "orderIndex": 1
                  },
                  "category": {
                    "id": 6795,
                    "@id": "/api/3/picklists/703218fc-f69a-11e7-8c3f-9a214cf093ae",
                    "icon": null,
                    "@type": "Picklist",
                    "color": null,
                    "display": "Malware",
                    "listName": "/api/3/picklist_names/f3938848-6220-4b27-af2d-a5329cf63656",
                    "itemValue": "Malware",
                    "orderIndex": 8
                  },
                  "severity": {
                    "id": 61,
                    "@id": "/api/3/picklists/7efa2220-39bb-44e4-961f-ac368776e3b0",
                    "icon": null,
                    "@type": "Picklist",
                    "color": "#e31b1d",
                    "display": "Critical",
                    "listName": "/api/3/picklist_names/4e80cba3-032f-48b4-ac03-17e3ec247aac",
                    "itemValue": "Critical",
                    "orderIndex": 4
                  },
                  "sourceIP": "{{vars.source_ip}}",
                  "__replace": "",
                  "indicators": "{{vars.steps.Create_Indicator['@id']}}",
                  "sourcedata": "{{vars.steps.Escalate_Alert.sourcedata}}",
                  "description": "<p><strong>Connection to a malicious IP:</strong></p>\n<p>{{vars.enrichment_summary}}</p>",
                  "incidentLead": "/api/3/people/3451141c-bac6-467c-8d72-85e0fab569ce",
                  "destinationIP": "{{vars.detination_ip}}",
                  "incidentsummary": "<p>Asset {{vars.source_ip}} opened a connection to a malicious C&amp;C IP: {{vars.detination_ip}}</p>"
                },
                "_showJson": false,
                "operation": "Overwrite",
                "collection": "/api/3/incidents",
                "fieldOperation": {
                  "recordTags": "Overwrite"
                },
                "step_variables": {
                  "relatedIncidents": "{{vars.result['@id']}}"
                }
              },
              "status": null,
              "left": "1380",
              "top": "180",
              "stepType": "/api/3/workflow_step_types/2597053c-e718-44b4-8394-4d40fe26d357",
              "uuid": "0d77ea31-b97f-498f-8674-b7bd619da082"
            },
            {
              "@type": "WorkflowStep",
              "name": "get reputation",
              "description": null,
              "arguments": {
                "reputation": "{{vars.steps.Get_IP_Reputation.reputation}}",
                "reputation_iri": "{{vars.steps.Get_IP_Reputation.reputation_iri}}",
                "enrichment_summary": "{{vars.steps.Get_IP_Reputation.enrichment_summary}}"
              },
              "status": null,
              "left": "340",
              "top": "80",
              "stepType": "/api/3/workflow_step_types/04d0cf46-b6a8-42c4-8683-60a7eaa69e8f",
              "uuid": "5eba5d10-308b-470a-b068-8862b62fdb75"
            },
            {
              "@type": "WorkflowStep",
              "name": "Get Related Alerts",
              "description": null,
              "arguments": {
                "alertdata": "{{ (vars.steps.Find_Existing_Indicators[0]['@id'] + \"?$relationships=true\") | fromIRI }}"
              },
              "status": null,
              "left": "680",
              "top": "293",
              "stepType": "/api/3/workflow_step_types/04d0cf46-b6a8-42c4-8683-60a7eaa69e8f",
              "uuid": "95faa290-50b1-4a4d-83fc-50dfd1dd8a7b"
            },
            {
              "@type": "WorkflowStep",
              "name": "Get Escalated Incident",
              "description": null,
              "arguments": {
                "indicator_iri": "{{vars.alertdata['@id']}}",
                "relatedAlerts": "{{vars.alertdata.alerts | json_query('[].[\\\"@id\\\"]')}}",
                "relatedIncidents": "{{vars.alertdata.incidents[0]['@id']}}"
              },
              "status": null,
              "left": "840",
              "top": "386",
              "stepType": "/api/3/workflow_step_types/04d0cf46-b6a8-42c4-8683-60a7eaa69e8f",
              "uuid": "e481bc56-219f-4fbd-9069-792313b90917"
            },
            {
              "@type": "WorkflowStep",
              "name": "Update Alert Correlation",
              "description": null,
              "arguments": {
                "resource": {
                  "alerts": "{{vars.relatedAlerts[0][0]}}",
                  "assets": "{{vars.steps.Create_Asset['@id']}}",
                  "severity": {
                    "id": 61,
                    "@id": "/api/3/picklists/7efa2220-39bb-44e4-961f-ac368776e3b0",
                    "icon": null,
                    "@type": "Picklist",
                    "color": "#e31b1d",
                    "display": "Critical",
                    "listName": "/api/3/picklist_names/4e80cba3-032f-48b4-ac03-17e3ec247aac",
                    "itemValue": "Critical",
                    "orderIndex": 4
                  },
                  "incidents": "{{vars.relatedIncidents}}",
                  "indicators": "{{vars.indicator_iri}}",
                  "escalationreason": "<p>Found previous infections at&nbsp;{{vars.alertdata.alerts | json_query('[].[\\\"@id\\\"]')}}</p>",
                  "escalatedtoincident": {
                    "id": 6807,
                    "@id": "/api/3/picklists/fa12313b-66af-4a2e-864e-a5f19241b734",
                    "icon": null,
                    "@type": "Picklist",
                    "color": "#bf0a0a",
                    "display": "Yes",
                    "listName": "/api/3/picklist_names/e131cc54-9ae4-43c9-b830-af6e331fe024",
                    "itemValue": "Yes",
                    "orderIndex": 0
                  }
                },
                "_showJson": false,
                "operation": "Overwrite",
                "collection": "{{vars.alertiri}}",
                "collectionType": "/api/3/alerts",
                "fieldOperation": {
                  "recordTags": "Overwrite"
                },
                "step_variables": []
              },
              "status": null,
              "left": "1000",
              "top": "480",
              "stepType": "/api/3/workflow_step_types/b593663d-7d13-40ce-a3a3-96dece928722",
              "uuid": "1c90ec3a-3bcb-4db0-ac51-4e7c9331a005"
            },
            {
              "@type": "WorkflowStep",
              "name": "Close Alert",
              "description": null,
              "arguments": {
                "resource": {
                  "status": {
                    "id": 6802,
                    "@id": "/api/3/picklists/fac53e73-8d16-4189-98d5-95fbd1555232",
                    "icon": null,
                    "@type": "Picklist",
                    "color": null,
                    "display": "Closed",
                    "listName": "/api/3/picklist_names/33e964a9-d607-49f2-813c-7ce46141815a",
                    "itemValue": "Closed",
                    "orderIndex": 4
                  },
                  "severity": {
                    "id": 57,
                    "@id": "/api/3/picklists/0d609b08-45e0-469f-8910-41145c0b7c03",
                    "icon": null,
                    "@type": "Picklist",
                    "color": "#157DD9",
                    "display": "Minimal",
                    "listName": "/api/3/picklist_names/4e80cba3-032f-48b4-ac03-17e3ec247aac",
                    "itemValue": "Minimal",
                    "orderIndex": 0
                  },
                  "closurereason": "<p>Alert is deemed False Positive, CTI score is low</p>\n<p>{{vars.enrichment_summary}}</p>"
                },
                "_showJson": false,
                "operation": "Overwrite",
                "collection": "{{vars.alertiri}}",
                "collectionType": "/api/3/alerts",
                "fieldOperation": {
                  "recordTags": "Overwrite"
                },
                "step_variables": []
              },
              "status": null,
              "left": "1040",
              "top": "80",
              "stepType": "/api/3/workflow_step_types/b593663d-7d13-40ce-a3a3-96dece928722",
              "uuid": "617a2b49-1640-4847-9ae3-edc3465dd627"
            },
            {
              "@type": "WorkflowStep",
              "name": "Match Local IP",
              "description": null,
              "arguments": {
                "params": {
                  "cidr": "['10.0.0.0/8','172.16.0.0/12','192.168.0.0/16']",
                  "ip_address": "{{vars.source_ip}}"
                },
                "version": "3.0.0",
                "connector": "cyops_utilities",
                "operation": "ip_cidr_check",
                "operationTitle": "Utils: Is IP in CIDR",
                "step_variables": []
              },
              "status": null,
              "left": "20",
              "top": "232",
              "stepType": "/api/3/workflow_step_types/0109f35d-090b-4a2b-bd8a-94cbc3508562",
              "uuid": "7ed7525b-b2d2-4b25-9c1b-e69007e44bb1"
            },
            {
              "@type": "WorkflowStep",
              "name": "Is it a Local IP",
              "description": null,
              "arguments": {
                "conditions": [
                  {
                    "option": "yes",
                    "step_iri": "/api/3/workflow_steps/fdc45b63-3d90-4cb4-9b53-ff1a383c86b2",
                    "condition": "{{ vars.steps.Match_Local_IP.data['matched_cidr_ip'] | length > 0 }}"
                  },
                  {
                    "option": "no",
                    "default": true,
                    "step_iri": "/api/3/workflow_steps/1420d503-b9ff-42be-a805-7949e5347a85"
                  }
                ]
              },
              "status": null,
              "left": "20",
              "top": "348",
              "stepType": "/api/3/workflow_step_types/12254cf5-5db7-4b1a-8cb1-3af081924b28",
              "uuid": "8a0e3264-081e-48d1-82e6-58d49a5b03c8"
            },
            {
              "@type": "WorkflowStep",
              "name": "Create Asset",
              "description": null,
              "arguments": {
                "resource": {
                  "ip": "{{vars.source_ip}}",
                  "alerts": "{{vars.alertiri}}",
                  "status": {
                    "id": 86,
                    "@id": "/api/3/picklists/421c20cd-e63d-4e32-9a25-774b2155cd24",
                    "icon": null,
                    "@type": "Picklist",
                    "color": null,
                    "display": "Active",
                    "listName": "/api/3/picklist_names/3c57ea34-4866-4c8f-ba74-dc51806727a9",
                    "itemValue": "Active",
                    "orderIndex": 0
                  },
                  "__replace": "false",
                  "criticality": {
                    "id": 188,
                    "@id": "/api/3/picklists/f734dfbb-fd61-425e-8a14-ebd560289fac",
                    "icon": null,
                    "@type": "Picklist",
                    "color": "#DE7A13",
                    "display": "High",
                    "listName": "/api/3/picklist_names/f8d09b4a-9e91-4096-bbdd-06a9f96ef57e",
                    "itemValue": "High",
                    "orderIndex": 3
                  }
                },
                "_showJson": false,
                "operation": "Overwrite",
                "collection": "/api/3/upsert/assets",
                "ignore_errors": true,
                "fieldOperation": {
                  "recordTags": "Overwrite"
                },
                "step_variables": []
              },
              "status": null,
              "left": "20",
              "top": "468",
              "stepType": "/api/3/workflow_step_types/2597053c-e718-44b4-8394-4d40fe26d357",
              "uuid": "fdc45b63-3d90-4cb4-9b53-ff1a383c86b2"
            },
            {
              "@type": "WorkflowStep",
              "name": "Start",
              "description": null,
              "arguments": {
                "route": "dfc2defe-7db2-47fb-b8c8-bd392b309ad4",
                "resources": [
                  "alerts"
                ],
                "inputVariables": [],
                "step_variables": {
                  "input": {
                    "records": "{{vars.input.records}}"
                  }
                },
                "displayConditions": {
                  "alerts": {
                    "sort": [],
                    "limit": 30,
                    "logic": "AND",
                    "filters": []
                  }
                },
                "executeButtonText": "Execute",
                "noRecordExecution": false,
                "singleRecordExecution": true
              },
              "status": null,
              "left": "20",
              "top": "10",
              "stepType": "/api/3/workflow_step_types/f414d039-bb0d-4e59-9c39-a8f1e880b18a",
              "uuid": "e9d45edd-48c0-424b-854e-49b48929be3a"
            },
            {
              "@type": "WorkflowStep",
              "name": "Add Manual Remediation Task",
              "description": null,
              "arguments": {
                "resource": {
                  "name": "Remediate Infected Host {{vars.steps.Create_Asset.ip}}",
                  "type": {
                    "id": 132,
                    "@id": "/api/3/picklists/826ad76d-e418-4928-9bc9-ea552ebcc5f9",
                    "icon": null,
                    "@type": "Picklist",
                    "color": null,
                    "display": "Incident Response",
                    "listName": "/api/3/picklist_names/b837e375-76af-4ba5-b6a1-bd1c3cd27292",
                    "itemValue": "Incident Response",
                    "orderIndex": 6
                  },
                  "alerts": "{{vars.alertiri}}",
                  "assets": "{{vars.steps.Create_Asset['@id']}}",
                  "status": {
                    "id": 16,
                    "@id": "/api/3/picklists/ab65eb0f-e7a7-4993-8474-da5c8b52f380",
                    "icon": null,
                    "@type": "Picklist",
                    "color": null,
                    "display": "Assigned",
                    "listName": "/api/3/picklist_names/21ddbcfd-b4a3-4273-adea-c674fe47d643",
                    "itemValue": "Assigned",
                    "orderIndex": 0
                  },
                  "priority": {
                    "id": 144,
                    "@id": "/api/3/picklists/90088ebe-0a7d-4aa6-9c9c-93b937a4e4f8",
                    "icon": null,
                    "@type": "Picklist",
                    "color": "#e36c29",
                    "display": "High",
                    "listName": "/api/3/picklist_names/bea9a490-50d1-4597-8ad9-24422e10676e",
                    "itemValue": "High",
                    "orderIndex": 2
                  },
                  "tasktype": "Remediate Infected Machine",
                  "__replace": "",
                  "incidents": "{{vars.relatedIncidents}}",
                  "startDate": "{{globalVars.Current_Date}}",
                  "description": "<p>Asset&nbsp;<strong>{{vars.steps.Create_Asset.ip}}&nbsp;</strong>is infected. Manually remediate it.</p>",
                  "assignedOnDate": "{{globalVars.Current_Date}}",
                  "assignedToPerson": "{{globalVars.Current_User}}"
                },
                "_showJson": false,
                "operation": "Overwrite",
                "collection": "/api/3/tasks",
                "fieldOperation": {
                  "recordTags": "Overwrite"
                },
                "step_variables": []
              },
              "status": null,
              "left": "1380",
              "top": "480",
              "stepType": "/api/3/workflow_step_types/2597053c-e718-44b4-8394-4d40fe26d357",
              "uuid": "20e5797d-7485-4013-84bf-6f8cb12ba347"
            },
            {
              "@type": "WorkflowStep",
              "name": "Get IP Reputation",
              "description": null,
              "arguments": {
                "arguments": {
                  "indicator_value": "{{vars.input.records[0].destinationIp}}"
                },
                "apply_async": false,
                "step_variables": [],
                "workflowReference": "/api/3/workflows/a70fb933-1383-4514-83e2-de46192cbc5e"
              },
              "status": null,
              "left": "340",
              "top": "189",
              "stepType": "/api/3/workflow_step_types/74932bdc-b8b6-4d24-88c4-1a4dfbc524f3",
              "uuid": "3f42fceb-dca3-4942-953d-4f030d892cc6"
            }
          ],
          "routes": [
            {
              "@type": "WorkflowRoute",
              "uuid": "0d8e88c3-a943-42d0-8817-7ab71e7c6b68",
              "name": "Find Existing Indicators -> Existing Indicator",
              "label": null,
              "isExecuted": false,
              "targetStep": "/api/3/workflow_steps/412beb6c-fc1a-4d97-9c22-b7d5408afc62",
              "sourceStep": "/api/3/workflow_steps/1420d503-b9ff-42be-a805-7949e5347a85"
            },
            {
              "@type": "WorkflowRoute",
              "uuid": "62d286ee-9ff6-4dd6-a5b3-2acba420b94f",
              "name": "Is it Malicious -> Create Indicator",
              "label": "yes",
              "isExecuted": false,
              "targetStep": "/api/3/workflow_steps/0363a3ae-15a3-4886-946f-b5e205eb16e7",
              "sourceStep": "/api/3/workflow_steps/15902c1a-8b8e-4aec-8589-e9145c6670d6"
            },
            {
              "@type": "WorkflowRoute",
              "uuid": "0493cd06-baca-4e14-88a2-755650160b6a",
              "name": "Create Indicator -> Escalate Alert",
              "label": null,
              "isExecuted": false,
              "targetStep": "/api/3/workflow_steps/46cbe761-7165-4e0f-8051-528e4628e7a2",
              "sourceStep": "/api/3/workflow_steps/0363a3ae-15a3-4886-946f-b5e205eb16e7"
            },
            {
              "@type": "WorkflowRoute",
              "uuid": "37da7620-0f8a-4d42-b808-773eef7b1684",
              "name": "Escalate Alert -> Create Incident",
              "label": null,
              "isExecuted": false,
              "targetStep": "/api/3/workflow_steps/0d77ea31-b97f-498f-8674-b7bd619da082",
              "sourceStep": "/api/3/workflow_steps/46cbe761-7165-4e0f-8051-528e4628e7a2"
            },
            {
              "@type": "WorkflowRoute",
              "uuid": "a3197468-2438-44fe-b947-266a070bd791",
              "name": "get reputation -> Is Malicious",
              "label": null,
              "isExecuted": false,
              "targetStep": "/api/3/workflow_steps/15902c1a-8b8e-4aec-8589-e9145c6670d6",
              "sourceStep": "/api/3/workflow_steps/5eba5d10-308b-470a-b068-8862b62fdb75"
            },
            {
              "@type": "WorkflowRoute",
              "uuid": "05a141de-4f82-4768-a52e-35858f4886aa",
              "name": "Existing Indicator -> Get Related Alerts",
              "label": "Yes",
              "isExecuted": false,
              "targetStep": "/api/3/workflow_steps/95faa290-50b1-4a4d-83fc-50dfd1dd8a7b",
              "sourceStep": "/api/3/workflow_steps/412beb6c-fc1a-4d97-9c22-b7d5408afc62"
            },
            {
              "@type": "WorkflowRoute",
              "uuid": "a67aee7c-45cf-4474-9d81-9e86e49a8e80",
              "name": "Get Related Alerts -> Get Escalated Incident",
              "label": null,
              "isExecuted": false,
              "targetStep": "/api/3/workflow_steps/e481bc56-219f-4fbd-9069-792313b90917",
              "sourceStep": "/api/3/workflow_steps/95faa290-50b1-4a4d-83fc-50dfd1dd8a7b"
            },
            {
              "@type": "WorkflowRoute",
              "uuid": "f022707e-df49-4f11-8fa8-0667704dc9ce",
              "name": "Get Escalated Incident -> Update Alert Correlation",
              "label": null,
              "isExecuted": false,
              "targetStep": "/api/3/workflow_steps/1c90ec3a-3bcb-4db0-ac51-4e7c9331a005",
              "sourceStep": "/api/3/workflow_steps/e481bc56-219f-4fbd-9069-792313b90917"
            },
            {
              "@type": "WorkflowRoute",
              "uuid": "7956f294-47c0-4079-a941-b73959ee826c",
              "name": "Is Malicious -> Close Alert",
              "label": "no",
              "isExecuted": false,
              "targetStep": "/api/3/workflow_steps/617a2b49-1640-4847-9ae3-edc3465dd627",
              "sourceStep": "/api/3/workflow_steps/15902c1a-8b8e-4aec-8589-e9145c6670d6"
            },
            {
              "@type": "WorkflowRoute",
              "uuid": "6b2af760-e883-42f8-afb6-3ec0f6ecec43",
              "name": "Set Variables -> Is Local IP",
              "label": null,
              "isExecuted": false,
              "targetStep": "/api/3/workflow_steps/7ed7525b-b2d2-4b25-9c1b-e69007e44bb1",
              "sourceStep": "/api/3/workflow_steps/d06bdbed-3ef2-4815-a315-b069381e6960"
            },
            {
              "@type": "WorkflowRoute",
              "uuid": "263ff710-af6a-4a04-b68f-f88f32f50712",
              "name": "Is Local IP -> Is it a Local IP",
              "label": null,
              "isExecuted": false,
              "targetStep": "/api/3/workflow_steps/8a0e3264-081e-48d1-82e6-58d49a5b03c8",
              "sourceStep": "/api/3/workflow_steps/7ed7525b-b2d2-4b25-9c1b-e69007e44bb1"
            },
            {
              "@type": "WorkflowRoute",
              "uuid": "57301cb6-8e11-4e63-9d97-795a28b35cad",
              "name": "Is it a Local IP -> Create Asset",
              "label": "yes",
              "isExecuted": false,
              "targetStep": "/api/3/workflow_steps/fdc45b63-3d90-4cb4-9b53-ff1a383c86b2",
              "sourceStep": "/api/3/workflow_steps/8a0e3264-081e-48d1-82e6-58d49a5b03c8"
            },
            {
              "@type": "WorkflowRoute",
              "uuid": "771fde4c-f055-4819-bbeb-6c8bb02db14a",
              "name": "Is it a Local IP -> Find Existing Indicators",
              "label": "no",
              "isExecuted": false,
              "targetStep": "/api/3/workflow_steps/1420d503-b9ff-42be-a805-7949e5347a85",
              "sourceStep": "/api/3/workflow_steps/8a0e3264-081e-48d1-82e6-58d49a5b03c8"
            },
            {
              "@type": "WorkflowRoute",
              "uuid": "532ef2eb-559b-4e0b-8add-632598566562",
              "name": "Create Asset -> Find Existing Indicators",
              "label": null,
              "isExecuted": false,
              "targetStep": "/api/3/workflow_steps/1420d503-b9ff-42be-a805-7949e5347a85",
              "sourceStep": "/api/3/workflow_steps/fdc45b63-3d90-4cb4-9b53-ff1a383c86b2"
            },
            {
              "@type": "WorkflowRoute",
              "uuid": "ecffbcb1-2ee2-4ac4-a548-7b27fa7d7c1e",
              "name": "Start -> Set Variables",
              "label": null,
              "isExecuted": false,
              "targetStep": "/api/3/workflow_steps/d06bdbed-3ef2-4815-a315-b069381e6960",
              "sourceStep": "/api/3/workflow_steps/e9d45edd-48c0-424b-854e-49b48929be3a"
            },
            {
              "@type": "WorkflowRoute",
              "uuid": "ca5969dc-bbbb-491f-8353-0c229fb67872",
              "name": "Update Alert Correlation -> Add Manual Remediation Task",
              "label": null,
              "isExecuted": false,
              "targetStep": "/api/3/workflow_steps/20e5797d-7485-4013-84bf-6f8cb12ba347",
              "sourceStep": "/api/3/workflow_steps/1c90ec3a-3bcb-4db0-ac51-4e7c9331a005"
            },
            {
              "@type": "WorkflowRoute",
              "uuid": "7655aeeb-cb33-457c-9256-10bed4c2aba8",
              "name": "Create Incident -> Add Manual Remediation Task",
              "label": null,
              "isExecuted": false,
              "targetStep": "/api/3/workflow_steps/20e5797d-7485-4013-84bf-6f8cb12ba347",
              "sourceStep": "/api/3/workflow_steps/0d77ea31-b97f-498f-8674-b7bd619da082"
            },
            {
              "@type": "WorkflowRoute",
              "uuid": "9da65958-171e-4efc-bae6-67b9a0169315",
              "name": "Existing Indicator -> Get IP Reputation",
              "label": "No",
              "isExecuted": false,
              "targetStep": "/api/3/workflow_steps/3f42fceb-dca3-4942-953d-4f030d892cc6",
              "sourceStep": "/api/3/workflow_steps/412beb6c-fc1a-4d97-9c22-b7d5408afc62"
            },
            {
              "@type": "WorkflowRoute",
              "uuid": "aafd4579-77aa-4557-a927-46fbd7fb7340",
              "name": "Get IP Reputation -> get reputation",
              "label": null,
              "isExecuted": false,
              "targetStep": "/api/3/workflow_steps/5eba5d10-308b-470a-b068-8862b62fdb75",
              "sourceStep": "/api/3/workflow_steps/3f42fceb-dca3-4942-953d-4f030d892cc6"
            }
          ],
          "lastModifyDate": 1588322337,
          "uuid": "3f5dcfc5-5e9d-4668-9a8c-e0a0efca78b0",
          "recordTags": [],
          "isPrivate": false,
          "owners": []
        },
        {
          "@type": "Workflow",
          "triggerLimit": null,
          "name": "FortiSIEM Data Mapping",
          "aliasName": null,
          "description": "Data Mapping for fortisiem",
          "collection": "/api/3/workflow_collections/05974cc4-129b-4412-a2ab-3a67efc6f402",
          "tag": "#Data #FortiSIEM",
          "isActive": true,
          "singleRecordExecution": false,
          "remoteExecutableFlag": false,
          "parameters": [],
          "synchronous": false,
          "triggerStep": "/api/3/workflow_steps/00e55958-f93a-4ff4-8142-d0adfff43bd9",
          "steps": [
            {
              "@type": "WorkflowStep",
              "name": "Update Alert Attributes",
              "description": null,
              "arguments": {
                "resource": {
                  "name": "{{vars.sourcedata.incident.ruleName}}-{{vars.sourcedata.incident.id}}",
                  "type": {
                    "id": 120,
                    "@id": "/api/3/picklists/0cbc2c31-c360-4770-b1e7-3653a8c24ead",
                    "icon": null,
                    "@type": "Picklist",
                    "color": null,
                    "display": "Malware",
                    "listName": "/api/3/picklist_names/a7087b9c-5660-495f-a8ac-c3b198ddb8c2",
                    "itemValue": "Malware",
                    "orderIndex": 6
                  },
                  "status": "{% if vars.sourcedata.incident.resolution == 'Open' %}{{(\"AlertStatus\" | picklist(\"Open\"))[\"@id\"]}}{% endif %}",
                  "severity": "{% if vars.sourcedata.incident.severityCat == 'MEDIUM' %}{{(\"Severity\" | picklist(\"Medium\"))[\"@id\"]}}{% elif vars.sourcedata.incident.severityCat == 'HIGH' %}{{(\"Severity\" | picklist(\"High\"))[\"@id\"]}}{% elif vars.sourcedata.incident.severityCat == 'LOW' %}{{(\"Severity\" | picklist(\"Low\"))[\"@id\"]}}{% endif %}",
                  "sourceId": "{{vars.sourcedata.incident.id}}",
                  "sourceIp": "{{vars.sourcedata.incident.srcIpAddr}}",
                  "userName": "{{vars.sourcedata.incident.sourceUser}}",
                  "assignedTo": "/api/3/people/3451141c-bac6-467c-8d72-85e0fab569ce",
                  "sourceData": "{{vars.sourcedata|toJSON}}",
                  "description": "<p>Description: {{vars.sourcedata.incident.ruleDesc}}</p>\n<p>Incident Category: {{vars.sourcedata.incident.incidentCategory}}</p>\n<p>Source IP: {{vars.sourcedata.incident.srcIpAddr}}</p>\n<p>Destination IP:&nbsp;{{vars.sourcedata.incident.destIpAddr}}</p>\n<p>&nbsp;</p>",
                  "targetAsset": "{{vars.sourcedata.incident.incidentTarget}}",
                  "assigneddate": "{{globalVars.Current_Data}}",
                  "destinationIp": "{{vars.sourcedata.incident.destIpAddr}}",
                  "recipientEmailAddress": "{{vars.sourcedata.incident.user}}@fortisoar.com"
                },
                "_showJson": false,
                "operation": "Overwrite",
                "collection": "{{vars.input.records[0]['@id']}}",
                "collectionType": "/api/3/alerts",
                "fieldOperation": {
                  "recordTags": "Overwrite"
                },
                "step_variables": []
              },
              "status": null,
              "left": "480",
              "top": "207",
              "stepType": "/api/3/workflow_step_types/b593663d-7d13-40ce-a3a3-96dece928722",
              "uuid": "df11290b-99e7-4000-8abb-4fae8c60fbd1"
            },
            {
              "@type": "WorkflowStep",
              "name": "Start",
              "description": null,
              "arguments": {
                "resource": "alerts",
                "resources": [
                  "alerts"
                ],
                "step_variables": {
                  "input": {
                    "records": [
                      "{{vars.input.records[0]}}"
                    ]
                  }
                },
                "fieldbasedtrigger": {
                  "sort": [],
                  "limit": 30,
                  "logic": "AND",
                  "filters": [
                    {
                      "type": "primitive",
                      "field": "source",
                      "value": "%FortiSIEM%",
                      "operator": "like",
                      "_operator": "like"
                    }
                  ]
                }
              },
              "status": null,
              "left": "125",
              "top": "30",
              "stepType": "/api/3/workflow_step_types/ea155646-3821-4542-9702-b246da430a8d",
              "uuid": "00e55958-f93a-4ff4-8142-d0adfff43bd9"
            },
            {
              "@type": "WorkflowStep",
              "name": "Set Source Data",
              "description": null,
              "arguments": {
                "sourcedata": "{{vars.input.records[0].sourceData}}"
              },
              "status": null,
              "left": "291",
              "top": "120",
              "stepType": "/api/3/workflow_step_types/04d0cf46-b6a8-42c4-8683-60a7eaa69e8f",
              "uuid": "604980c4-c3fd-4bff-aa50-4d0ef9d0808c"
            }
          ],
          "routes": [
            {
              "@type": "WorkflowRoute",
              "uuid": "7a52bbbf-f52b-42c8-bab8-c10add10dead",
              "name": "Start -> Sata",
              "label": null,
              "isExecuted": false,
              "targetStep": "/api/3/workflow_steps/604980c4-c3fd-4bff-aa50-4d0ef9d0808c",
              "sourceStep": "/api/3/workflow_steps/00e55958-f93a-4ff4-8142-d0adfff43bd9"
            },
            {
              "@type": "WorkflowRoute",
              "uuid": "a2c16d76-3832-49c7-bf7b-814e4ebcc5ae",
              "name": "Set Source Data -> Update Alert Attributes",
              "label": null,
              "isExecuted": false,
              "targetStep": "/api/3/workflow_steps/df11290b-99e7-4000-8abb-4fae8c60fbd1",
              "sourceStep": "/api/3/workflow_steps/604980c4-c3fd-4bff-aa50-4d0ef9d0808c"
            }
          ],
          "lastModifyDate": 1588322118,
          "uuid": "f5873540-a2ed-48d1-a4cf-a72369606ec7",
          "recordTags": [],
          "isPrivate": false,
          "owners": []
        },
        {
          "@type": "Workflow",
          "triggerLimit": null,
          "name": "Indicator (Type IP) > Get Reputation",
          "aliasName": null,
          "description": "Get Reputation of IP address",
          "collection": "/api/3/workflow_collections/05974cc4-129b-4412-a2ab-3a67efc6f402",
          "tag": "#Subroutine",
          "isActive": true,
          "singleRecordExecution": false,
          "remoteExecutableFlag": false,
          "parameters": [
            "indicator_value"
          ],
          "synchronous": false,
          "triggerStep": "/api/3/workflow_steps/815f8d7f-b216-4c8d-a7de-b0e615bf6ae1",
          "steps": [
            {
              "@type": "WorkflowStep",
              "name": "Is Malicious",
              "description": null,
              "arguments": {
                "conditions": [
                  {
                    "option": "Malicious",
                    "step_iri": "/api/3/workflow_steps/3b23abcf-ad55-4772-b190-3ec55f55f518",
                    "condition": "{{ vars.steps.Get_Reputation_from_VT.data.aggregate >= vars.VT_reputation_threshold }}"
                  },
                  {
                    "option": "No Reputation",
                    "step_iri": "/api/3/workflow_steps/24d15f58-631d-45ff-8d86-eea0f89e2c23",
                    "condition": "{{ vars.steps.Get_Reputation_from_VT.data.aggregate == 0 }}"
                  },
                  {
                    "option": "Safe",
                    "default": true,
                    "step_iri": "/api/3/workflow_steps/b7a13d06-8ced-47d8-8284-bbdf23b0a515"
                  },
                  {
                    "option": "Suspicious",
                    "step_iri": "/api/3/workflow_steps/31b17ead-56bd-4777-9e9f-5d15924fcfab",
                    "condition": "{{ vars.steps.Get_Reputation_from_VT.data.aggregate <= vars.VT_reputation_threshold and vars.steps.Get_Reputation_from_VT.data.aggregate > 0 }}"
                  }
                ]
              },
              "status": null,
              "left": "2075",
              "top": "430",
              "stepType": "/api/3/workflow_step_types/12254cf5-5db7-4b1a-8cb1-3af081924b28",
              "uuid": "56a1b0b3-ae11-443a-a832-46dd691888d3"
            },
            {
              "@type": "WorkflowStep",
              "name": "Compute Anomali Summary",
              "description": null,
              "arguments": {
                "params": {
                  "value": "<p>{% if vars.foundAnomaliReputation %}</p>\n<div class=\"card-container-body\" style=\"width: 250px;\">\n<div class=\"card-number\"><a href=\"https://ui.threatstream.com/detail/hash/{{vars.indicator_value}}\" target=\"_blank\" rel=\"noopener noreferrer\"> <span class=\"card-count\">&nbsp;{{vars.steps.Get_Reputation_from_Anomali.data.objects[0].threatscore}}</span> </a>\n<div class=\"font-size-12\">Severity: {{vars.steps.Get_Reputation_from_Anomali.data.objects[0].meta.severity}}</div>\n<div class=\"font-size-14\"><strong>Anomali ThreatStream</strong></div>\n</div>\n</div>\n<p>{% endif %}</p>\n<p>&nbsp;</p>"
                },
                "version": "2.6.0",
                "connector": "cyops_utilities",
                "operation": "format_richtext",
                "operationTitle": "Utils: Format as RichText",
                "step_variables": []
              },
              "status": null,
              "left": "1750",
              "top": "350",
              "stepType": "/api/3/workflow_step_types/0109f35d-090b-4a2b-bd8a-94cbc3508562",
              "uuid": "0384460f-6c00-43ea-b370-64bf18b1ddd9"
            },
            {
              "@type": "WorkflowStep",
              "name": "Compute AV OTX Summary",
              "description": null,
              "arguments": {
                "params": {
                  "value": "<p>{% if vars.foundAVReutation %}<br /><span style=\"font-size: 11pt;\"><strong>AlienVault OTX Summary</strong></span></p>\n<table style=\"width: 700px; border-color: #ffffff;\" border=\"1\">\n<tbody>\n<tr>\n<td style=\"width: 40px;\"><strong>Tags</strong></td>\n<td style=\"width: 660px;\">{{(vars.steps.Get_Reputation_from_AlienVault_OTX.data.results | json_query(\"[*].tags[]\") | unique | string).replace(\"[\",\"\").replace(\"]\",\"\")}}</td>\n</tr>\n</tbody>\n</table>\n<p>{% endif %}</p>"
                },
                "version": "2.6.0",
                "connector": "cyops_utilities",
                "operation": "format_richtext",
                "operationTitle": "Utils: Format as RichText",
                "step_variables": []
              },
              "status": null,
              "left": "1750",
              "top": "190",
              "stepType": "/api/3/workflow_step_types/0109f35d-090b-4a2b-bd8a-94cbc3508562",
              "uuid": "14d8dd6c-be2c-46ea-bcee-f5f88fe757da"
            },
            {
              "@type": "WorkflowStep",
              "name": "Compute Whois Summary",
              "description": null,
              "arguments": {
                "params": {
                  "value": "<p class=\"p1\">{% if vars.foundWhoIsReputation %}<br /><span style=\"font-size: 11pt;\"><strong>Whois Summary</strong></span></p>\n<table style=\"width: 700px;\" border=\"\\&quot;1\\&quot;\">\n<tbody>\n<tr>\n<td style=\"width: 100px;\"><strong>asn_country_code</strong></td>\n<td style=\"width: 600px;\">{{vars.steps.Whois_IP.data['asn_country_code']}}</td>\n</tr>\n<tr>\n<th style=\"width: 100px;\">entities</th>\n<td style=\"width: 600px;\">{% for value in vars.steps.Whois_IP.data.entities %} {{value}}<br />{%endfor%}</td>\n</tr>\n<tr>\n<th style=\"width: 100px;\">asn</th>\n<td style=\"width: 600px;\">{{vars.steps.Whois_IP.data.asn}}</td>\n</tr>\n<tr>\n<th style=\"width: 100px;\">asn_date</th>\n<td style=\"width: 600px;\">{{vars.steps.Whois_IP.data['asn_date']}}</td>\n</tr>\n<tr>\n<th style=\"width: 100px;\">asn_description</th>\n<td style=\"width: 600px;\">{{vars.steps.Whois_IP.data['asn_description']}}</td>\n</tr>\n<tr>\n<th style=\"width: 100px;\">asn_cidr</th>\n<td style=\"width: 600px;\">{{vars.steps.Whois_IP.data['asn_cidr']}}</td>\n</tr>\n<tr>\n<th style=\"width: 100px;\">objects</th>\n<td style=\"width: 600px;\">roles: {% for value in vars.steps.Whois_IP.data.objects[0].roles %} {{value}}&nbsp;<br />{%endfor%}</td>\n</tr>\n<tr>\n<th style=\"width: 150px;\">entities</th>\n<td style=\"width: 600px;\">{% for value in vars.steps.Whois_IP.data.entities %} {{value}} {%endfor%}</td>\n</tr>\n</tbody>\n</table>\n<p><br />{% endif %}</p>"
                },
                "version": "2.6.0",
                "connector": "cyops_utilities",
                "operation": "format_richtext",
                "operationTitle": "Utils: Format as RichText",
                "step_variables": []
              },
              "status": null,
              "left": "1750",
              "top": "705",
              "stepType": "/api/3/workflow_step_types/0109f35d-090b-4a2b-bd8a-94cbc3508562",
              "uuid": "ce9363c5-b553-46c4-8991-b6c5649a0e33"
            },
            {
              "@type": "WorkflowStep",
              "name": "Compute VT Summary",
              "description": null,
              "arguments": {
                "params": {
                  "value": "<div class=\"card-container-body\" style=\"width: 200px;\">\n<div class=\"card-number\"><a href=\"https://www.virustotal.com/#/ip-address/{{vars.record.value}}\" target=\"_blank\" rel=\"noopener noreferrer\"> <span class=\"card-count\">{{vars.steps.Get_Reputation_from_VT.data.aggregate}}</span> </a>\n<div class=\"font-size-12 ng-binding\">Detected URLs: {{vars.steps.Get_Reputation_from_VT.data['detected_urls'] | length}}</div>\n<div class=\"font-size-14 ng-binding\"><strong>VirusTotal</strong></div>\n</div>\n</div>\n<p>&nbsp;</p>"
                },
                "version": "2.6.0",
                "connector": "cyops_utilities",
                "operation": "format_richtext",
                "operationTitle": "Utils: Format as RichText",
                "step_variables": []
              },
              "status": null,
              "left": "1750",
              "top": "30",
              "stepType": "/api/3/workflow_step_types/0109f35d-090b-4a2b-bd8a-94cbc3508562",
              "uuid": "3845fb6a-4159-43f8-b2bd-170b84c414b1"
            },
            {
              "@type": "WorkflowStep",
              "name": "Configuration",
              "description": null,
              "arguments": {
                "record": "{{vars.input.params['indicator_value'] | ternary(vars.input.params['indicator_value'],vars.input.records[0].value) }}",
                "googleMapAPIkey": "AIzaSyDy4tlleelMlMRB-HuBbgxeBMrfUJQF2ZE",
                "foundIPMxReputation": "false",
                "foundAnomaliReputation": "false",
                "foundIpStackReputation": "false",
                "VT_reputation_threshold": "5"
              },
              "status": null,
              "left": "1100",
              "top": "395",
              "stepType": "/api/3/workflow_step_types/04d0cf46-b6a8-42c4-8683-60a7eaa69e8f",
              "uuid": "ff2bc745-a8a6-42a0-b6fa-5cbe4277c8bf"
            },
            {
              "@type": "WorkflowStep",
              "name": "Geo Locate IP",
              "description": null,
              "arguments": {
                "name": "IPStack",
                "config": "0022176c-57c0-4120-a8d2-ac03990bc318",
                "params": {
                  "query": "{{vars.record}}",
                  "fields": "",
                  "enable_hostname": false,
                  "enable_security": false
                },
                "version": "1.0.0",
                "connector": "ipstack",
                "operation": "ip_locate",
                "ignore_errors": true,
                "operationTitle": "Geolocate IP",
                "step_variables": {
                  "foundIpStackReputation": "{{ ( vars.result.data and (vars.result.data | length > 0) ) | ternary(true,false) }}"
                }
              },
              "status": null,
              "left": "1425",
              "top": "545",
              "stepType": "/api/3/workflow_step_types/0bfed618-0316-11e7-93ae-92361f002671",
              "uuid": "e4260b73-7c2a-49f2-af40-fab9c936dc2f"
            },
            {
              "@type": "WorkflowStep",
              "name": "Get Reputation from VT",
              "description": null,
              "arguments": {
                "name": "VirusTotal",
                "config": "1ba6a7ef-304a-4f78-855d-70b09bcd0b0a",
                "params": {
                  "ip": "{{vars.record}}"
                },
                "version": "1.0.1",
                "connector": "virustotal",
                "operation": "query_ip",
                "operationTitle": "Get IP Reputation",
                "step_variables": [],
                "operationOutput": {
                  "scans": [],
                  "total": "",
                  "scan_id": "",
                  "resource": "",
                  "aggregate": "",
                  "permalink": "",
                  "positives": "",
                  "scan_date": "",
                  "verbose_msg": ""
                }
              },
              "status": null,
              "left": "1425",
              "top": "30",
              "stepType": "/api/3/workflow_step_types/0bfed618-0316-11e7-93ae-92361f002671",
              "uuid": "6fe6d8a1-f9ca-4ff3-8bc2-0b178c8d7722"
            },
            {
              "@type": "WorkflowStep",
              "name": "Get Reputation from AlienVault OTX",
              "description": null,
              "arguments": {
                "name": "AlienVault-OTX",
                "config": "3d96900a-f870-4ac6-94d0-00865dbaf86f",
                "params": {
                  "page": 1,
                  "limit": 5,
                  "user_text": "{{vars.record}}"
                },
                "version": "1.0.0",
                "connector": "alienvault-otx",
                "operation": "search_pulses",
                "ignore_errors": true,
                "operationTitle": "Search Pulses",
                "step_variables": {
                  "foundAVReutation": "{{ ( vars.result.data.results and vars.result.data.results | length > 0 ) | ternary(true,false) }}"
                }
              },
              "status": null,
              "left": "1425",
              "top": "190",
              "stepType": "/api/3/workflow_step_types/0bfed618-0316-11e7-93ae-92361f002671",
              "uuid": "c8b8ff51-6844-4a47-80b0-0016de677cbe"
            },
            {
              "@type": "WorkflowStep",
              "name": "Compute IP Stack Summary",
              "description": null,
              "arguments": {
                "params": {
                  "value": "<p><span style=\"font-size: 11pt;\"><strong>{% if vars.foundIpStackReputation%}</strong></span></p>\n<p><span style=\"font-size: 11pt;\"><strong>Location&nbsp;Summary:</strong></span></p>\n<table style=\"width: 700px;\" border=\"1px\">\n<tbody>\n<tr style=\"height: 16px;\">\n<td style=\"border: 1px solid white; text-align: left; width: 100px; height: 16px;\"><span style=\"font-size: 10pt;\">Country</span></td>\n<td style=\"border: 1px solid white; text-align: left; width: 600px; height: 16px;\"><span style=\"font-size: 10pt;\">{{vars.steps.Geo_Locate_IP.data[0]['country_name']}}</span></td>\n</tr>\n<tr style=\"height: 16px;\">\n<td style=\"border: 1px solid white; text-align: left; width: 100px; height: 16px;\"><span style=\"font-size: 10pt;\">City</span></td>\n<td style=\"border: 1px solid white; text-align: left; width: 600px; height: 16px;\"><span style=\"font-size: 10pt;\">{{vars.steps.Geo_Locate_IP.data[0].city}}</span></td>\n</tr>\n<tr style=\"height: 16px;\">\n<td style=\"border: 1px solid white; text-align: left; width: 100px; height: 16.9034px;\"><span style=\"font-size: 10pt;\">Latitude</span></td>\n<td style=\"border: 1px solid white; text-align: left; width: 600px; height: 16.9034px;\"><span style=\"font-size: 10pt;\">{{vars.steps.Geo_Locate_IP.data[0].latitude}}</span></td>\n</tr>\n<tr style=\"height: 16px;\">\n<td style=\"border: 1px solid white; text-align: left; width: 100px; height: 16px;\"><span style=\"font-size: 10pt;\">Longitude</span></td>\n<td style=\"border: 1px solid white; text-align: left; width: 600px; height: 16.9034px;\"><span style=\"font-size: 11pt;\">{{vars.steps.Geo_Locate_IP.data[0].longitude}}</span></td>\n</tr>\n</tbody>\n</table>\n<p>&nbsp;</p>\n<p><span style=\"font-size: 11pt;\"><strong>Location Map:</strong></span></p>\n<p><span style=\"font-size: 11pt;\"><strong><img src=\"https://maps.googleapis.com/maps/api/staticmap?key={{vars.googleMapAPIkey}}&amp;center={{vars.steps.Geo_Locate_IP.data[0]['country_name']}}&amp;zoom=12&amp;format=png&amp;maptype=roadmap&amp;style=element:geometry%7Ccolor:0x242f3e&amp;style=element:labels.text.fill%7Ccolor:0x746855&amp;style=element:labels.text.stroke%7Ccolor:0x242f3e&amp;style=feature:administrative.locality%7Celement:labels.text.fill%7Ccolor:0xd59563&amp;style=feature:poi%7Celement:labels.text.fill%7Ccolor:0xd59563&amp;style=feature:poi.park%7Celement:geometry%7Ccolor:0x263c3f&amp;style=feature:poi.park%7Celement:labels.text.fill%7Ccolor:0x6b9a76&amp;style=feature:road%7Celement:geometry%7Ccolor:0x38414e&amp;style=feature:road%7Celement:geometry.stroke%7Ccolor:0x212a37&amp;style=feature:road%7Celement:labels.text.fill%7Ccolor:0x9ca5b3&amp;style=feature:road.highway%7Celement:geometry%7Ccolor:0x746855&amp;style=feature:road.highway%7Celement:geometry.stroke%7Ccolor:0x1f2835&amp;style=feature:road.highway%7Celement:labels.text.fill%7Ccolor:0xf3d19c&amp;style=feature:transit%7Celement:geometry%7Ccolor:0x2f3948&amp;style=feature:transit.station%7Celement:labels.text.fill%7Ccolor:0xd59563&amp;style=feature:water%7Celement:geometry%7Ccolor:0x17263c&amp;style=feature:water%7Celement:labels.text.fill%7Ccolor:0x515c6d&amp;style=feature:water%7Celement:labels.text.stroke%7Ccolor:0x17263c&amp;size=600x300&amp;markers=size:mid%7Ccolor:0xff0000%7Clabel:%7C{{vars.steps.Geo_Locate_IP.data[0]['country_name']}}\" alt=\"\" width=\"700\" height=\"350\" /></strong></span></p>\n<p><span style=\"font-size: 10pt;\"><strong>{% endif %}</strong></span></p>"
                },
                "version": "2.6.0",
                "connector": "cyops_utilities",
                "operation": "format_richtext",
                "operationTitle": "Utils: Format as RichText",
                "step_variables": []
              },
              "status": null,
              "left": "1750",
              "top": "545",
              "stepType": "/api/3/workflow_step_types/0109f35d-090b-4a2b-bd8a-94cbc3508562",
              "uuid": "7ec00097-51dd-4881-a734-506548e7ba40"
            },
            {
              "@type": "WorkflowStep",
              "name": "Get Reputation from Anomali",
              "description": null,
              "arguments": {
                "name": "Anomali ThreatStream",
                "config": "8827ae00-b86a-4ed4-aa2c-deae42b1d993",
                "params": {
                  "value": "{{vars.record}}",
                  "validation": false,
                  "filter_option": "Exact",
                  "record_number": "Fetch All Records"
                },
                "version": "2.0.0",
                "connector": "threatstream",
                "operation": "ip_reputation",
                "ignore_errors": true,
                "operationTitle": "Get IP Reputation",
                "step_variables": {
                  "foundAnomaliReputation": "{{ ( vars.result.data.objects and vars.result.data.objects | length > 0 ) | ternary(true,false) }}"
                }
              },
              "status": null,
              "left": "1425",
              "top": "350",
              "stepType": "/api/3/workflow_step_types/0bfed618-0316-11e7-93ae-92361f002671",
              "uuid": "0a91b9a0-7102-43d9-a9fb-cecc8d42129b"
            },
            {
              "@type": "WorkflowStep",
              "name": "Whois IP",
              "description": null,
              "arguments": {
                "name": "Whois RDAP",
                "config": "5f97d024-1ef2-4b73-b639-a2ec235f490d",
                "params": {
                  "ip": "{{vars.record}}"
                },
                "version": "1.0.0",
                "connector": "whois-rdap",
                "operation": "whois_ip",
                "ignore_errors": true,
                "operationTitle": "Whois IP",
                "step_variables": {
                  "foundWhoIsReputation": "{{ ( vars.result.data.asn_country_code and vars.result.data.asn_country_code | length > 0 ) | ternary(true,false) }}"
                }
              },
              "status": null,
              "left": "1425",
              "top": "705",
              "stepType": "/api/3/workflow_step_types/0bfed618-0316-11e7-93ae-92361f002671",
              "uuid": "5e1ced23-4352-4e9a-9ce6-1897adb1e1da"
            },
            {
              "@type": "WorkflowStep",
              "name": "Get Reputation from MxToolbox",
              "description": null,
              "arguments": {
                "name": "MxToolbox",
                "config": "aa41f424-4472-4f04-aeec-0a17d6df45f8",
                "params": {
                  "value": "{{vars.record}}",
                  "object": "blacklist",
                  "api_method": "Lookup"
                },
                "version": "1.0.0",
                "connector": "mxtoolbox",
                "operation": "api_call",
                "ignore_errors": true,
                "operationTitle": "Get MxToolbox Records",
                "step_variables": {
                  "foundIPMxReputation": "{{ ( vars.result.data and (vars.result.data | length > 0) ) | ternary(true,false) }}"
                }
              },
              "status": null,
              "left": "1425",
              "top": "865",
              "stepType": "/api/3/workflow_step_types/0bfed618-0316-11e7-93ae-92361f002671",
              "uuid": "827e9c0c-56e3-437d-b608-362ae12fb7a6"
            },
            {
              "@type": "WorkflowStep",
              "name": "Compute MxToolbox Summary",
              "description": null,
              "arguments": {
                "params": {
                  "value": "<p>{% if vars.foundIPMxReputation %}</p>\n<div class=\"card-container-body\" style=\"width: 200px;\">\n<div class=\"card-number \" style=\"font-size: 50px; font-weight: normal;\"><span class=\"card-count\">{{vars.steps.Get_Reputation_from_MxToolbox.data.result.MxRep}}</span>\n<div class=\"font-size-12 ng-binding\">{% if vars.steps.Get_Reputation_from_MxToolbox.data.result.MxRep == 100 %}Not blacklisted{%else%}Blacklisted{%endif%}</div>\n<div class=\"font-size-14 ng-binding\"><strong>MxToolbox</strong></div>\n</div>\n</div>\n<p>{% endif %}&nbsp;</p>"
                },
                "version": "2.7.0",
                "connector": "cyops_utilities",
                "operation": "format_richtext",
                "ignore_errors": true,
                "operationTitle": "Utils: Format as RichText",
                "step_variables": []
              },
              "status": null,
              "left": "1750",
              "top": "865",
              "stepType": "/api/3/workflow_step_types/0109f35d-090b-4a2b-bd8a-94cbc3508562",
              "uuid": "b3c93655-d460-4d99-aea7-433b90f5e96a"
            },
            {
              "@type": "WorkflowStep",
              "name": "Set Malicious",
              "description": null,
              "arguments": {
                "Reputation_Type_IRI": "{{(\"IndicatorReputation\" | picklist(\"Malicious\"))[\"@id\"]}}",
                "Reputation_Type_Text": "Malicious"
              },
              "status": null,
              "left": "2400",
              "top": "155",
              "stepType": "/api/3/workflow_step_types/04d0cf46-b6a8-42c4-8683-60a7eaa69e8f",
              "uuid": "3b23abcf-ad55-4772-b190-3ec55f55f518"
            },
            {
              "@type": "WorkflowStep",
              "name": "Set Good",
              "description": null,
              "arguments": {
                "Reputation_Type_IRI": "{{(\"IndicatorReputation\" | picklist(\"Good\"))[\"@id\"]}}",
                "Reputation_Type_Text": "Good"
              },
              "status": null,
              "left": "2400",
              "top": "315",
              "stepType": "/api/3/workflow_step_types/04d0cf46-b6a8-42c4-8683-60a7eaa69e8f",
              "uuid": "b7a13d06-8ced-47d8-8284-bbdf23b0a515"
            },
            {
              "@type": "WorkflowStep",
              "name": "Set No Reputation",
              "description": null,
              "arguments": {
                "Reputation_Type_IRI": "{{(\"IndicatorReputation\" | picklist(\"No Reputation Available\"))[\"@id\"]}}",
                "Reputation_Type_Text": "No Reputation Available"
              },
              "status": null,
              "left": "2400",
              "top": "635",
              "stepType": "/api/3/workflow_step_types/04d0cf46-b6a8-42c4-8683-60a7eaa69e8f",
              "uuid": "24d15f58-631d-45ff-8d86-eea0f89e2c23"
            },
            {
              "@type": "WorkflowStep",
              "name": "Enrichment Summary",
              "description": null,
              "arguments": {
                "params": {
                  "value": "<p>{% if vars.steps.Match_IP_in_Internal_Subnets.data['ip_matched'] %}</p>\n<p>{{vars.steps.Compute_Private_IP_Summary.data['formatted_string']}}</p>\n<p>{% else %}</p>\n<p>&nbsp;</p>\n<p>{{vars.steps.Compute_VT_Summary.data['formatted_string']}}</p>\n<p>{{vars.steps.Compute_AV_OTX_Summary.data['formatted_string']}}</p>\n<p>{{vars.steps.Compute_Anomali_Summary.data['formatted_string']}}</p>\n<p>{{vars.steps.Compute_IP_Stack_Summary.data['formatted_string']}}</p>\n<p>{{vars.steps.Compute_Whois_Summary.data['formatted_string']}}</p>\n<p>{{vars.steps.Compute_MxToolbox_Summary.data['formatted_string']}}</p>\n<p>{% endif %}</p>"
                },
                "version": "2.7.0",
                "connector": "cyops_utilities",
                "operation": "format_richtext",
                "operationTitle": "Utils: Format as RichText",
                "step_variables": []
              },
              "status": null,
              "left": "2725",
              "top": "510",
              "stepType": "/api/3/workflow_step_types/0109f35d-090b-4a2b-bd8a-94cbc3508562",
              "uuid": "92be72ca-31b3-4171-ad33-686d6e74fd2b"
            },
            {
              "@type": "WorkflowStep",
              "name": "Summary",
              "description": null,
              "arguments": {
                "reputation": "{{vars.Reputation_Type_Text}}",
                "reputation_iri": "{{vars.Reputation_Type_IRI}}",
                "enrichment_summary": "{{vars.steps.Enrichment_Summary.data['formatted_string']}}"
              },
              "status": null,
              "left": "3375",
              "top": "430",
              "stepType": "/api/3/workflow_step_types/04d0cf46-b6a8-42c4-8683-60a7eaa69e8f",
              "uuid": "acb33590-0f41-493c-942e-a3868d4f737c"
            },
            {
              "@type": "WorkflowStep",
              "name": "Is IP Private",
              "description": null,
              "arguments": {
                "conditions": [
                  {
                    "option": "Public IP",
                    "default": true,
                    "step_iri": "/api/3/workflow_steps/ff2bc745-a8a6-42a0-b6fa-5cbe4277c8bf"
                  },
                  {
                    "option": "Private IP",
                    "step_iri": "/api/3/workflow_steps/b3f939ad-5efa-44ed-a90b-a1f5d102b270",
                    "condition": "{{ vars.steps.Match_IP_in_Internal_Subnets.data['matched_cidr_ip'] | length > 0 }}"
                  }
                ]
              },
              "status": null,
              "left": "775",
              "top": "715",
              "stepType": "/api/3/workflow_step_types/12254cf5-5db7-4b1a-8cb1-3af081924b28",
              "uuid": "fca9b004-b103-40a1-a925-b7514f25fc57"
            },
            {
              "@type": "WorkflowStep",
              "name": "Match IP in Internal Subnets",
              "description": null,
              "arguments": {
                "params": {
                  "cidr": "['10.0.0.0/8','172.16.0.0/12','192.168.0.0/16']",
                  "ip_address": "{{vars.input.params['indicator_value'] | ternary(vars.input.params['indicator_value'],vars.input.records[0].value) }}"
                },
                "version": "2.7.0",
                "connector": "cyops_utilities",
                "operation": "ip_cidr_check",
                "operationTitle": "Utils: Is IP in CIDR",
                "step_variables": []
              },
              "status": null,
              "left": "450",
              "top": "715",
              "stepType": "/api/3/workflow_step_types/0109f35d-090b-4a2b-bd8a-94cbc3508562",
              "uuid": "8ac40443-4f65-4ebc-b61b-de4412c15071"
            },
            {
              "@type": "WorkflowStep",
              "name": "Set Suspicious",
              "description": null,
              "arguments": {
                "Reputation_Type_IRI": "{{(\"IndicatorReputation\" | picklist(\"Suspicious\"))[\"@id\"]}}",
                "Reputation_Type_Text": "Suspicious"
              },
              "status": null,
              "left": "2400",
              "top": "795",
              "stepType": "/api/3/workflow_step_types/04d0cf46-b6a8-42c4-8683-60a7eaa69e8f",
              "uuid": "31b17ead-56bd-4777-9e9f-5d15924fcfab"
            },
            {
              "@type": "WorkflowStep",
              "name": "Start",
              "description": "Indicator reputation is set as 'TBD' by 'Create and Link Indicator' utility playbook. We can ignore those indicators when triggering this PB",
              "arguments": {
                "resource": "indicators",
                "resources": [
                  "indicators"
                ],
                "step_variables": {
                  "input": {
                    "params": {
                      "indicator_value": "{{ vars.indicator_value }}"
                    },
                    "records": [
                      "{{vars.input.records[0]}}"
                    ]
                  }
                },
                "fieldbasedtrigger": {
                  "sort": [],
                  "limit": 30,
                  "logic": "AND",
                  "filters": [
                    {
                      "type": "object",
                      "field": "typeofindicator",
                      "value": "/api/3/picklists/c0beeda4-2c7a-4214-b7e5-53ba1649539c",
                      "_value": {
                        "itemValue": "IP Address"
                      },
                      "operator": "eq"
                    },
                    {
                      "type": "object",
                      "field": "indicatorStatus",
                      "value": "/api/3/picklists/4218cb58-4de5-4eff-ad08-185d36ef9bab",
                      "_value": {
                        "itemValue": "Whitelisted"
                      },
                      "operator": "neq"
                    },
                    {
                      "type": "object",
                      "field": "reputation",
                      "value": "/api/3/picklists/ae98ebc6-beef-4882-9980-1d88fc6d87cd",
                      "_value": {
                        "itemValue": "TBD"
                      },
                      "operator": "neq"
                    }
                  ]
                }
              },
              "status": null,
              "left": "125",
              "top": "715",
              "stepType": "/api/3/workflow_step_types/ea155646-3821-4542-9702-b246da430a8d",
              "uuid": "815f8d7f-b216-4c8d-a7de-b0e615bf6ae1"
            },
            {
              "@type": "WorkflowStep",
              "name": "Is Referenced",
              "description": null,
              "arguments": {
                "conditions": [
                  {
                    "option": "Referenced",
                    "step_iri": "/api/3/workflow_steps/acb33590-0f41-493c-942e-a3868d4f737c",
                    "condition": "{{ vars.input.params['indicator_value'] | length > 0 }}"
                  },
                  {
                    "option": "Upon Create",
                    "default": true,
                    "step_iri": "/api/3/workflow_steps/2fd42208-e61e-4062-a5fa-43182a9c536f"
                  }
                ]
              },
              "status": null,
              "left": "3050",
              "top": "510",
              "stepType": "/api/3/workflow_step_types/12254cf5-5db7-4b1a-8cb1-3af081924b28",
              "uuid": "30e3af9f-b184-4b26-be79-ae0672e23319"
            },
            {
              "@type": "WorkflowStep",
              "name": "Update Record",
              "description": null,
              "arguments": {
                "resource": {
                  "reputation": "{{vars.Reputation_Type_IRI}}",
                  "description": "<h6><strong>{{vars.steps.Enrichment_Summary.data['formatted_string']}}</strong></h6>\n<h6><strong>{% if \"Malicious\" in vars.result.Reputation_Type_Text %} Seems </strong><span style=\"color: red;\">{{vars.result.Reputation_Type_Text}}</span></h6>\n<h6><strong>{% elif \"Good\" in vars.result.Reputation_Type_Text %} Seems </strong><span style=\"color: green;\">{{vars.result.Reputation_Type_Text}}</span></h6>\n<h6><strong>{% elif \"No Reputation Available\" in vars.result.Reputation_Type_Text %} Seems </strong>{{vars.result.Reputation_Type_Text}}</h6>\n<h6><strong>{%endif%}</strong></h6>"
                },
                "_showJson": false,
                "operation": "Overwrite",
                "collection": "{{vars.input.records[0]['@id']}}",
                "collectionType": "/api/3/indicators",
                "fieldOperation": {
                  "recordTags": "Overwrite"
                },
                "step_variables": []
              },
              "status": null,
              "left": "3375",
              "top": "590",
              "stepType": "/api/3/workflow_step_types/b593663d-7d13-40ce-a3a3-96dece928722",
              "uuid": "2fd42208-e61e-4062-a5fa-43182a9c536f"
            },
            {
              "@type": "WorkflowStep",
              "name": "Compute Private IP Summary",
              "description": null,
              "arguments": {
                "params": {
                  "value": "<div class=\"card-container-body\" style=\"width: 200px;\">\n<div class=\"card-number\"><span class=\"card-count\">0</span>\n<div class=\"font-size-12 ng-binding\">hostname: not-available</div>\n<div class=\"font-size-14 ng-binding\"><strong>Internal IP</strong></div>\n</div>\n</div>"
                },
                "version": "2.7.0",
                "connector": "cyops_utilities",
                "operation": "format_richtext",
                "operationTitle": "Utils: Format as RichText",
                "step_variables": []
              },
              "status": null,
              "left": "1426",
              "top": "960",
              "stepType": "/api/3/workflow_step_types/0109f35d-090b-4a2b-bd8a-94cbc3508562",
              "uuid": "b3f939ad-5efa-44ed-a90b-a1f5d102b270"
            },
            {
              "@type": "WorkflowStep",
              "name": "Set No Reputation for Private IP",
              "description": null,
              "arguments": {
                "Reputation_Type_IRI": "{{(\"IndicatorReputation\" | picklist(\"No Reputation Available\"))[\"@id\"]}}",
                "Reputation_Type_Text": "No Reputation Available"
              },
              "status": null,
              "left": "1754",
              "top": "960",
              "stepType": "/api/3/workflow_step_types/04d0cf46-b6a8-42c4-8683-60a7eaa69e8f",
              "uuid": "fc97647b-2ad7-479e-98d3-fa09e687b81c"
            }
          ],
          "routes": [
            {
              "@type": "WorkflowRoute",
              "uuid": "6f08d8a0-930e-4df6-9a31-369b9f692ebd",
              "name": "Get Reputation from AlienVault OTX -> Copy  of Compute VT Summary",
              "label": null,
              "isExecuted": false,
              "targetStep": "/api/3/workflow_steps/14d8dd6c-be2c-46ea-bcee-f5f88fe757da",
              "sourceStep": "/api/3/workflow_steps/c8b8ff51-6844-4a47-80b0-0016de677cbe"
            },
            {
              "@type": "WorkflowRoute",
              "uuid": "2e7c8c31-e5bf-457f-b17e-c716b3125933",
              "name": "Whois IP -> Compute Whois Summary",
              "label": null,
              "isExecuted": false,
              "targetStep": "/api/3/workflow_steps/ce9363c5-b553-46c4-8991-b6c5649a0e33",
              "sourceStep": "/api/3/workflow_steps/5e1ced23-4352-4e9a-9ce6-1897adb1e1da"
            },
            {
              "@type": "WorkflowRoute",
              "uuid": "2490f437-9c29-49ca-8dbe-d9ba50db48d8",
              "name": "ip -> Compute IP Stack Summary",
              "label": null,
              "isExecuted": false,
              "targetStep": "/api/3/workflow_steps/7ec00097-51dd-4881-a734-506548e7ba40",
              "sourceStep": "/api/3/workflow_steps/e4260b73-7c2a-49f2-af40-fab9c936dc2f"
            },
            {
              "@type": "WorkflowRoute",
              "uuid": "446aef40-7c0f-4626-82ce-fa470d323367",
              "name": "Get Reputation from Anomali -> Compute Anomali Summary",
              "label": null,
              "isExecuted": false,
              "targetStep": "/api/3/workflow_steps/0384460f-6c00-43ea-b370-64bf18b1ddd9",
              "sourceStep": "/api/3/workflow_steps/0a91b9a0-7102-43d9-a9fb-cecc8d42129b"
            },
            {
              "@type": "WorkflowRoute",
              "uuid": "07dddaa4-8c91-4405-92ae-adc8e0fb413d",
              "name": "Get File Reputation -> Compute VT Summary",
              "label": null,
              "isExecuted": false,
              "targetStep": "/api/3/workflow_steps/3845fb6a-4159-43f8-b2bd-170b84c414b1",
              "sourceStep": "/api/3/workflow_steps/6fe6d8a1-f9ca-4ff3-8bc2-0b178c8d7722"
            },
            {
              "@type": "WorkflowRoute",
              "uuid": "c972c190-3bbd-4730-8b7c-8b869f7cace6",
              "name": "Get Reputation from MxToolbox -> Compute MxToolbox Summary",
              "label": null,
              "isExecuted": false,
              "targetStep": "/api/3/workflow_steps/b3c93655-d460-4d99-aea7-433b90f5e96a",
              "sourceStep": "/api/3/workflow_steps/827e9c0c-56e3-437d-b608-362ae12fb7a6"
            },
            {
              "@type": "WorkflowRoute",
              "uuid": "8a0b44a5-85b7-4881-83e0-a3651b245ce9",
              "name": "Compute VT Summary -> Is Malicious",
              "label": null,
              "isExecuted": false,
              "targetStep": "/api/3/workflow_steps/56a1b0b3-ae11-443a-a832-46dd691888d3",
              "sourceStep": "/api/3/workflow_steps/3845fb6a-4159-43f8-b2bd-170b84c414b1"
            },
            {
              "@type": "WorkflowRoute",
              "uuid": "ebbeaefa-a5f5-41c0-8e2d-debd1bf04673",
              "name": "Compute AV OTX Summary -> Is Malicious",
              "label": null,
              "isExecuted": false,
              "targetStep": "/api/3/workflow_steps/56a1b0b3-ae11-443a-a832-46dd691888d3",
              "sourceStep": "/api/3/workflow_steps/14d8dd6c-be2c-46ea-bcee-f5f88fe757da"
            },
            {
              "@type": "WorkflowRoute",
              "uuid": "bf99922e-daae-4230-8dba-0a1807c3b8ab",
              "name": "Compute Anomali Summary -> Is Malicious",
              "label": null,
              "isExecuted": false,
              "targetStep": "/api/3/workflow_steps/56a1b0b3-ae11-443a-a832-46dd691888d3",
              "sourceStep": "/api/3/workflow_steps/0384460f-6c00-43ea-b370-64bf18b1ddd9"
            },
            {
              "@type": "WorkflowRoute",
              "uuid": "7247ad0a-0c27-4227-a506-463fb96752c5",
              "name": "Compute IP Stack Summary -> Is Malicious",
              "label": null,
              "isExecuted": false,
              "targetStep": "/api/3/workflow_steps/56a1b0b3-ae11-443a-a832-46dd691888d3",
              "sourceStep": "/api/3/workflow_steps/7ec00097-51dd-4881-a734-506548e7ba40"
            },
            {
              "@type": "WorkflowRoute",
              "uuid": "4103e45a-9c33-4751-919c-6023628fe4c3",
              "name": "Compute Whois Summary -> Is Malicious",
              "label": null,
              "isExecuted": false,
              "targetStep": "/api/3/workflow_steps/56a1b0b3-ae11-443a-a832-46dd691888d3",
              "sourceStep": "/api/3/workflow_steps/ce9363c5-b553-46c4-8991-b6c5649a0e33"
            },
            {
              "@type": "WorkflowRoute",
              "uuid": "6192cbd1-40c6-4132-968c-78a804dd4f18",
              "name": "Compute MxToolbox Summary -> Is Malicious",
              "label": null,
              "isExecuted": false,
              "targetStep": "/api/3/workflow_steps/56a1b0b3-ae11-443a-a832-46dd691888d3",
              "sourceStep": "/api/3/workflow_steps/b3c93655-d460-4d99-aea7-433b90f5e96a"
            },
            {
              "@type": "WorkflowRoute",
              "uuid": "0f623ab8-39d2-4abd-8313-228717cab431",
              "name": "Is Malicious -> Malicious IRI",
              "label": "Malicious",
              "isExecuted": false,
              "targetStep": "/api/3/workflow_steps/3b23abcf-ad55-4772-b190-3ec55f55f518",
              "sourceStep": "/api/3/workflow_steps/56a1b0b3-ae11-443a-a832-46dd691888d3"
            },
            {
              "@type": "WorkflowRoute",
              "uuid": "9fb94c79-b317-4991-b049-2a10c471b163",
              "name": "Is Malicious -> Good IRI",
              "label": "Safe",
              "isExecuted": false,
              "targetStep": "/api/3/workflow_steps/b7a13d06-8ced-47d8-8284-bbdf23b0a515",
              "sourceStep": "/api/3/workflow_steps/56a1b0b3-ae11-443a-a832-46dd691888d3"
            },
            {
              "@type": "WorkflowRoute",
              "uuid": "336bb5e9-26c5-4119-8cc9-a056ab988219",
              "name": "Is Malicious -> No Reputation IRI",
              "label": "No Reputation",
              "isExecuted": false,
              "targetStep": "/api/3/workflow_steps/24d15f58-631d-45ff-8d86-eea0f89e2c23",
              "sourceStep": "/api/3/workflow_steps/56a1b0b3-ae11-443a-a832-46dd691888d3"
            },
            {
              "@type": "WorkflowRoute",
              "uuid": "ae544218-972e-4a4a-8a13-c697ee722c54",
              "name": "Set Malicious -> Combined Summary",
              "label": null,
              "isExecuted": false,
              "targetStep": "/api/3/workflow_steps/92be72ca-31b3-4171-ad33-686d6e74fd2b",
              "sourceStep": "/api/3/workflow_steps/3b23abcf-ad55-4772-b190-3ec55f55f518"
            },
            {
              "@type": "WorkflowRoute",
              "uuid": "9999683f-f6f2-4d10-a3f4-267d2c36c67b",
              "name": "Set Good -> Combined Summary",
              "label": null,
              "isExecuted": false,
              "targetStep": "/api/3/workflow_steps/92be72ca-31b3-4171-ad33-686d6e74fd2b",
              "sourceStep": "/api/3/workflow_steps/b7a13d06-8ced-47d8-8284-bbdf23b0a515"
            },
            {
              "@type": "WorkflowRoute",
              "uuid": "59302b2a-db1d-42bf-ae37-f742b4694f27",
              "name": "Set No Reputation -> Combined Summary",
              "label": null,
              "isExecuted": false,
              "targetStep": "/api/3/workflow_steps/92be72ca-31b3-4171-ad33-686d6e74fd2b",
              "sourceStep": "/api/3/workflow_steps/24d15f58-631d-45ff-8d86-eea0f89e2c23"
            },
            {
              "@type": "WorkflowRoute",
              "uuid": "8edfe6a2-b7d0-46d9-bf91-92a4c9811098",
              "name": "Check CIDR -> Is IP Private",
              "label": null,
              "isExecuted": false,
              "targetStep": "/api/3/workflow_steps/fca9b004-b103-40a1-a925-b7514f25fc57",
              "sourceStep": "/api/3/workflow_steps/8ac40443-4f65-4ebc-b61b-de4412c15071"
            },
            {
              "@type": "WorkflowRoute",
              "uuid": "f0875cc4-7284-4a65-946a-198b39a207f3",
              "name": "Is IP Private -> Configuration",
              "label": "Public IP",
              "isExecuted": false,
              "targetStep": "/api/3/workflow_steps/ff2bc745-a8a6-42a0-b6fa-5cbe4277c8bf",
              "sourceStep": "/api/3/workflow_steps/fca9b004-b103-40a1-a925-b7514f25fc57"
            },
            {
              "@type": "WorkflowRoute",
              "uuid": "0a95f8fd-f0e4-4f76-9ef6-12a4e5ddcf20",
              "name": "Configuration -> Get Reputation from VT",
              "label": null,
              "isExecuted": false,
              "targetStep": "/api/3/workflow_steps/6fe6d8a1-f9ca-4ff3-8bc2-0b178c8d7722",
              "sourceStep": "/api/3/workflow_steps/ff2bc745-a8a6-42a0-b6fa-5cbe4277c8bf"
            },
            {
              "@type": "WorkflowRoute",
              "uuid": "74414d3e-a2c2-444f-a1dc-b520e94ebc1b",
              "name": "Configuration -> Get Reputation from AlienVault OTX",
              "label": null,
              "isExecuted": false,
              "targetStep": "/api/3/workflow_steps/c8b8ff51-6844-4a47-80b0-0016de677cbe",
              "sourceStep": "/api/3/workflow_steps/ff2bc745-a8a6-42a0-b6fa-5cbe4277c8bf"
            },
            {
              "@type": "WorkflowRoute",
              "uuid": "9c748c75-9143-42a7-84bb-e930424441b6",
              "name": "Configuration -> Get Reputation from Anomali",
              "label": null,
              "isExecuted": false,
              "targetStep": "/api/3/workflow_steps/0a91b9a0-7102-43d9-a9fb-cecc8d42129b",
              "sourceStep": "/api/3/workflow_steps/ff2bc745-a8a6-42a0-b6fa-5cbe4277c8bf"
            },
            {
              "@type": "WorkflowRoute",
              "uuid": "aab99f53-384e-46f9-8fdd-122db45b7b0e",
              "name": "Configuration -> Geo Locate IP",
              "label": null,
              "isExecuted": false,
              "targetStep": "/api/3/workflow_steps/e4260b73-7c2a-49f2-af40-fab9c936dc2f",
              "sourceStep": "/api/3/workflow_steps/ff2bc745-a8a6-42a0-b6fa-5cbe4277c8bf"
            },
            {
              "@type": "WorkflowRoute",
              "uuid": "30a22b3b-6308-4e04-814a-135fca8c1a3e",
              "name": "Configuration -> Whois IP",
              "label": null,
              "isExecuted": false,
              "targetStep": "/api/3/workflow_steps/5e1ced23-4352-4e9a-9ce6-1897adb1e1da",
              "sourceStep": "/api/3/workflow_steps/ff2bc745-a8a6-42a0-b6fa-5cbe4277c8bf"
            },
            {
              "@type": "WorkflowRoute",
              "uuid": "ad5b4db6-7d6e-43b7-9d96-b00ff9aeb2c5",
              "name": "Configuration -> Get Reputation from MxToolbox",
              "label": null,
              "isExecuted": false,
              "targetStep": "/api/3/workflow_steps/827e9c0c-56e3-437d-b608-362ae12fb7a6",
              "sourceStep": "/api/3/workflow_steps/ff2bc745-a8a6-42a0-b6fa-5cbe4277c8bf"
            },
            {
              "@type": "WorkflowRoute",
              "uuid": "6214a9fb-caae-4b5b-962c-828b34967eca",
              "name": "Is Malicious -> Set Suspicious",
              "label": "Suspicious",
              "isExecuted": false,
              "targetStep": "/api/3/workflow_steps/31b17ead-56bd-4777-9e9f-5d15924fcfab",
              "sourceStep": "/api/3/workflow_steps/56a1b0b3-ae11-443a-a832-46dd691888d3"
            },
            {
              "@type": "WorkflowRoute",
              "uuid": "c05971a1-17b8-4a60-ab53-1a343a7d73c9",
              "name": "Set Suspicious -> Enrichment Summary",
              "label": null,
              "isExecuted": false,
              "targetStep": "/api/3/workflow_steps/92be72ca-31b3-4171-ad33-686d6e74fd2b",
              "sourceStep": "/api/3/workflow_steps/31b17ead-56bd-4777-9e9f-5d15924fcfab"
            },
            {
              "@type": "WorkflowRoute",
              "uuid": "1644c4f6-24b4-482d-b5e8-57c0fe814d12",
              "name": "Start -> Match IP in Internal Subnets",
              "label": null,
              "isExecuted": false,
              "targetStep": "/api/3/workflow_steps/8ac40443-4f65-4ebc-b61b-de4412c15071",
              "sourceStep": "/api/3/workflow_steps/815f8d7f-b216-4c8d-a7de-b0e615bf6ae1"
            },
            {
              "@type": "WorkflowRoute",
              "uuid": "441ec6f0-6a68-46d7-8112-98276b666ac6",
              "name": "Enrichment Summary -> Is Upon Create",
              "label": null,
              "isExecuted": false,
              "targetStep": "/api/3/workflow_steps/30e3af9f-b184-4b26-be79-ae0672e23319",
              "sourceStep": "/api/3/workflow_steps/92be72ca-31b3-4171-ad33-686d6e74fd2b"
            },
            {
              "@type": "WorkflowRoute",
              "uuid": "a23293b0-613c-4e47-b3cc-9d8e1545c743",
              "name": "Is Upon Create -> Summary",
              "label": "Referenced",
              "isExecuted": false,
              "targetStep": "/api/3/workflow_steps/acb33590-0f41-493c-942e-a3868d4f737c",
              "sourceStep": "/api/3/workflow_steps/30e3af9f-b184-4b26-be79-ae0672e23319"
            },
            {
              "@type": "WorkflowRoute",
              "uuid": "b0790d15-65ce-4464-b5c5-918b3c5e8279",
              "name": "Is Upon Create -> Update Record",
              "label": "Upon Create",
              "isExecuted": false,
              "targetStep": "/api/3/workflow_steps/2fd42208-e61e-4062-a5fa-43182a9c536f",
              "sourceStep": "/api/3/workflow_steps/30e3af9f-b184-4b26-be79-ae0672e23319"
            },
            {
              "@type": "WorkflowRoute",
              "uuid": "53e524b2-2934-45de-92d0-d065fb1841c5",
              "name": "Is IP Private -> Compute Private IP Summary",
              "label": "Private IP",
              "isExecuted": false,
              "targetStep": "/api/3/workflow_steps/b3f939ad-5efa-44ed-a90b-a1f5d102b270",
              "sourceStep": "/api/3/workflow_steps/fca9b004-b103-40a1-a925-b7514f25fc57"
            },
            {
              "@type": "WorkflowRoute",
              "uuid": "20081cb0-724d-41cc-9efa-5313a0053f0f",
              "name": "Compute Private IP Summary -> Copy  of Set No Reputation",
              "label": null,
              "isExecuted": false,
              "targetStep": "/api/3/workflow_steps/fc97647b-2ad7-479e-98d3-fa09e687b81c",
              "sourceStep": "/api/3/workflow_steps/b3f939ad-5efa-44ed-a90b-a1f5d102b270"
            },
            {
              "@type": "WorkflowRoute",
              "uuid": "11df6095-b611-4041-886f-5030dbf0a21c",
              "name": "Set No Reputation for Private IP -> Enrichment Summary",
              "label": null,
              "isExecuted": false,
              "targetStep": "/api/3/workflow_steps/92be72ca-31b3-4171-ad33-686d6e74fd2b",
              "sourceStep": "/api/3/workflow_steps/fc97647b-2ad7-479e-98d3-fa09e687b81c"
            }
          ],
          "lastModifyDate": 1581941286,
          "uuid": "a70fb933-1383-4514-83e2-de46192cbc5e",
          "recordTags": [
            "/api/3/tags/Subroutine"
          ],
          "isPrivate": false,
          "owners": []
        }
      ],
      "uuid": "05974cc4-129b-4412-a2ab-3a67efc6f402"
    }
  ],
  "macros": [
    {
      "name": "Current_Date",
      "value": "{{arrow.utcnow().timestamp}}",
      "default_value": null
    },
    {
      "name": "Current_User",
      "value": "{{vars.currentUser}}",
      "default_value": null
    },
    {
      "name": "Current_Data",
      "value": "{{vars.input.records[0]}}",
      "default_value": null
    }
  ],
  "exported_tags": [
    "FSM",
    "Subroutine"
  ]
}